# Resource object code (Python 3)
# Created by: object code
# Created by: The Resource Compiler for Qt version 6.7.2
# WARNING! All changes made in this file will be lost!

from PySide6 import QtCore

qt_resource_data = b"\
\x00\x00\x0d\xea\
\x00\
\x00M\x13x\xda\xed\x1c]l\x1cGyB\xdd\xfc5\
-i)\x10\xaa\x8aN\xaf\x047m\xee\xd6\x8eC\x88\
\xce\xe7+\xf6\xd9n\xdc:\xb1\x13;\x8d\xf2@an\
w\xeen\x94\xfd\xf3\xec\x9c\xcf\xd7\xaa}@H\xf0P\
\x89\x07(\xe2\x01\x90\xfa\x06\xb4\xa8\x0f\xe5\xa1B@%\
\xca\x03B\x82\x07T\x10\x12B*\xa8Hq\x01\x01\x02\
\x89\xb7\x8ao\xbe\x9d\xdd\xbb\xb3\xcfg'u\xd2\xc49\
\x9f|\xbb;\xf3\xcd\xf7}\xf3\xfd\xce\xdf^\xe1u\xe7\
\xd0\xaf\xfe\xf9\xed\x17\x7f\xfd\xe0\xfdo|\xf1\xa5\x9f\xfe\
i\x82\x90]\x07\x09\xb9}\x94\x90\xc7\x0f\x92\xdb_\x18\
 d\xfc\xf9\xf8\xfa\xc4\xdb\xe4\xe3\xaf\xfc\x8c\x90'\x1f\
 3\xf7\xfe\x88\x90S{\xc9\xeb\xd39\xa2\xff\xdey\
\xf7\x0f\x00?\xba\xeb\x81\xdf\x15\x09\xf9\xdc\xe7\x07\x86\x1f\
\xf8.!SK\x03\x8f}\xd3'd\xe2?\x03\x97.\
\xff\x19\xda-\x0d|k\xe6'\x84L\x7fg\xe0\xe5\xaf\
\xed\x22\xe4\xb1\xb7\x06\xde\x98\xf82!\xc5{v\xbf\x5c\
\xf9/\xe0\xfb\xc2\xeeW\xdf~\x0d\xe8|r\xf7_g\
\x9f&\xa4\xf4\xbd\xdd\x7fg\xef\x01\xdc\xa7\xf7|\xe3\xc2\
\xa7\xe0\xea\xee\xf9!\xbf\x1b\xf0\xdf\xbe\xe75\xfe<\xd0\
\xfb\xfe\xde?~\xe6\x1dh\xef\x9b\xeb\xea\xbe\xcf~\xbd\
\x09x~\xbb\xcf\xadC}\xf1\x95\xf8\xfa\xc4\x8b\xfb~\
\xec\xbc\x09\xd7\x8b\xfb\x7f~\xf0+\x84\xcc\xbc\xb4\xff\xad\
F\x09\xf8\x1890\xfe\x0e\xf09~\xf2\xc0s\xff>\
\x03\xd7W\x0f|\xe9\x7f\xc0o\xe9_w\xfe\xe2\x97\x05\
\xa8\xff\xfd]/\xfcFB?\xfe!\x80\xf9\xbf\xdcF\
\xc8\x91S\xa4@\x1e$\x93d\x8e\x94\xc8\x22\xb9H\xe6\
\xc9\x14\xa1\xe4\x14\xdc\x9f&\xb3p7O\xce\x93\x09\xb8\
\x9b\x81zJ2$K,\xf8\x5c #\xf0\xac\xef&\
\x01r\xb2\xa3\xc5q\x92#CX7E\xce@\x0b\xdd\
\xaaF\x14|B\x92\xc7\xf2\x06~r\xf0?\x02\xdf\x01\
\x91\xa4\x0a\xa5\x8b\xe4\x1c|\x9f\x83V%\xa0\xa2[x\
\xc4\x05l\x1aW\x04O\x92\x08b\xc35G\x1c\xf8v\
\x00k\x91\xec\x07\xee\x13\xc8\x22\xdes\xc2\xa0N\xdf{\
p\xaf\xe0\x89\x12\x1f\xbe\xf5\xd3\x18\xb4Y2xt+\
NV\xe0[sh\x03\x17>\x96\xe8o\x0d7\x8c\xe5\
\x16b\xd2\xd4\x9b@\x81C\x89\xbe\x0b\x0d\xae\x04\x83\x05\
\xed#\xf8\xc4\x1c\x85\xe4(\xc0\xb9@\x85\x92g\xe1\xbf\
\x01\xb4\x04\xc2f\x01&\x04^l\xb8\xcfCM\x08\xbc\
\xe8\xd2\x06\x5c\x19<\x8dB\xd9s\xd8'\xab\x8df\x11\
\x9f\xdb{V\x06n\x1d\xa8\xa5mPc\xc8o\xc5\xf4\
#\x0bw\xba\xcf\x02\xea\x9a@k\x10\xa46\x0e\x14B\
\x84]\x80\xb2\x089\xf2@\xbb3d\xda\xb4\x1aD\x0e\
Z8\x22h\xff\x0c\xf2:\x0c\x9a\x0a\xa1\xac\xb3\xbe\x01\
u\x02t\xa7e\x99GM\x0d\xad\xc3\x90\xf0\x97\x87\x12\
\xadi\x0f\xf8r\x01*\xd1^\x08\xf0\x0c\xa5U\x05\x08\
\xdd\x0b\xdbh\x81\x03t\xa6K\x1f5\x06m1\x02\xa0\
\xb2P\x17\xa0]\x0d\xc1\xf7\x0aR\xef\xac\xd7\xb2R\x08\
\xe5\xf5\x80\xd2\xd8+\xd8\x8b\x8d d[O[0Y\
\xb0'\x85T\x5c\xa0`\x93Kp\xaf\xe1\x1d\xd3\x87\xbc\
\x91Hb)\xebkcLZ\x1a\xe7\xa1\x8c\xa3-j\
y\xd8\xa4\x0e\xdf,\xb5{\x8e\x92\x10\xc0Uh,\xd1\
\x01}\xd5\xa1^\xa0\xf4\x22\x84\x15(ymY\x01\xd4\
I\xd3\x0b\x1b\xaes\xa0umG\xe1U\xca=\xe9i\
\x88Ra\xd0*\xb6\xd9\x1a\xea \xf6\x89<ZT\x88\
\xcf\xa3;XS\xda\x03e\x1a\x1d\xae^\xa6;YB\
q\xa4\xf3{\xc6\xa8\xce\xf8q\xc2\xc4\x0f\xdd~\x1c-\
\xbb\x86\x11#\x8e\x861\xb6\xbe\xbc\xbb\xcb{\x11iD\
\x98\xef\xb4\xccg\xe0^\xfb\xe7\xdf\x00\xb7\xa6D{j\
\xa4EAc\xb7Q\xea\xadh\xa23U\xddP\x96(\
m\x1d\xa7FM\xd6t\x11:O\x1eB\xed\x1d\x872\
\x07z\x14s\x95d\xfdhM\xdegFfe\xcc\xd0\
9\xc4\xa7\xb3\xe8\xf6i\xba\x1f\xad\xfa\xd1\xea\xfaE\xab\
\xa7Pb\x91\xf1\x97~\xbc\xda\x5c\xe2\x87aD\xd9\xf7\
\xef\xbe\x7f\xdf\x1c\xfe]\x02\x1eW\x01\xb7\x9e\xc5E}\
\xff\xde6\x89\xaf\x9d\xa3\x9eF\x5c\x9a\xfa \xcc\xa1\xf5\
s\x80sw;-)\x99y\x8d@\x89Rr\x06\xae\
\x0dS\xe7!t\xd06\xc7\xee5\x9f=\x96\xf6\xbbs\
\x143\x0c\xcf\xc9\x7f\xdc\x97\x19\xb3:\x10\xe1\xbc\x8a!\
\xddi\x9c\xb9sx\x16 'J\x1e^g\x15z\xdd\
\xa1\x86P\x15\xec\xf7Fc\xa1\x8a\x99\xe5\x09C%\x87\
W\x0f 6\x93\xe3\xf6\x8d\xdaN\x90\x93\x00\xc76\x19\
\xb5U:\xfa\xdc\xe2s\xbd?\xb0\x1df\x01Gp\xb6\
\xcdq\x14}sjy}\x9f\xa6\xd7p\xb4\xf3\xb5x\
\xabx\xe9F\x9c\xde\x1a~\xea\x9a\xd52\x1d\xaf9\xc8\
\x8bB>\xd3+\xa5%\xd4r,\x99e\xf4\xe5\x12\xca\
\xc5Kc\xfb\x04\xb9\x08\xdf#\xb8z}%\xb6\x12\xcb\
\xdf^\x83\xdf\xee\xc0\xdeZ\xe5\xee\xe4/\x82\x12\xcd\x9f\
e\xe8\xde8\xf6t\xe5\xfd\xb1\xbb\xf6\xe7\xc6\xb7\xba\xcd\
\xad\xaa\xbf.\xb1\xddc\xc4\x1bO\xcb\xfdY\xd4\xce\x18\
\xd3\xab-i{\x02Z\x95Q\xab\x01\xae3_\x069\
\xd51+x\x18\xf3j0\xdf\xf3L\xf4Kj\x92\xb1\
\xff8\xfal\x040zwT\x97i\xed5\xba\xe6\x8c\
\x9bGb\xd7j\x9c\xd9}\xe77l\x93[k\xfdW\
\xef\x87\x06&&z(\x13\x1fs\x8c\xe6,D\xf8K\
\xf0\x94X\xe8\x0a\xb4L\xf6~o^\xb9o\x96\x97\x8f\
\x98\xf5\xfb\xce<K\x81\xbb\x19\xb2\x886\xb76sW\
q\x9d\xa2\x06\x9c\x96\xdbF\x7f-\xabm\xb7\xd9\xb5\xb2\
\x8d\xe3D\x19\xee<\x84\x8e\xa3\x9ce\xc6\x02\x0e\xee\xa2\
\xe7\xa0T[J?/\xee\x84\xbc\xf8~#i?o\
\xee\xa4\xbc\xb9\xd9j\xe8\xe6\xf60\xdb\x11\xa7\xfak\xa5\
\xb7\xd6\xb8\xaa\x84\x99\x5ca\x86b\xe6\xbc\x91\xc0\x13-\
\xad\xb3)\x1c{\x19\xd3\xd2\xfc\xf9\xc8\xa1\x86\x8f\xe7\x99\
\xf1HC\x97TM6\xf0\xb157Y\xd0\xc3\xfc\xb6\
\x8a\x99(\x07e\xb383\xb7\xd1\x1eb(\x8d\x97\xe2\
:\x88\x96\xa8~\x8aP\xd7\x9d\x194\xe1C\xa4V\xe7\
\x98sZ\xb9~f\xdb\xd1\x99m\xe5\xaa3[\x01\xc7\
H\xf1\xe9\xbb\xe4\x5c\x9e9}\xb8W\x9f\x1a\xddM\xc8\
\xbd?(<89WZ\xbc8?EO-\x9e\x9e\
\xa5\xf3\xe7'fgJ4\x93\xb5\xac\x0b#%\xcb\x9a\
\x5c\x9c\x8c+\x8e\xe7\x86,k\xeaL\x86fjJ\x85\
y\xcbj4\x1a\xb9\xc6H.\x90Uk\xf1\x9cun\
\xaa\x94\xad)\xcf=>dEJ\x0a[\xe5\x1c\xe5d\
\x8a\xfb\x0b\xba\xb0X\xa8q\xe6\x14\x0b\x1eW\x8c\xfa\xcc\
\xe3c\x99%\x80\xa9)\xbe\xa22\xd4\x0e|\xc5}5\
\x96\x19\xceP\xabX\x88T\xd3\xe5T5C\x80\xd2\x00\
\x96\x1dE\x80(<J]A\x9f\xa5\x8d\x9aP<\x1b\
\x85\xcc\xe6y\x1aJ\x9emH\x16\x8e\xd2\xe7\xf6\x17,\
lY,X1\xb1r\xe04)\x16\x8deh\x05h\
d+\xcc\x13n3?\x98\x1b\x0fC\x97/4#\xc5\
\xbd\xf33\xd3P58\x1aCD\xe2\x19\x9e\x1f\x1e\x09\
\x95ynpQ\xad\xa9\xfc\xf1\xa1\xa1\x04@\xe3\xcb\xfb\
\x81\xf4\x98;\xaa\xbb\x17R\xe6\x8a\xaa?\x96\xb1\xa1\x0b\
\x5cfR\x8a\x1e\x93U\xe1gU\x10\xe6\x87\xc2\x95\xd1\
\xe4\xb9\x1c(\x15x\x1dE.\xaf\xa8\x8e\x02\x89D\xb1\
$\xbb\xa4\xb2e7\xb0/e\x85\xef\x00\x85<0\xa2\
\x85\x92>\x02P\xa68\xeeS\xce\xa2&U\x01\xadG\
\x9c\xda\xcc\xb5\xeb.S\x81\xa4\x0d\xe1T\xb9\x02\xde%\
 \xb7\xe7\x16\x0aV\xd8\x83iM-d\x92UA\xa4\
\xb5\xacVA\x9e{\xa1j\x8e^\xd7\xde\x14\xcaR\xdb\
AON\xaf/C`m~\xa7)\x19\xc38\x01\x86\
\x01\xe2\xaf\xabZ \xc1\xfe\x00\xecF\xe2{Q\x8aH\
\x01\xe73\x91do\xbe\xec\xd2,\xed\xec\x09\xb6p\xb8\
\x1dH\xa6D\xe0\xe7i\x1dZKW\xf8|\x14\x9c\xd2\
\x0dd\xfe\xa1\xa1\xa1\xe3\xb6S\x06\x5c\xda\xe9#\xe3\xf5\
\x0cX+s\x95\xf3\xb9\xb2\xb6\xd4\xeb\xbe]]\x95]\
=\xc5e\x04z\xb9\xf1\x0c\xeb\xf0p_\xdf\xd7@\xdf\
%\xc9\x1d\xa1\xa2\x1bO\xdf]\x18Or\xe9i\xee\xbb\
\xc1\xe0\xd1\xc1\xd3\x81\xcfl}S\x0a\xeaRpI\xcf\
\xf0\x06<y\x81\x1f`\xae\xee\xcc\xb0\xc74m\x13b\
\x86m\xfd\x01*30\x10\x88\x80G\x87\xd3r\x93N\
K\xceCq\x89>\x9c\x88\x83\xd1\x9a\xe4\x95\xb1L{\
$\xaa@\x96\x13\xd0,g\x07\x9e\xb5\x96\xcf-\x85\xb7\
\x13'\x1d\xb6&\xbcUb\xca\x883\xd5\x05\xbbNB\
8B+2\xf0\xe8\xb5\xectJk\xda \xba\xee\x9d\
\xfc \x94\xda\x8e\xf4\x03\xd0\xaa+\xc0\x81#\xeeh\xd3\
\x06?\x07f\x969-\x05\x9e\xa7m~\xe2\x22\x1d\xc9\
\x0du\x97\x0a\xf0o\x1bx;\x06\xc7!\xb7\xc1\x17Y\
\xe5\xa6\x05m\xb7EN\x1b\xd2\xb1[t\xb6]t\xeb\
Du\xd3\x8c(\xb6\xad\xcb7C\xa2z\xbfN\xa1\xd6\
w\xfb4S5\xeei\xb7d.\xf8GY2\xd9L\
\xc3\xff\xb8dQ\x8d\xce3\xa9\x82F\xcb1\xae\x09_\
W\x122\xdb\xe6\xbe!\xf2\x86\x83\xe0P\x06`\x88\x9e\
'\xfc\xaa\xc5WB\xa9.YZ\x9e+9=\xf9\xbd\
\xa6\xbc\xafu\xe5#0\xc8OC\x0d\xf6\x83\x9e\x9eY\
\xa4\xb3q\x11}8q\xf5\xaaP\xb5z\x19\x83!J\
:\x16t\xc2<XH\xd9\xf2\x18\xcc\x8f\xa5\x051\xc1\
\xf1xN\xad\xa8[\xc0373\xd9[\xc4S\xd7\x0e\
M\xd7\xc9\xc1\xd8\xd3-1R\xedb\x06\x8b5\x11Q\
\x16\x86\xe0i\x182(<B\x0cX\x16\x0ex\x1d\x8b\
\xb2\xf0\xd8\x00\x07\x03O\xf4\x84\x82\xa2j\x1d\x1c\x02\x84\
\xc2s\x90\xf2\xc3&\x0d$\x8d\xea\xe5\xac\xc9\xad\xbau\
%\x90e\xe1@Gr\xb7\x98\x93\xad\xf4r\xb2\x82\xa5\
\x17\xf1\xf4\x8a\x9e^D\xdcC\x08\xb9c\xbc\x1c\xd4\xd5\
\xa4`nP\xddu\x1b\x14\x1c%\xe3\xe6\xdd\xe4\x00\xdf\
#\x8d\xd2\xd3\xaf%\xf3f\xea\x05\x22\xa0\xa4\xaa\xd7\xfa\
\x93UOr\x10\xd1\xd0\x12s\xed\x0b\xb8B\xd6\x15\xf7\
\xbd=q\xec\xdf\xa4\xf5\xc7\xd6q\xa6w\x00ri\xfb\
\xbd\xd8 \x97\xcb\xed\xe9Dv\xe5\xa4\xd76\xbe\x0fW\
\xa0}R\xc15\xf2z\xfb\xd9\x88\x14\xc5\x9d\xa5\xc0\xaf\
\x88j=\xcey\xdd\xb0\x9cD,a\xba\x8a\xed\xe0\xfe\
B\x84{\x15<}\x1f<\xc2\x93\x81\xf1\x8e\x81\x81M\
i\xdc\x8d\xc6\xae\x02j\xbb\x22,\x07L:\xdd\xe8\x1c\
\x00:\x0a\xcfi<J\xce\xa6mw\x97\x94t\x1f=\
\xdb\xad\xc1#d\x01\x88\x09\x5c(\x8f\xc9?\xd3\xb6\x0d\
S1/n\xeb\x17\x92y\x8a\xee\xc3S\xda\x7f(\xd3\
\x8e\xe6\xd5]\xd6\x0d\xef\x0bd\x161H\x5c\x98\xb7\xcd\
\x22\xbe\x8d\xaf\xc6\xdb\xb8A\xb3\x9c\x0a\xc3'\x83\xe9\x96\
L\x88\x87\x0f\xb4\x80VQ\xe4z\x8bHo\xf5\xe8\x17\
\xad\xea\xb8q\xe0\x1a\x1e=\x5c\x8c\x17\x08\x15\xe3q\x11\
\x0b\xc5W6\xaaH\xa3\x8a%-3\x19:\x13\xd0\xa8\
\x16He\x83\xc1:\xbc\x02\xc3\x12'G\xe7]\xce \
\x9f{AET@\xc45N#\xae\x14\x8c?\xa2\x5c\
w\x8b\x987;:\x1e\xb9\x8c\xd2\xe6\xeb\xec\xf1N\x18\
\x030\x8f\x83\x98\xa2\x0d\x8c\xf2.r\x16;\x14\xef\x99\
\xb5\xf4<p\xb6.\xba\x1a\xe2[\xd8\x80C\xbf\x92c\
I6\xbe&\x1b\x99\x17\xc4[2\x8c_\xb4Od\x19\
\x814\xa8\xd9\xeeh9\xb4\x0b\xf0\x02MP!\xb4\xdb\
\xb1Q\xe7\xe06\xda\xe6\xba\xeb\xae\x99e\xa0(\xd7i\
\xa6\x1b\xbe\x96\xc0\xce.\x04 \xae\x1a\x08\x9d6 (\
\xd2\x86\x0c\xf4m\x8d\xfb\x892P1\xedy\xa2\x1e\xa6\
\xaa[\xe62U\x9dQoW\xa1;f\xcb\xb0\xc3\xae\
\xdb~\x04B\x98\xcd\xab\x96\x07h\xfe%\xf6p\xab\xbd\
m\xf5\xe9\xd8b\x8dKN\x1b\x0c\xf2\x9bO\xb9\x94\x90\
\xaa\x84O\x9b\x10\xcc\x13\xd7Y\xd3\x83\xaeL\xdf\x0fD\
\xe3\xf7f\xe3\xf7\xfa\x93\xfdN\xdc\x07mY\xdcS\xcc\
\xads\x88\xff\xa1\x00\x9b\xee\x86\xe7\xbd\x0d~1\xc3\xea\
\xf8e\x89\x22\xeet\x16\xc9d\x9b\x03\xb6\x02\x83\xbbe\
\xa7^B1\xc5\x8elc;\x1f\x0d\x96c\xeb\xd8\x00\
u\xfbe,Q\x88\x89\xb7\x99g\xac&\xdd\xea]\xe3\
c=r\xd1\x95\xec\xd2\x91\xa7\xdb\xb6\xd1\xacxk\xab\
X\x08\x8b\x93\x18\x0e:lHo\x009:\xe6\x06!\
\xd8\xa1\xaei\x89\x14\x06%\xbe\x134\xbag\xd6\x83-\
\xf7oKb\x93(\xd4x\xebU\x9a\xe8D\xc9\xdb\x9b\
\x0a#2\xa9\xa13\xe9|d\xbc\xae\x82l\xa4`\xb2\
A\x99\xa2@D\xf8\x1b\xd3>d\x0e\xbd\x87h\xf9\xf1\
\x0f\x80\xa0\xad\xa7\xf8\xf6M\xf0\x1a[\x16`\x9c\x1bc\
\x19\xea\x1a\xfa\xb62H\xf8h\x9b\xe4Z\xa87\xa6t\
\x17$|\x1f>\xb1\x87\xca\xb6T\xc6`\x94\xe7\xf6j\
\xf88\x08\xd9G\xa7\x04v\xd2\x86{\x1e\xe7>\x97\xac\
G\xcb\x012G\x9eL\xe1?4\xf7d/9\xcc\xa1\
\xb6\xb4\xdf\xcb\x8e\x03\x0c\x1b8H\x8a\xf6\x13s\x89)\
\xb5\x872=\xc0\xdd\x98\xda# u\x89n$\xd2W\
\x8d[1z\x15\xca\xb4\x94t\x1co\x1b\x94\x9d\xe3Q\
\xddUzS\xd7\x16\x91\x19\x95tG\x9f!\xe7\xba\xf8\
s{z]m\xa1]H\x5c\xc3\xae1\xbf\xca\x9d\x8d\
\xd1\x9e\xe8j\xed\xcc\x1c\xd0\x08\xcc\xe1\x03\x8a/\x043\
\xfcy\x1f\xfd\xbaA\x8b\xd4\xa1\x85\x0e\xd3\xa6\x87\x87\xb9\
\xcf\xcan/\x92\xaa\xe3\x14\x8aN|q\xaaL\xce}\
\xe8\x98\xb2\x8a'H(\x1a\xaf\x16\xa4\x86XmsD\
\x96\x8e\xc6\xf49\x85\xcb\xc6\x11u\x04[5i!9\
\x17\xbc\xd6\x81N\xe0L&\xe2Ku\x9c\x88\xd4 \xec\
\x97\xb9V\xb6\xac\xfb\xa0\xe78\x92h\xcdW\x84\x8c\x14\
\xbd\xc4a\xee\xe2\xbb\xcd\x8d\xbbSL\xb3Ug\x18\x94\
&\xd3'\x07^\x92\xa8\xc1\x8dU\x98\x833)c\xf7\
]\xc0PE%\xf7\x98\xf0\xa38\x9a90\xa3\xf0\xab\
\x1b\x13?\x88\xd1Z\xeb?~\xfb/j\xb9\xa0#\xaa\
BE\xbd\x9aF\xe6 q|\x1c\xa4\xd5tO\xc4\xed\
\xc0wz\xb4\xbd\xa2\x81\xfe\xa1\xf8\xd8\xc1\xa2dM\xbd\
\xdf\x01\xa3p%\x03\xd7\xe5rk#\xac\xde\xcd\xb72\
\xcc\xbbc!\x19(n\x85\xa1c\xd0\xb7\x0a:T\x92\
\x08\x13\x83k\xff\xe1\x9f\xc4\x80\xf7i\xcfH)\xdd\x03\
\x8e\xd7\xc0\xf4\x13\x1fF\xd8wx\xb87\xc1\xaf\xea\x18\
v\xdb\xae\xff\x03\xb1\x03\x9ai\
\x00\x00\xfa\xc2\
i\
cns\x00\x00\xfa\xc2ic09\x00\x00\x8c\x19\x89\
PNG\x0d\x0a\x1a\x0a\x00\x00\x00\x0dIHDR\x00\
\x00\x02\x00\x00\x00\x02\x00\x08\x06\x00\x00\x00\xf4x\xd4\xfa\
\x00\x00\x01\x93iCCPICC Prof\
ile\x00\x00(\x91}\x90\xcbK\x02Q\x14\xc6?\
\xc7\xa4\x08%\xa2\x16-Z\x0cd\xad4\xc4(Z\xa6\
\x06\x22\x18\x88\x19d\xb5h\x9c\xd1Q\xd0q\x98\x19\xa9\
\xa0e\xd0\xa6\x85\xd0\xa2\xc7\xa6\xd7\xa2M\xeb\xda\xbah\
\x1b\x04E\x11D\xab\xfe\x82^\x9b\x90\xe9\x5cgB+\
\xf2\xc0\xe5\xfc\xf8\xee9\xe7\x9e\xfb\x01\xdc\x96\xa0\xaa\xc5\
\x8e\x00PR\x0c-\x19\x0d\xf3\xf3\xe9\x05\xbe\xf3\x19.\
\xf4\xc2\x83\x09\x8c\x0b\xa2\xae\x86\x12\x898(\xbe\xf3\xcf\
\xf8\xb8\x83\x83\xe5\x1b?\x9b\xf5\xf7\xbemx\xa4\xac.\
\x02\x0e\x9exJT5\x83x\x99xh\xc5P\x19o\
\x10\xf7k\xb4\x14\xf1.c\xd9\xe23\xc6\x19\x8bk\x8d\
\x9aT2B|K\xcc\x8byA\x22~#\xf6\x89y\
\xad\x04pl\xbeW*I\xa4s\xd3\x16+\x8c\xf3\x8c\
3-\xbdr\x0b\x97\x8a\x15\xd1\xde\x93\xfd\xd0\x9dU\xe6\
fY=\x9dAD\x11\xc3\x0c\x12\xe0\x91A\x05\x05\x14\
a\xc0OY!EG\x92\xee\xc3Fv\xd5`\xcd\x91\
\xb2\xba\xa6\x15\xe4\xbc\xc1\x87\xc8\xa1,\x1fS\xc4Q\x1f\
\x1f\x0c\x04\xc9w\xe6\xf7o\x1f\x9bZ\xf9\x10\x98|\x07\
\x9c\xd5\xa6\x96\xd9\x01.6\x81\x81\x87\xa6\xe6=\x00z\
\xc8\xab\xf3KU\xd0\x84\x86\xe4\xa4\xc3\xe5r\xc0\xcb)\
\xd9\x9c\x06\xfa\xae\x81\xeeE=7\x16\xb4~\xe4\x0e\x03\
\xae'\xd3|\x1d\x06:\xb7\x81z\xd54?\x8fL\xb3\
~L\xcd\x8f@M\xb1\xbc\xb3g\xe1\xe4\x1eH\xad\x03\
\xf1+`o\x1f\x18\x91\xe9\xcd\xa5\x7f<\xeajxd\
\xfb\xd0\xb6\xc6\xf6\xf1\x0b\xdegx\x03U<\xe5\xf4\x00\
\x00\x008eXIfMM\x00*\x00\x00\x00\x08\x00\
\x01\x87i\x00\x04\x00\x00\x00\x01\x00\x00\x00\x1a\x00\x00\x00\
\x00\x00\x02\xa0\x02\x00\x04\x00\x00\x00\x01\x00\x00\x02\x00\xa0\
\x03\x00\x04\x00\x00\x00\x01\x00\x00\x02\x00\x00\x00\x00\x00(\
0\x97\xbf\x00\x00@\x00IDATx\x01\xec\xbd{\
\x90\x1cW\x9d\xe7{NfUW?\xf4j\xc9\x92\xac\
~H\x86\x110\xab\xbe\xf3\x07S\x96\x91\xef\xcc\x9d\xb0\
\xc0\xc2\x1e\xcd\xc6\xce\xeeN\xa8Y\x18,\xdb\xb0km\
\x0c\xe0\xdd\xb8\x13`l`\xd0,`c\x98}\x04\xe0\
\xbd+\xc7\x80-\xc9\xc3,b\xe7\xee\x10\xb1\xe3\xc1\x98\
\xc1\xec\xdc\xe0\x22l\xf7\x127f[\xc3\xa3\x17\xa4~\
\xc9RK\xea\x96\xd4\x8f\xaa\xae\xca<\xf7\xfb;\xd5\xd9\
\xaanu\xb7\xfa\x91\x95\x95Y\xf5M\x87\xdc\xf5\xc8<\
\xe7w>'+\x7f\xbf\xf3;\xbf\xf3;Z\xf1X\x9a\
\x801\x8ez\xb6\xc7\xdd\x9d\xdf\xe8\xf4=\xfa\x96|\xf9\
\xc9\x1d'\x07\x1e3\xbei\xd1Z\xe3\x8f\x1a\xc7\x9f\x83\
:\xd3t\x8f\xc9M\xf9J+\xa7\xfc\x5c\xbe&\x01\x12\
 \x01\x12X%\x01\xa3|\xdd\xd8\xe4\x98\xfc\xd4\xf7\x8d\
\xd1/:Z\xad3x\xa1\x1d=1\xf8@\xe7\xd3\xe5\
\xa5\xee\xfe\xd2\xcf3}\x99\xab\xbez$\xeb)\xad\xfd\
\xf2\xef\xf8z.\x01=\xf7-\xdf\x95\x08\x18\xad^Q\
\xee\xee\xbf\xebs\xcb\x95~\xe7\x0b\xfd{}_\xbd\x07\
\xca\xfd\x0a4\xfe\x06\xa7i\xddcP\xf8J\xe1C\xa5\
\x1de\xf2\x13\xf8\x07\xe5\xaf\xa8\xfcy'\x91\x00\x09\x90\
@\xc8\x04|<o\x1d\x9diQ\xca\xe01\xeb\xc83\
wJ\xf9S\xe3O\xc3\x10\xb8\xa6\x8c\xda\x8c\x8f\xbe1\
\xf0\xfe\x9d\xaf\x05\xf5Zc\xe0\xd7v{j\xbf.\x06\
\x9f\xf1\xef\x0d\x024\x00n\xb0P\xea\xa8q\xba\xf6\x9c\
I\xf5vwM\x07\x1f\xcf(\xfd\xf7*_\x0d@\xad\
\xbf\xd7\xdd\xda\xb9\xd7L]\xc7\xd7Z\xf9\xe3\xa3\x9e\xdc\
\x89\x1a\xaf\x0d\xfeSF\xbb\x1c\xf9\x07\xe4\xf8\x97\x04H\
\x80\x04B&\x00O\x80\xd2\xc6\x9b}\xe6b\xe4\xe5\xac\
ku\xf1\xf0U\xbai\xbd\xf2F\x06^\xc3\x19\x7f\x8e\
gu'\x8c\x81?\x9f5\x06N\x19\xb7K\x9dq{\
\xcf\xec)\xaa\xa3\xf4\x0a\x04\xbdB\x03@H@\xf1\xef\
\xbe\xab/\xddwp\xc6\xc5\x8f\x9b\xa5-\xdf\xffI(\
\xf9\x09m\xd4!(\xfd\xbbL\x0e\xa3{\xf9W\xc8\xcb\
4\x80\x0bp\x06*?\x1d\x80\xe4_\x12 \x01\x12 \
\x81\xe8\x09\xe0Y\x5c\xc0\xb3Xt\x99\xa7\xd3\x99\x8cn\
lQ\xf2\x0f\xc6\xc0\xab\x18\x98\xfd\x05\xa6hSC\x0f\
\xec|2\x90l\xf7\x8b\x98\x22xuw\x81\x86@\x09\
Z\xc0\xa5\xfe\xfe\xceS\xfc\xed/\x0c\xeeS\x9e\x7f\x10\
\x13\x00{S\x9bw\xdco\x0a\xd3P\xfa\xe3\x81\xd2\x87\
\xbfIq\x84_\x7fw\x09[L\x02$\x90\x14\x02\xd6\
C\xa0\xe0\x99E\xcc\x00\x8c\x01\xa7e\xa3\xf2e\xe06\
5\xf1\xa4\x18\x02x\x82\xff\xc5\xe0\xefw\xbe*\xcd\xa1\
!P\xaf\x06\xc0|\xc5\x7f\xfc\xec\xdd\xc6q\xdf\xad}\
s\x7fj{\xe7>olD\x99\xe9\x9cL\x03\x88o\
\x9fJ_~-<H\x80\x04H I\x04J\xc6\x80\
\xcc\xfd\xbb0\x04\x5c\xa7y\x83*^\x1c8m\x1c\xfd\
m\xed{\xdf\x19z\xf0\x8e\x1fJs\xea\xd9\x10\xa8\xbb\
)\x00\x1b\x142\x13\xcd\xdf\x1e(~\xa3\xeeKm\xeb\
\xb8\xdb\xbb\xfc\x862\xc5\x82\xb8\xf8\xd3\x9c\xcb\x97\x9f\x06\
\x0f\x12 \x01\x12\xa8\x09\x02b\x08x\xdaMg\xdc-\
\xb7\xc3\x10\x18\xfc!<\xbd/\xcd1\x04d\xf5\xc0\xbc\
\x95^5\xd1\xf2%\x1aQ?\x06\x80\x0d\x02Qno\
\xb7\x9en\x7f\xee\x97\xfbL*u\x1f\xe6\xf7\xe7*~\
m\xe7\xf4\xb9|o\x89\x1b\x86_\x91\x00\x09\x90@\x82\
\x09\xf8\xf0\xea\x16tj\x9e!P,\xbe4\xf4\xf0\x9b\
N\xdb\x01\xe2\xed?.\xaa\xeen\x99F\xa8\xf9\xa3.\
\x0c\x80\xaeS\xbd\x0dAd\x7f\xdb\xf1\xb3\x1fv\xb4\xf3\
\xa0\xbb\xad\xf3\xce\xd9\x11?\x15\x7f\xcd\xdf\xe8l \x09\
\x90\x00\x09\x94\x11\x98c\x08x\x17\x07^\xf7\x8d\x7f|\
\xf8\xc1;\xbe\x22\xe7\xd8i\x81 (\xbc\xec\xa2Z{\
Y\xdb\x06\x00F\xfd\xd9Q\xe5\xf4\x1c\xd1\x85\xf6\x13\x83\
\xef4\xca\xfb]\xa7q\xdd\xa3\xb2\x86\x14\xebGs\xe8\
\xcc\x06\xfc\xe3\x88\xbf\xd6\xeej\xb6\x87\x04H\x80\x04\x96\
G@\xf2\xb6L#\xbf@\xa3\xe4rQ\xf9\x89\xafx\
\x9ey\xfe\xfcC\xbbz\xd4\xa9SX^xH\xa9n\
]\xb3\xde\x80\x9a5\x00\xca-\xb8\xf6\x13\xfd\x9f@'\
\x7f\xd6\xd9\xb8U\xf9WG\x0a\x88\xedCO\x1bt.\
\x0f\x12 \x01\x12 \x01\x12\x10%o\x8a\xeem\x1d\x99\
\xe2\xa5\xc1\xd7\x91\xc8\xf5\xcf\x86~\xf1\xf3\xaf\xa8\xa3\xfb\
\x8bw<\xf7\xcb\xc6\xb3\x0f\xbfI\x06\x8c5w\xd4\x9e\
\x01\x80\xf4\x90]\xdf<\x93\x16\x97\xff\x8e\xe7\xcfe]\
G?\xac\x1a\x9a>d\x8a\x88\xed\xf3}\x89\xec\x97Q\
?\x0f\x12 \x01\x12 \x01\x12\x98O \xafS\x0d\x19\
g\xfdf\xe5\x8d\x9e\xff\xa1\xeb\xab\x7f\xd1\xff\xd0\xae^\
;\x8d|hO\x01\xa9\x85\x91r\xa0v\x8e\xda2\x00\
\x8e\xbe\x92\x12\x8bM\xba\xa7\xedD\xff\x87\x90/\xfaa\
gK{\xd6\xbb4$\x8a_\x92\xf6\xd4V{\xa5\xa1\
<H\x80\x04H\x80\x04\xc2$ \xd3\x02yx\x8c\x9b\
\xe01\xfe\x1f\xd0\xf8_\x1b>\xbc\xf3\x19[A\x99\x8e\
\x09\xb3\xc2j\x95U3\x0a\xb1<\xd0\x0f.\xff\xcfb\
\xcd\xe7'\xb0\xa4O\xe6\xfa\xf3P\xfb\x99j\x01f\xbd\
$@\x02$@\x02I#\x00\xd5h\xfc\x02b\x03\xd2\
\xf0\x08(\x7f\xf2\xda\xe7\x86\x0e\xefDvX\xa5\xcau\
M\xd2Z5_\xde\x9a0\x00\x82\xf9\xfe\x1d'\x86\xff\
\x81c\x8a_s7m\xdd\xe7]\xbd83\xd7\x8fD\
><H\x80\x04H\x80\x04H`\xe5\x04$6\xc0w\
7nK#A\xdci_\xa7>p\xfep\xdb\xdf\x07\
:g\xe5\xc5\xc5\xeb\x8a\xc4\x1b\x00A\x80F\xdb\xc9_\
\xbcM\x1b\xf7[\xce\xfa\xdb\xde\xe6_\xbf,\x01\x1b\x8d\
\xf1BMiH\x80\x04H\x80\x04\x12J \xe7\xac\xdf\
\xd2\xe8_\xbf\xf4S\xa3\xbd\xdf\x1d~\xe0\xcd?\x0dt\
OB\xdbc\xc5N\xf4\x128I\xda \xd1\x99m'\
\x87\xa0\xfc\xd3\xdfrZ6\xcd(\x7fM\xe5\x9f\xe4\xbb\
\x92\xb2\x93\x00\x09\x90@\xac\x08h(\xff\xcb9\xd11\
\xa2kD\xe7\x88\xee\x11\x1d\x14+1W(Lb=\
\x00\xd9c&-\xeb\xfb;N\xfc\xf2\x1dH\xd7\xff\x1c\
r=\xff\x03\x7f|,\x8f=\xa23v\x9f\xbe\x15\x82\
\xe0\xe9$@\x02$@\x02$\xb0(\x01\x0du\xe9\xfb\
yg\xdd\xa6\x8c?q\xf5\xef\xb5\xf2\x1e\x1e<\xfc\xa6\
\x1f\x05\xbah\xd1\xebb\xfcE\x22\x0d\x80 \x08\xa3\xed\
\xf9\xfew;\x8d\x8d/\xd9={\xa6\xa7\xa6\xb1D\xa3\
\x81\xca?\xc6w\x1bE#\x01\x12 \x81$\x13\x10#\
\xc0\x98i\xdd\xd0\x84\xe5\xe4\xd8m(\x97\xbbo\xf8\xa1\
\x9d\xdfI\xaa\x11\x908\x03 \x00\xbd\xe3D\xff}n\
\xba\xe1\xdb\xa6\x88U\x7f\xc6\xc7\xff\xb0\xd5#:\x84\x07\
\x09\x90\x00\x09\x90\x00\x09T\x8e\x80\xa8MSD>\xb9\
\x14\xf6\x14P~>o\x8d\x80\xf2\x8d\xe6*Ww\xb8\
%'\xca\x00\x08\x00\xdb\x91\x7f\xa6\xe1%\xe3A\xef\xfb\
F\xa24\x19\xe9\x1f\xee}\xc1\xd2H\x80\x04H\x80\x04\
\x96$\x80\xec\x81Z\xbb:\x0dg\xc0\xf4\xc4>\x99\x0e\
HZ``b\x82\x00\x05\xacl\xd5(s\xfe\xe2\xf6\
\xb7#\x7f*\xff%oO~I\x02$@\x02$P\
)\x02\x18x\x96\xbc\xcf\xf0=\xbb\xcf\xcd\x06\x06\xbe\x98\
\x9c\xc0\xc0D\x18\x002\xe7\x1fD\xfb\x0bh\x9b\xd0\xcf\
\x82\xe7\xc8\xbfR\xb76\xcb%\x01\x12 \x01\x12\xb8\x15\
\x01\x9d2\x88?\x93 tm|\xac\x0e\xf8\xc5\xdb\xfa\
\xb0\x8b\xa0\xe8\xac[]\x19\x87\xef\xe3?\x05\xf0\x8aI\
\xa9\xfd\xba\xb8\xe3\xc4\xd9\x7f\xe0(\xfd_\xedR\xbf\x89\
\xabH\xed\x8b\x80?\xce\xf9\xc7\xe1\x1e\xa2\x0c$@\x02\
$P\xbf\x04\xe6\xac\x0e\x18\xfb\xa9\xaf\xd2\xffD\x92\x05\
\xa9\x04\xa4\x0d\x8e\xb7\x07\xe0\xa8qD\xf9\xcb\x9d\xe5`\
\xe4\x8fD\x0co\xc3\xf2\x8b\x9c\x8d\xf6\xa7\xf2\xaf\xdf\x1f\
\x1c[N\x02$@\x02q!`\x10|\x8e\xe5\xe7\xa2\
\x9b$\x11\x9dd\xa3\xb5\xa2\xc9\xbe4\xd8\x9c..b\
.$G\xbc\x0d\x80OC\xcb\xc3\x08h;1\xf0\xd7\
N\xf3\xfaw\xf8\xd7\xaf`K?$\xf9\x11\xe0<H\
\x80\x04H\x80\x04H \x0e\x04\xacN*%\x0b\x92T\
\xf4\xed\xc7\xfb?'be\x9f\xed\xc1\xea\xb4\xf8\x1e\xb1\
5\x00$\xe8O\xb6^l\xfb\x95\xfeO\xa56\xef\xb8\
\xdf\x9f\xb8\x06\xe5/\x9b\xfaP\xf9\xc7\xf7v\xa2d$\
@\x02$P\xaf\x04\xacnj\xf4\xae\x8e\x14t\xf3\xba\
'\xdaO\xf6?\xd1s\xe4\xce\x82\xd5e1E\x12K\
\xf7D\xb0\xd6\xbf\xfd\x85\xc1}\xc8\xbc\xf4C\xb0\xf3\xb1\
\xa3\x9f\x86\xee\x8f\xa5\xbc1\xed[\x8aE\x02$@\x02\
$\x10=\x01h*lF/\x83U\xad\xef\x1ez\x7f\
\xc7\xe9@\xa7E/\xca\xd25\xc6\xcf\x03p\xea\x94+\
)~\xdb\xbev\xf6\xd7\x8d\xef\xff\xa9nl\x11\x88>\
\x95\xff\xd2\x1d\xc9oI\x80\x04H\x80\x04bA\x00\x83\
U\xbf\x88\xad\x84\xf1\xc7\xffS\xd1e\xa2\xd3\x14t[\
,\xa4+\x13\x22v\x06\xc0\xee7\xden\xe7L\x9c\x94\
\xf3\x81\xd4\x96\xb6.\x93\x9b\xc8A\xf9\xc7z\x1e\xa5\x8c\
'_\x92\x00\x09\x90\x00\x09\xd4=\x01,\x0f\xccM\xe6\
D\x87\x89.\x13\x1c\x81n\x8b\x13\x9aX\xb9\xd4\x83=\
\x96\xdb\x8e\x9f\xfd\xb0\xd3\xb4\xfe\xcbP\xfe3\xf3\xfeq\
BFYH\x80\x04H\x80\x04H`Y\x04\xf2\xf0b\
g\xfc\xa9\xeb\x1f\x19~\xf0\x8e\xaf\x04:nYWF\
pR|<\x00p\x8fH\x02\x85\x1d\xcf\x9f\xcb:\x8e\
\xf3\x10\xe6\xfe\xa5\xf9\x1c\xf9Gp\x13\xb0\x0a\x12 \x01\
\x12 \x81\x8a\x10H\x89.\x13\x9d&\xbaMt\x5c\x9c\
\xa6\x02bc\x00dG\xdfleq]\xe7!gK\
{\xd6\xe4\xa7d\xf4\x1f\xbb9\x93\x8a\xdc\x22,\x94\x04\
H\x80\x04H\xa0\x16\x09\xb8\xa2\xcbD\xa7\xb9\x8e~\xd8\
6p\xeb\xa1\xd8x\xdeca\x00\x94\x22$\xef,t\
\x9c\x18xT54}\xd8\xbb4\x94G\xbc?\x96\xfc\
\xf1 \x01\x12 \x01\x12 \x81\x04\x13\x80.\xf3.\x0d\
NC\xb7}\xa8\xed\xc4\xb9\x8fIr\xbb\xec\xb1\xd7\xd3\
qhQ,\x5c\xec=\x8f(/\xabL\xfa\x0d3\xf8\
\x8f\xb4cm\x92X\xc8\x15\x87\x0e\xa2\x0c$@\x02$\
@\x02I'\xa0\xb5nlV\xcetn\x8b\xb4$\xd7\
\x9a\x8d\x85\x17\xa0\xea\x8a\xd6n\xf1\xabu\xfe\x8d\x13\xe7\
\x1eu\xb7\xb4\xbf\xcb\xbb<\x5c\xdb\x81\x7fX \xa2\x8d\
*2\x9dQ\xd2\x7f\xd0\x94\x9f\x04H ,\x02\xa2\x0d\
\x9147U\xc3\xcb\xbd\xd3\xfe\xb5\xcbE\xdd\xb4\xfec\
m'\xfa\xfb{\xbb\xf53\xc1\xf6\xf6a1\x5cM9\
\xd5\xb5B$\xd7\xffQ\xed\xcf$\xfc\xf9\x92N5\xec\
5\xc5i\x89\xfe\x8b\xc5\xd4\xc4j\x80\xce^c$y\
\x91\xf1\x90\xc4\xc0~do\xf0R\x1a\xc3\x06g\xfdf\
|6\xf3\xc9\xec\x05|A\x02$@\x02\xf5H\xa0\xf4\
,D\xaawi\xfc4\xdea\x8c\x14\x1cxe\xb4\x8b\
\xc7e\xf2u\x82R\x9enhr\xd5\xf4\xd4\xeb\xc6\xf3\
>2\xf4\xf0\x9bNK\xaa{\xd1\x81Ak\xa3\xfe[\
U\x0f\xc0\xee\xbb\xfa\xd2}J\xe5\xb5\xe7\xdd\xefn\xdf\
\xb9\xb7x\xa1\x1fs\xff:\xb9s\xffV\xe9+(}\
\xe5\xeb\x86LF7\xafwfV3\xe0#\xa3\x1c7\
\xad\xbc\xb1\x11\x0f7\xfaSH\x15Up\x8c\xefT\xad\
\xe7\xa3\xbe\xd3X\x1f\x09\x90\x00\x09\xcc# Z\xdd\xd7\
\x8e\x0f\xc7(\xe6\xc4\xf5\xe3\xc8\xa3\xdf`\xbc\x02\xf4\xbd\
\x18\x0580%l&\xaf+S\xc8\x8bg\x18o\x10\
\x18\x9e\x5cc\xc0\xc5\xd6\xc1\xb9\xd4\xb6\xce;\xbd\x0b\xfd\
\xf7\xa3=\xa7\x03\x1d(M\xad\xc61C\xb9\x0aU\x07\
\xa3\xff\xe3g\xefV\xda\xfd\xb7\xdaM\xdd\x8d\x8eO\xea\
\xe8_v,\xf4t\x1aJ\x1f\x99\x0b\xe5\x9f72\xf0\
\x1a>\xfb\x06n\xd6\x8d\xc67\xb8\xc7\xb5\xa7\x8d^\xe7\
k\xff\xbb\xc3\x0f\xecz\xb9\x0a\xc4Y%\x09\x90\x00\x09\
\xc4\x96@\xdb\xc9s\x07\x1c\xe3\xdc\x8b9\xd2q<3\
]<3E\xe1_\x85\xc0\xefq\xb7v\xeeE^\x18\
e\xff\x95\x8c\x01Y!V\xd5\x01\xec*A\xfa\xdaM\
;\xc6+\xfeP\x19\xef\x0f\x87\x1e\xbc\xe3\x87\xd5\xf4\x02\
T\x0d``\xf9`$|_z[\xc7\xdd\x09\x1d\xfd\
\x17p\x138N\xcb\xc6\x94\xd3\xbc!U\x84\xd27\xf9\
\xfc\x9f\xab\xebW:a\xb8\xfe\xf9\xc0\xfbw\x8a\x11p\
\xd3\xd1u\xaa\xb7\xa1wt\xcado\xfa\x86\x1f\x90\x00\
\x09\x90@}\x11\xe8As\xbbZ\x9bto\xb7\x1d\x18\
\xdd48\xea|\xa1\xffo1\xa0z/&U\x07\xe0\
\x03xo\x0a\xc6\x80?yMa\xfb]\xebm\xc5\xe5\
\xb1\x88\xa8_f\xafa\xb7\xe0\xe9|j\xfb\xce\xbb\x0b\
\x17\xfa\xef\xc35?\x0ct\xe12\xaf\x0f\xf5\xb4\xeax\
\x00\x82\xd1\xbf\xdd\xec\xc7\xfc\xbb\xe4\x8d\xfe5n<c\
\x9c\x0d[Rf:\xaf\xcc\xd4\xf8\x93\x88\xf1\x94\x00\x96\
\xbf\x18|\xb0\xf3\xd5\xa0\x87l\x90\xc7\xaf\xed\xf6\xb2?\
\xeb\xd1r\x93g\xf1_O\xeb7}\xd5\xdd-7.\
\x0f\x12 \x01\x12 \x81\x80\x00\x92\xc1eG\x0f9=\
\xaa\x07OJ\xa5z\xde\x9a5\xbb\xff\xae\xcf\xed{\x14\
\xc9sf\x8e\x8e\xe3\x03w\xc1\xab\xfa{\xc6\x18\x04\xd4\
\xad{\x02S\xadJ\x82\xeb0}\x00]f\x92\x927\
\xa6\xe4\x05(\x16N\xeb\x94\xfeW\x83\xbf\x0f\x9dQ\xa5\
X\x80\xaax\x00\xba\xf6\x9cI\xf5\x22\xd8Cy\xfe\xc1\
\xd4\xf6\xced\x8d\xfe\x0db\x162\x8d\x19\x18-\xca\x5c\
\xbb\xf2\x05\xdf\xa8K\xc3\x0f\xee\xfcbp\x83Z\xa5\x9f\
\xb9\xea\xabG\xb2^\x1fV7\xc8\xe7\xa2\xfc\xe5\x08\xfe\
\x96\xde\xf1\xff$@\x02$@\x02\xb3\x0400\xc23\
\xd2\x0e\x8e\x82g%b\xc4\x8a2\xd6R\xcf\xf6\xb8\xbb\
\xf3\x1b\x9d\xbe\xd2\x00\xcb\x0e\xb2\xda\x8e\x0f\x8c9\xb9\x89\
\xdb\x906\xfecp\xa9+\x9b<.\x19\xf9c\xe0\x05\
(\xe4\x11\x0b\xb0\xcf\x1b\x19\xfc=\xb4\xff\xd5Y\x9d8\
\x0b#\x9a\x17U0\x00\x0c\x5c=zZ\x1d}%\x85\
e\x1f{\x11\x14\x87\x96\xea\x04\xb8p\xec\xa8\xbf\xe8n\
m\xcf\xf8\x97\x87z\xbci\xf5\xdc\xf0\xe1\x9d\xcf\xd8n\
B[\xba\xf6lsz\xcf\xec)\xf6=ZR\xfa\xea\
H4\x1d\xc8ZH\x80\x04H\xa0\xa6\x09\xc8n\xb0\x88\
\x15\x841\xa0d\xa4l\x95\xe5\x99\x8b\xfe\xf0\x83\x9dv\
\xe0%\xcb\xea\xb0\xf9\xee\xc3x6gm\x129\x05o\
l\xdc\xbd\x01Z\xb9\xfe\xc45\xd86F\xe2\xc7T\xaf\
\xdaS\x15\xafp\xe4S\x00\x92\x01\xa9\xe7\xc8\x9d\x85\xf6\
\xe3\xfdO\xb8[v|\xce\xbbr~\x1a\xedo\x10\x08\
\xf1<\xc4\xb3\xe4\x17t\xa69-\x11\xa9*?\xf1\x15\
\xcf3\xcf\x9f\x7fhWO\xd7)\xd3\xd08\xdac\xa4\
=\xf1\x94\x9dR\x91\x00\x09\x90@m\x12\x10]\x22\x09\
ud@)y\xf6]W?\xa42-\x1f\x96\x95W\
fz\x12K\x09\x9c44l|\x1b\xaf5\xb6\x0cn\
N\xa9\xdc\xe4c\x83\x87;\xbf\xa0^1)\xc9\x12\x18\
\xa5\xc0\x91{\x00zZ\xb3v\xe5\x1b\x22=7\xc2e\
#m\x8d\xf9\xfaN\x93w6m\xcd\xf8\xd7.\xfd\x0f\
\xdcK_\x0bF\xfd\xb2\xabS\xef\xc1\x99\xd1~\x94=\
\xc6\xbaH\x80\x04H\x80\x04T0\xf0*\xed\xb0\xb7K\
f\x0dz\xe0\x0d\xf8\x09\x96\x10~\xd0Y\xb7\xf9\xed\xfe\
\xf8h\x0e\xde\xe5F\x8c\xe0\xe2I\x0bK\x1d\x90\x17@\
\xf9\xf9\x89\x8d\x22`\xd7\xc8\x19\x07S\xe3\x91\x1e\xd1z\
\x00f,\x9c\x8e\x13\xe7>\xae\x1a\xd7=e\xf2\x932\
\xbf\x13\xb9\x11\xb2|\xc2\xa6\xe04oL#\xe2\xf4G\
\xaeo>\xd8\xff\xd0\xae^;\xc7\x7f\xfb\x8f\x8b\x0c\xe4\
[>E\x9eI\x02$@\x02\x15%\x80\x00\xc2\xddo\
\xbc=%\x01\x83m_\x1f\xfeU]\xf4\xfe\xab\xb3\xbe\
\xf5W\x91s%\xbe\x99e\x91\xfc\x00\xff\x89\x0e\xf6\x90\
\xeb\xe8\xb7\x87\x1fh\x7f\xd9\xee\x14\x18a\x90x\xa4\xca\
7\xfb3e\xa3\xe1\x118\xd7\xe8f\x9a\xb1\xa6s\x1c\
\xa6Y\xb46\xc8\xf2oB(\xff\xf5[\xd2\x08\xf4\xfb\
\xce\xd0\x83;e\xb9\x86\xba\xe3\xb9_6\xf6=\xfc&\
X\x95<H\x80\x04H\x80\x04bC\x00J\x131\x02\
^\xc7\xa9\x81\xa6\xc1\xee\xb6\x9f\xec8q\xf6\x9f\xaa\xeb\
\xa3\xcfay\xf6;0\x80\x93)\xda\xf8\xc5\x99\x95\x94\
\xff\xb4\xbbi{Cq\xec\xe2;!\xe3\xcb\xa5U\x10\
\xa5@\xc8(\xd8F\xea~\xefi\xc5JN9\xb4\x93\
Q\x88\xda\xc4\x8b\x18j\x7f+R^F\xfe\xa2\xfc\x07\
g\x94\xbf\xcc\xcf\x9c\xa5\xf2\xb7\xdd\xc7\xff\x91\x00\x09\x90\
@\x1c\x09\x0cvwNI\x9e\x95\xf3\x87\xef\xf8\xfb\xa1\
\xc3\x9d\xfb\xcc\xd4\xb5\xef\xc0\x08\x10\xe5\x0fO@\x0c\xd5\
\x0d\xa6\xc0MQ\x12\xe0\x1a\xab\x1bgudDp\xa3\
#2\xdf\xfd\x9f\x9b\x90\xa8\xc7x\xad\xdb\xb4KIM\
\x0e\xb9\xfa\x1b\xfd\xeb\xa3?\x92\x1b\xc8\xf6\x03\xdcKt\
\xf9GtG\xb2\x1a\x12 \x01\x12X+\x81\x19}#\
\xc5\xb4\x9f\x188\x8d\xe9\x80w`: \x07M\xdb\x18\
\xc3\xc0@\x0f\xd9c]\x95\x1b\x7f|\xf0\xf0\xae\xcfG\
\x19\x0c\x18\x99\x07@\xdc\xff\xd2\x19\xe2\xfeG\xe4#^\
\x95,\x1e\xf9,6\x07\xa2\xfd\x9du\xad\xa2\xfc\x7f\xe2\
+\xefa+\x97\xdcH\x11\xce\xc9\xc4\x86\x05\x05!\x01\
\x12 \x81\xa4\x12\x90hzyv\xe3\x90g\xb9<\xd3\
\xe5\xd9.+\xba\xe2\xd7$\xa4\x8a\x87N\x14\xdd(\xb2\
\x05\xba2\x0a9#3\x00f]\x1b\xf1u\xff\xcbN\
Mi\x7f|\xec\xc7&\xe5\xfe\x13q!\x89+)\xea\
e\x19Qt:\xeb \x01\x12 \x81\x9a'\x00# \
\x98\x0e\x90g\xba<\xdbu\x03\x96s\xcf$\x1b\x8aO\
\xfb\xe1z\x96)q\xd1\x8d8fue\x04\x02Fc\
\x00`\xbd\xa6\xea\xd6^\xc7\xc9\x81\xc7\x9c\xc6\xe6\x8fc\
y\x86\xb8\xff#\x0d@\xbc%K\x03+,\xd5 a\
\x99_\x1d~_\xdbO$\x98\xa4\xb7\xbbKr\x14\xf0\
 \x01\x12 \x01\x12H \x01y\x86\xcb\xb3\x5c\x9e\xe9\
\xf2l\xb7\xb9\x5c$\xbb`\xbc\x8e\x94\xe8D\xd1\x8d\xa2\
#EW*\xd1\x99\x11\x1c\xd1\x18\x00\xc8\xe9,m1\
\xbe\xb7A\xd6=\xc6\xd0\xfd?\xedn\xbe]\x96\xfb}\
N\xd6\xf9\x8b\xd5(\xc1$\x11\xf0g\x15$@\x02$\
@\x02\x15$ \xcfrY\xbems\xb8\xe4'\xbf\xe2\
\xde\xd6\x9e\xc1Hov\x7f\x81\x0aV\xbd\x82\xa21\x00\
\x85nDf\xc0\xf5+\xb8h\xcd\xa7Fb\x00\xc8\x86\
\x0eVR\xed\x5cY\xb3\xc4\xe1\x17\xe0aS\x89\x06o\
\xf4\x8d\xef\x0d\x1d\xde\xf9I)\xbe\xf7\xd0\x9e\x18\xce\x13\
\x85\xdfp\x96H\x02$@\x02\xf5@\xa0Or\xb7\xe0\
\xf0<\xffyI\xe5\xae3M\xe2n\xafJ\xfa\xdd\xc5\
y\xc3Ga\xb4l\x7flwG\x5c\xfc\xbc\xf0\xbe\xa9\
\xbc\x01\x80\x8d\x1c$9\x03\xb6t\xdc\x0b\xb1\xdfc\xa6\
\xae\xc3\x01\xa0\xe3\x14\xfdo\xbd\x13\x88P\xfc\x96`\xb5\
\xf3\xfeX\x93\x11\x1eb\x96D\x02$@\x02$PU\
\x02\x08\xe4\x96\x8c\x81\x92\xc2\x1d\xc1v\xcf)l\xe6\x86\
#F\xcfy\xedHf\x5c\xa8\x9e\x03\x92\x0c\xa84\xfd\
\x8c\xddr*|T\xdc\x00\xc8>[Z\xea\x87\xf4\xcc\
\xefq\xb1\x8f\xb3)\xe4\xb1\xe816\xe9\x7f\x0b\xb2\xa5\
\xaf\x9a\x9a\xf8\x02\x96_|I\xe6]8\xef_\xe1;\
\x8e\xc5\x93\x00\x09\x90@\x15\x08\xf4\x1d|K^\xf6o\
\xb1S\x01S\xe3_\xb0\xcf~\xa5\xe2\xe2\xedu\x91\x19\
\x17S\xd1;\x0e\xb4\xe7\xf6=n\xf1\x1c\xeb\xa9x\x9c\
\x5c\xc5\x0d\x00\xd9\xdb\xd9\x1eZ]5\x93\x18\xfd\xc7k\
\xed\xbf6\xd39Y~qI\x04\x93=\xa8y\x90\x00\
\x09\x90\x00\x09\xd4&\x01\xd9\xbcMZ&\xcf|y\xf6\
\xe3\xa8\xf8([*Y\xce\x01A\xac>B\x86\xe0H\
\x02\x00E\xa6\x8a\x1b\x00\xd9r\xb5\xeaX\xcf\x7f\x5c\xdc\
.3\xa3\xff\xf1/\xdam%\xb1f4\xd8\x5cb9\
\x9d\xc5sH\x80\x04H\x80\x04\x92E\xc0>\xe3\xf1\xac\
\xb7\xcf\xfc\xa9\xf1/\xc6\xc9\x0b`\x15\xa3v$\x0e\xc0\
\xc6+\xcc\xd1\x9d\x15\xc2\x5cq\x03 X\xd3\x88\x8d\x8f\
Z$\xf7O|\xcc-\xcc\xb6L\xe7\x91$\xc2\x19\x11\
\xb6\xd9\x9f\xf5\xc4F\xb4\x0a\xf55\x8b%\x01\x12 \x81\
\xba'\x10<\xeb\xe5\xd9/:\x00\x13\xef\xb1x\xf6[\
!\xa0#\x11\x0a\xd8\x22\x9d\x14\xe8\xceJvXe\x0d\
\x80\xf2\xf5\xffM\xeb\x1e\x93\xb5\x8e\xb0r\x22so,\
\x01\xae\xe8\xb4lL\x99\xfc\xf8\x93\xd6\x12<\xfa\x0aG\
\xffK\xc0\xe2W$@\x02$P+\x04\xac\x17\x00\xcf\
|y\xf6\xfb\xb9\x89\xcf;-\x9bd\xae\xbd\xea\xb9\x01\
D7\xda|\x00\xd0\x95Q\xe5\x03\xa8h\x90\x81\xcc\xa9\
K\x04\x80\x8c\xfe\x9d\x0c\xd68\xe6\xc6\xb1\xe1A,V\
\x00 \xe9\x0f\x96\x82\x1a\xf8[pdw\xdccw)\
\x94\xd7\xb1?`T1V!\xf6\xbdD\x01I\xa0n\
\x09\xc83_\xdc\xd7=\xad\xdf\xf4\xe3\x9aF}\xf6\x99\
o\xfc|iE\x80\x81\xfe\x8d\x83#@\xd2\x027\xb9\
\xfe\xd4\x84\xf5\x02\x04:\xb4R7SE\x0d\x80@h\
\xe3 \xb3\x11\x96\x01\xc4\x03\xb0]\xfa\xd1\xe0\x8d]\xf0\
\x10r\xf1=\x91\xd1\xde\xa8\x81\xb0\xb1\xf9\x8b% \x88\
\x02\x0dn\x80\xd2\x0f\x0a3\x16\xdd\xba0\x13V\x19\x1b\
I)\x08\x09\x90\x00\x09\x94\x13\x08\x9eQ\xb2\xac\xbaw\
t\xca\x04\xcf1u$\x8b\x91v\xf5\x97Y\xf7\xbc\xb5\
\xb4\x04\xd0\xd1*\x87\xe8{\x88^\x1a\x0c\x96\xb7\xa1:\
\xafa\x84@WZ\x9d\x19\x81\x00\x91\x18\x00hP\x1c\
L\xab\x00g\x11\xbb\xfdI\xce\xff'\x87\x1f\xe8x\xd9\
\xde\xa0\xb1I\xf9\x0b\xa5\xff\x8ar\xbbF\xce8\xbd\xdd\
zZ\x1dQ\xb3\xca>\xf8A\x89kH<*\xc61\
0\xaaba\xb2\x06\x5c\xf9\x97\x04H\x80\x04\xa0J\xb5\
\xa7\x8d^\xe7k\xff\xbb\xbd\xdd\xbb^\x16$\xc1\xf3K\
^\xdbg\xee\x99=EuT\xdb-p\xe5\xb3\xc8\x0f\
\xd9,\xe8\x94q\x07\xbb\xf5\xe7\xdb\x8e\x9f\xdb\xe4\xae\xdf\
\xfc\x98\x19\x1f-\xc4d\x8aZ\x8c\x80HtfE\x0d\
\x80\xa0\xd3+\x1bh\xb0\x8a[\x07\xde\x1e\xfcg\xb3@\
\x89u\xba\x8a\x12\xc2\xbd\xe4\xa8q\xba\xf6\x9cIY\xa5\
\xbf_\x15{\xa5t$\x83\x90\xf5\xa0\x88OI\x05\x16\
\xa1\x0d\xa4\xcc4?&\xd3)\xf2\x19\x0f\x12 \x01\x12\
\x88\x1f\x01\x83\x89\xde\xb42c#\x7f\xd8~\xa2\xff)\
\xbc+8\xcaw\xe5\xefPc\xe7S\xf69\x07\xa1%\
1O\xdf\xab\xbb\x0b\xd52\x04\xb2\xa3=\x0et\x94\xa7\
\x1d\xf7\x9a\xe4\x04\x8a\xc9\x1c\x80\xed\xce\xa8tfE\x0d\
\x00\xeb\xb6Fs\xc4\x9d\xa1\xe33X5\xba\xa1Q\xe9\
\xeb^,4\xa8\xe4\xa8\xee{T\xe7\xa1\xf4\xa7\xc5\x22\
m\xcb\x0d~\xc2\xc1\xbc\x94\xc9\xe9wIR\x08\xbbV\
\x15A\xaa\x96\x1f\x22Dm e)\x96\x22~\xbf{\
JD\x02$P\xf7\x04d\xe8\x8a\x87\xab\x0c\xac\x1a\xe0\
m\xfd\xa4\x05\x82A\x97\x83\xe7n\xdb\x95\x81\xdf\xd0\xc7\
\xfb_S\xae\xf3b\xdf\xc1\x8e\xd3\xf2]\xe9\x19\xf8\x96\
\xea\xe5\xe67\xfef\xdd\xb4^\xa9\xf1\xb1\xd8lR\xe7\
k\xc7\xea\xa7`\x10m\x19V\xe0\x7f\x155\x00\x82e\
\x0c\xe5K\x00\xab<\xdc\xf6\xb0\xefr\x83w\xe5\xfc\xcb\
CM\xaf>iy\xda9\xa9\x0a\x90\xbdU\x91\x18\xe1\
\xef~\xe3\xed)I\x93\xdcqb\xe0\x1d\xd8\x04\xe2w\
Ln`oj\xf3\x8e\xfb\x91-\x11\xe6@NA\xce\
i\xfc\x98f'\xccf|BXE\x11\x8b@\xca[\
\xb5\x90\xdf\x93\x00\x09\xd4!\x81\xd9g<2\xda\x98\xeb\
W\x8a\xf2>0\x0a`\x04\xdc\xefn\xdaz\x7f\xf1\xc2\
\xc0\x81\xb6\x93\x03\xdf\xd6\xc5\xe2K}\x0f\xbf\xe9\xb4\x9d\
\x16\x90=X\x22L\xc3\xde\xf3H\xd6\xc34\xabl\x10\
\xf8\x0dod\xe0\xb7t:\xb3\x17\xcb\x02eb5\xaa\
\x01\xf8\xa2wG\x90\x0c\xa8\xab\xb5I[\x8f\xf0\xa2g\
\xae\xed\x8b\x19\x9d\xb2\xb6B\x16\xbcZ\x96\x00\x1e\xb9\xb3\
`\x973d\x9a?or\x13b]Uy\x0f\x00\x83\
\xe4?[\xd3\xde\xb5\x91\xc7\x86\x0f\xef\xfaB\xb5\xe6\xff\
\xb3\xc7L\xba\xe7\x88\xb6)(\xdb\x8e\x9f\xfd\xb0\xa3\xf4\
C\xee\xb6\x9dY\xef\xea\x88\xc2\x88_\xb6 \x16\xbd\x8f\
\x9b\xd0T\x99\xd7\x82=\xcb\x0fI\x80\x04H`u\x04\
\x8c8\x07TA\xa7\xd2\x19w\xcb\xed\xca\xbb8\xf0:\
>x\xde\xa6\xe7\x95\x121\x1d\x1a\xe5\x94@\xe0}\xc0\
T\xc5\x1f:\x1bn\xfb\x13\xff\xda\x08\x9e\xcb\xba\x9aK\
\xd5\x03{\xc93\xda\xfc\xf6\xf0\x03\x88\xa1\xc0`\xb1R\
\xab)*f\xe9\x04K\xd5d\xf4\x8fe\x0d\xe8Y\xf8\
\xaf\xab~@\xafJ2\x22\x04\xa8\x88(\xd5\x98\xff\x97\
\x1bN\x94\x7f\xdb\xf1\xa1\xb7\xc38\xfa\xb2\xd3\xb4\xfe\xcb\
\xaa\xb19[\x1c\x19@4jN\x185\xe0\x1fn@\
*\x7f\xe9#\x1e$@\x025D@F\xd7Ze\x8c\
W\xf0\x8b\x17\x07r\xaa\xa1\xe9N\xb7y\xc3W\xa0\x80\
?+\xeb\xb2\xad\xf2\x17# \xa2\xa3\xef\xd7v\x97v\
\x04\xd4jcIEUnL\xbc\xcc&\x89\x00\xd3\xee\
\xa6m\xaec\x9c{\xe5\x9a\xec\xe8\xa1\x8a\xf1\xa8X\xc1\
Acc\xb6\x04\xd0\x8a\x85p\x0fk\x8c\x04FJ \
k\xa5\xff\xca\xc8?p\xf9+\xed\x9dt6\xef\xf80\
<#y(~\xb9\x09\x11\x98P}\xd7S\xa5\x19\xb0\
|\x12 \x01\x12\x00\x01\xd1=\x8dfz\xca\xf3'\xaf\
\xc9&8\x9fh?1\xf0W\xd6\x03\xf0i\x1b?\x10\
\x09\xa4 + \x06\xaa1\x18\xa0\x96\x9a,\xee_S\
,`\xd3\x5c3.\x9f\xcc\xee\xa7S\x01\x22\x157\x00\
\xa2Z\xceP\x016\xa1\x16\x19\xb8\xfd\xdb\x9e\xef\x7f\xb7\
j\xc8\x9cv\x1a\x9a\xba\xbc\xcb\xc3\xb2\x1b\x05\xf6\xa5\xe6\
h?T\xd8,,\x96\x04\xf0`\x93i\xafE\xff\xcd\
|\x1fK\xd9c'\x94u\xa5\x9bEY\xe2\x99\x02\x0d\
b\xdd\xed\xb1\x13}\x9e@2\xcd)qYS\xeem\
m\xbf\xdd\xf6+\x83\x9f\x928\x00\xf1\x94\xce;\xafn\
\xde\xda\x18\x0a\x04~\xc3(\xb1S\xc0\x95\x1c\xa8V4\
\x08\xb0nz\xec\x16\x0d\x9dq\xfb\xe7E\xf9;\x99\xcc\
K\xa6\x80i~\xe3KB\x8cF\xbc\xb8\xc5\xd5\xfc\x9a\
\x04\x12F\x00\xcf.D\xae\xda\xe0\xaf\x92\xe4vZ\xd3\
\xd1\xebZ\xd3\xda\xe6[Y\xe8\x9e\x87\xfa\xc7 \x0ck\
\xb1\xe1\x0d\x93\xd1\x18\xde\xdb\x03\xe7\x1a\x04\xbd\xd6\xb7w\
\xac\x9c\x89\x80\xf1tC&\xa3\x9b\xd7cu\xdd\x22\x03\
WD\xb6\xc9\xee\xabv\xfb\xf5R\xec\x95\x85.\x17\xe3\
E5\xe7\xb8K\xdd:\xff\xffZ5b@$\x8b\xdf\
\x8f\xb6=\x7f\xee\xbb}\x0f\xed\xfa\x81B\xba^ut\
\x7f\xd5S\xf4\xce\x17\xb5\x96\xde\xd7\xa5\x01 \x89*\xa4\
\x13+\xbd\xc4B\xea\x98\x19\xf9\xdbH\x7f\x8c\xfcg\x94\
\xbf\xcdA\x00\xf6\x0b=\x08\xe5*\x1e$\x900\x022\
\xda\xd4J~W\xb2\xa0\xbaA#\xd9Vi\xe9/\xee\
qQF\xf9)\xe5]\xbf\xf24~{\x13\x1a#\x9b\
r\xb5%nH\x99*\x94x!\x07y\xd0%\x15\xea\
\xacb\x9b\xab\xc8P\x10\x02\x89\xeb\xc3\x18\x10\xc5'\x0f\
\x08\xa3\x1b[\x1at\x03\x98\x88]\x04\x85\x0f\xc5\x9fB\
\xd4\xfak\xe6j\xfe\x1b`\xb1q\xbe\xfb\x1a\x8c\x85\xd3\
U\x5c\xfb\x1ewk\xe7^\xbb\x0d;8Z\xa3j\xae\
\x91%\xf6@<t\x00\x92\x04@\x16\xcfi\xde\xe0\xf8\
\x13W\x9fV\xaf\xbcr\x8f\x1a\x19\xe1\x03\x12P*y\
\xc4\xa3\xf3+\xd9\xc2\xb9ec1*~G\xc6\xd8 \
\xc0 O\xc1\xdcSB|\x87\xe8\xcd\x1e\xa4\xee\x95\x80\
?_y_\x95\xe8\x97\xd2\xc8?&?\xba\x10\x9b\xca\
\xa2\xea\x96\x80l_V\xb0#\xd2\xa6uP=\xae\xf2\
\xc6F<\xff\xfa\x15\x9b\x00\x06\xb7\xbc\x16\x85/\x8a\x7f\
\xf8\xc1]O\xdf\x8a\x12\x02cG%\x0f\xbad\xba\xc4\
\xa5\xf8\xb1\x96)\xb2\xdc\x04\xf6\x13\xc1\xbf\xe9|\x1e\xe5\
\xca(\xb6\xf2S\x98\xb7\x128\xfc\xef\xc5\xad\xef8\xeb\
Z\xed\xb3Yr\x96\xc8\xb2e?7\xfe\xddR\xf0\xb2\
_P\x13c\x1b\xa1\xcf\xbf1\xf0\xfe\x9d\xaf-U}\
\xe7\x0b\xfd\x7f\x0bC\xe1=x\xe6\x5c\x15\x96s\x8d\xac\
ftT\xd1\xe6\x15A\x19b\x8f\xc5\xc1+\x90\xf2'\
\xae\xe5\xdd-m\xbf\xd1>\xe0~x\xe8\xf0\xfe\xff\x10\
D\xe9/\xd5N~\xb7z\x02\xf5e\x00\xe0\xa1\x81\x07\
\x13\x9e)\xfa{\x82,\xc8S\xb0z|\xb7\xb8r\xeb\
!\xb1j\x15\x067\x1ft\xb6\xb4\xcd\xcc\xf9\xd3\xed\x7f\
\x0bj\xfc:9\x04\xf2\xc8\xf8&\xcb\xb92\x88\xe8~\
\x15\xee\xe6\xff\x0c\xd1\xdb\xe1\xff\x7f\xc9._\x9a\xdf\x0e\
$\xba\xca\x8e*d_\xeb\xc1V17\x0e\xf1\xc4\x05\
{] 5\xebMF\xc2\x8c\x22{/\xd4\xd4\x00T\
\xfe?Km\xef\xbc\xcb\xbb\xfc\x86B\xa0T-\x19\x02\
\xd6{\x82\xfd\xe9\xd3\xb2E\xad7>\xf6y`\x99\xd2\
\xc636gIw\xb7\xf5Z\xde\xa06\x93@\x07Q\
\xecA [\xf0]\xcf[\xb3f\xf7\xdf\xf5\xb9}%\
\x03\xe1&#\xa1\xe3\xc4\xb91/?\x89\xdd\xd0T\xa3\
\xd3\xb8\xee\xe30\xde\x5c\xff\xda\xe5\xc0\xe3P]C@\
\x9e\xd1\xd7.\xc3Y\xe1\xbf\x0f\xf9Q~\xd8w\xb8\xf3\
GQ/\x0d\x0c8\xd6\xc3\xdfz2\x000\xfaO\xc1\
IY\x1c=?u\xd1\x1a\x00\xaa\xbbrA2Y\xe4\
A\xe8\xd9\x8f\xd1\xff\x89s\x1f\xc3R\x97\x0fy\x97\x87\
0\xf1O\xe5_\x0f?\xaa\x9ao\xa3F\x1euX\xd1\
\xee\xd6\x8e\x0c\xd6q\x9f.\x8c\x0c~[;\xceKC\
\xef/ev\x93\xf6\xdb\x1c\x1b3i\xb6E\xd9\xdb\xe9\
\xb6\xd2FVV\x91\xcd\x9f~\x9b}_\xb6\xdb\xe5B\
\x8a\xac\xfd\x85\xc1\x1f\xa2\xbe\xfb\x10cp\x1f\x0c\x81\xbb\
\xad!\xe0I\xe6,\x09\xa6M\xec1\xad\x9b\xd6\xc9\xf2\
_e\xae]\xf9\x82o\xd4%\xbbMyYs\xe6\xf2\
\xc4N{\x8f(\xafOk\x9b=o\x96]\xd9\xf9}\
\xb2\xbd\xad1N\xf6Y\xe5\x06Q\xe4eF\x96\x18\x17\
\xf6h;>p\xc5\x99\xba\xbe\x15\xf5\x7fT\xbc\x0d%\
C\x00\x11h\xd5\x0bLv$n!\xb5}\xe7^$\
\x0b\xfa\x1d\x08\xf9#\x9b&]2\xa5\xf2\x08\x9d@=\
\x19\x00\xb8\xa71\xa5dL\xea\x8e\x86--g\x95\x1a\
\xc3C\xecF\xacQ\xc8h{Z\xb3\xe2V\xc3\xe8_\
\xdd\xa6\x1b\x9b\xe1\xb6\x9c\xb2\xde\x80\x90\xabaq$\x10\
5\x81<rWd\xb0t\xab\xe8\x8d\xf4\xff\x07\xc7\xd7\
_\x1fx\xb0\xd3\x8e2\xad\xbb6s\xd5W\xad\xbf\xf0\
{\xcb6\xd8ZHA-*4\x92\x87\x95\x9f\x1f(\
2\xf5l\x8f\xbb;\xbf\xd1\xe9+\x19\x19\xa7\xdb\x8f\x9f\
\xfd\x0e\x0c\x81w\xe3Gu\xbf{[\xc7>\xef\xd2 \
\x94!\xf6\xcd\xa8\x9e\xe2Z\xb4IK|\x01c\xc8\xf8\
n\xeb\xed\x0d\xde\xe8\x1b\xdfC[\xbe5xx\xd7\x97\
\xec\xf9\x08\x80+mY\x0b\x1a\xc8V\x1a\xe4\xcf\x97\xef\
,\x1fd\xb0\xbb\xe5\x81\xc9\x17\x9ck\x9fCr\xee,\
\xd7WL*\xfb3\xa5{\xce\x7f\xdf\x04\x86\x06\x0c\x81\
\x11'7y\x1b\xfa\xf6c\x06S\x03\x88\xd9\x10\xefJ\
\x95\x8c*\x9d\xc64\x12\x82\x1f\xf4^I\x8f^j;\
r\x04\xdcH\x8az\xcb\xa6\xf3\x84\xe5\x11\xa8/\x03\x00\
L\xb0\xb9\x8e\xb9\x96.\xce\xfe(\x96\x87i\x85g\xe1\
\x07\xa6\xb0\xdbT\xfb\xf1\xfe'TC\xf3Gg\xdck\
\xd5u\xad\xad\xb0\x09<\x9d\x04\xe6\x11\x10s\xb9\x88\x04\
%\x19\xef\xea\xc5\x1f\x18\xc7}l\xf8\xfd\xed?\x90s\
v\xbfh\xb0\xa9\x8b*\xc8\x9e\x16\xf3\xae\x09\xe7-\x14\
\x19\x0a\xf2a\x0c F\xdc8\xbb\xef\xeaK\xf7\x1d\xbc\
\xe3\x87x\xf7\xc3\x1d'\xfa\xffJ\x8f\x0c>\xa8\x9bZ\
>,\x01r\xd8\xda\x15\xe9d\x1d\xfc\xd6b\x1c?f\
\x07\xd8>\xe2&\x9a\xd2:\xd5\xe0z\xa3\x17>7t\
x\xd7'\xa5yj\xc6\x03\xd23\xcf\x10\xb2\xdf\x85\xf5\
?<\x9b\x02c\xc0z*1e0\xbc_\x7fQ\x8a\
o;\xd1\xdf\x8fA\xcb\xc3\xee\xd6\xf6\xacwI\xbc\x96\
66 \xda\xc1\x0b\x82<%#\xaa\xa4Eo\xbf<\
\xf0\xc4\x90R\x9f\x91\xad\xd1ew\xd4\xb0\x10\xb0\x9c\x12\
\x81\xba3\x00\xa2\xe8x\xbb\x9d/*\x82\xad\xe1#\xaa\
Ya\xbe\xad\xb2\x06G\x14\x8db\x1d\xf5L\xc0Wn\
\xca\xd1\xe9\xc6\xb47z\xf1\xc9\xa1\x07w~B`\x04\
\xbb\xb9\xf5\x1d\xac\x90\xe2_\x888\xb6\x90\x85!\x90\x17\
C\xe0\x8e]g\x1b\xce\x1e\xde\xf9:N{\x1d\x8a\xeb\
'\xd0\xab\x1fp6m\xfdu\xff\xea%Q\x5c\xd6\xa5\
\xbeP\x11U\xfdL\x94\xbf\xef\xe7\xb1IN\x06[\x92\
\xff\xd8\x9f\xce}5H\x83\x1b\xa4&\x0f\x94s\x14r\
\x8a\xa1!\xf5\x88!\x90k\xcdj\x8c\xb6\x9f\xd9\xf1\xfc\
\xb9\xd3\xea\xd2\xd0\xc30P>d\x8a\xb0\xe9|\xbb\xd6\
0\xea\x80K-\x1b\xa1\xc1\x0b`\x8d\x8f\x8a\x07lG\
\x01;\x86u\xd0\x00\x08\xbdS\x8c\xfc\x88\xb0\xb3\xdf)\
\xd7\xe4\xd4;\xfd)\x9b\xcc\x899\xfdC\xe7\xcc\x02#\
\x22\x80\x85w)\x07\xb13S\xc6\x1b\x17\xe5\xffY[\
/\xbc\x5c}\xfb#T\xfc\xf3\x1b\x0bC\xe0\xacR9\
\xf9\x9d\xd9M\xb5\x0e\xef|f\xe7\xf3\xe7\xbe\xef\x8d]\
\xfa\x1a\xbc\x01wa\xb5\x80\xc4\xdc\xc0\x08\x88\x91' \
P\xfe\xeb6A\xf9_\xf9\xa9I\xa5\xdf7\xfc\xbe\xb6\
\x9fX\xc5\x8f\x8dpz5\x9e\x1bU:\x02C\xc0\x1a\
u\x07w\x89\x0d\xd2\x83\xf4\xbc\xe7\xf1\xf73\xc8\xdb\xef\
 \xe0R\x061\x91\x19\x01e.\x07\xc9#_\xf9\x80\
m\xa9\xa4\x0e\x8f\xc8:\xb4n\xd8\x8a\xab\x0aG{n\
\xdf\xe3\xee\xe6\xb6\x03pI\xca\x8f\x9a\x06@\xdd\xdc\x00\
5\xd7\xd0\x22F\xfe\xd2\xa8'\x87\x0e\xef\xfc\xac\xcd\xd0\
&9\xdb\xe1F\x8eEK\x11\x1d/\xe9\xb5\xefx\xee\
\x97\x8d\xfd\x0f\xed\xea\x85\x81\xf2\x0e(\xffW\x9d\xf5[\
D\xf9\x8b\x11\x10\x0b1\xad\x10\xc6/\xd8\x91\xff\xc4\xd8\
O\x8d\xf6~W\x94\x7f\xc7\xa9\x81&\x1b/\x11\xe1.\
xK\x01\xe9;\x88my1\xef.F\x09\xfa\xfbs\
Xz\xf8;P\xfe\x08\xa0\xb6\x89\x04\x22\xb3\xa6PQ\
Z\xb6>w\x1a\x9b?n7\x94\xebF\xee\x16x)\
\x96\x92\x9d\xdf\xad\x9c\x00=\x00+g\xb6\xe4\x15A\xc4\
3\x92\xa1a9ON\x1e?\xb3\xdb\xf9.y!\xbf\
$\x81\xf8\x11\xc8\xbb\x1b1\xe7?f\xdd\xfeV\xf9\xf7\
=\xba{Z=\xba\xcc[\xba,\x0a\xbd|\xd9\xdfr\
\x9bi]\xe13.\xea[]s\xf6\xe17\xe5\x02\x17\
\xba\xafR\x0f\xe9\xeb\x97\xff\x0b\xb6\xfe\xde\x83\xe0[Y\
\xb1\x10\x87\xe7\x1c\xb2\xf75C\xa9\x8d\xfd\xb84\xf2\xdf\
\xf5\xd3\xd2h\xbbs\xeaVm\x9b\xfd\xbel\x85\xc4\xec\
g\xcb|Qb\x99\x85\xd1\xb6\x8c\xbe\x83\xb2\xc5\x16\xb4\
\x9e\x18'\x83\xdd\x9d\x7f\x0dO\xc0\xa7\x10\xab\xf0Y<\
\xcfd\xba \xc2\xa9\x15\xe3KR(\xc9\x0b!\xcd\x0c\
\x9e\xad\xcbl2O[\x06\x818\xfc0\x96!f\xf2\
N\xf1\xb5\xe3\xbbp\xf9Ef2'\x0f\x11%\x8e3\
\x01,\xf5\x93h\x7f\xef\xda\xc5\x1f\x04s\xfe}\x1f\xb9\
\x85\xf2\x0f\x14\xfe[Ui\x1d:\x96\xa9A\xf1\xd8\xf8\
\x17\xab\x80V\xd3\xde\x99\xdc\x01\x12\xc3\xde\x83\xd5\x05K\
m\x8b*#\xe9\x92\x11\xd0\xf6\xf7X.\xf8A\x95\x9f\
D\xa0 \xb2\xe2\xc9\xcf\xb0\x94in5\x12\x84u\x0d\
\x12\x1a\xa7\x00\xc3|5\x18\xf9\xf7\x1d\xbc\x85\xf2\x9fU\
\xf8X\xf6\xd7\x8aKK\xcb(\xd7$\x8f\xe53\xb3<\
S\xb6k_\xaa0(\xff\xa9\x12\xcf\x9d\x9f\xeb8\xd1\
\xbf\xc3\xbd\xad\xfdC\x08\x0c\x94@\xcf\x88V\x07`\xf8\
$\x81\x9d3\x99[\x97\x92\x95\xdf\xad\x8e\x00\x0d\x80\xd5\
q[\xf4\xaa\xe0A'\xd9\xcf\x16=\x89_\x90@\x9c\
\x09\x94\xecV\x17K\xfd\xb0G\x9ay\xcc\x8a*+[\
`\x14,(v\x10\x99_\xa6\xf0\x11\xa8WD\x02\x9f\
\xbdx~\xdbLt\x926`\xc1k\x17\xfa\x10\x89l\
\xb5\xafm\xf6@I\x0c\x84\xdf\xd4l\x12\x1c\xab\x90\xce\
\xec).\xb6g\xbc\x18\x012\x1dp\x16\xcb\x05\xdbN\
\x0e\x1cMm\xda~\x14K\xecd\x1a.\xc2\x91\xebM\
\x8d*\xd8\x04?X\xe3/\x01\x7f]\xa7L\x03\xe2\x84\
\x16\x1f\xf9\xc3\xe8Qg\xbe\xafEA\x07\xcf\x13)Q\
\x5c\xe1\x92.Y\xb2$\xc2\x1cX\xde\xdc\x86\x83Me\
e\xd8oLq\xa8\xf1\xf4S\xe5\xcb3\xc5\xd5\x9f\x1d\
\xedq\x82\xf9\xff\x9b\xa4\xc6\x07\xbdj\x8fe\xef\xf9\xe6\
9\xff\xd2\xd0;\x9cT\xfa\xce\xa8\xe3\x01`\x04,\xaf\
\xad\x0b5\x80\x9f-I\x80\x06\xc0\x92xV\xfeeW\
k\x93\x86\xfb\x0cO0l\xe58\xbb\xf1\x09\xef\xdf\x95\
\x93\xe4\x15U#\x00e\xe1l\xb8-\x8dh\xfa\xa7\x86\
\xb1)\x8b]\xdf\xbfX\xc0\xdf\xcc\x92W(\xfc|\xc7\
\xf1\x81\xbbp\xdfw#r\xfb:4\xce\xb8(\xff\xb9\
\xb9\xe8W\xd0\x22\xd9\x03\x00\xfb\x07\xb4\x1d?\xd7\x8a@\
\xf0\xeb\x98\x22\xdf\x08W\xc2\xcb\xbd\xdd\xbb^\xb6\xa5\xc8\
|\xf0\x22#X\x99\x0e@\xbe\x0f=\xfc\xc7\x7f\xfc\x99\
\xf67\x7f\xe07\x11\xcd~/\xdc\xd7\xb2\xe6~\xf9F\
\xc8\x0aD\xbd\xe5\xa9\xb2\xf6\x18\xd9\xfd$\xc1\x8f\x9c\xdb\
8\xda\xb3\xb8cP6\xc0\xe9.\x19Z\xc8\xd8\xf7q\
\xb0l\x86\x02\xc4$\xbcnQ\x99\xe6\xc7\x9c\x0cb\xe2\
\x00vE\x07\xf2\x9f8H\xf2\xd3~e\xdfo\x99\xe3\
\x03/\x0bKa:k\x5c\x1d=\xea\xa8\xa3G\x17.\
\x14\xd3\x01A``\xfb\x89s\x7f\xe6l\xdcv\xa7w\
yP\xa6\x12\xaaiP\xad\xa8\xf9<yq\x024\x00\
\x16g\xb3\x8aon\xac\x00\xd09}/\x02\x00Q\x86\
\xb5\x02VQ\x16/!\x81*\x11@\xe2~\xcc\x9dK\
\xce\x0c\xd9PF\xf5!\xdd\xecB\x92\x04\xd9.;\xfe\
l\xe0.U\xf4\x0f\xc2\xcf~\x1f\x14\xfe>\xbb\xf9L\
*ew\xa3C.zq\x19\x8b\xe2]\x5c\xe9-T\
\xb8=\x1d;\x0b\xac\xdf\xfc\x18\x04\x81\xff\x00\xe5\x8d]\
\xfcW\x98\x8f\xfe\x8f\xbeo^8\xff\x10\x22\xd5g\x8c\
\x8f\x85.\xef\xfa\xe6\x99t\xef\xd1\xa3\xd3\xea\xe4\x07\xfe\
\xdaY\xdfz/v\x9a\x936T\xc3\x00\xc0T\xca\x06\
\xe4\xb8\xbf\xfa\xe4\xf0\x83;\xbf(;\xdc-6\xe2.\
\xb9\xdb\xbb\xa61\xd2\xbf\x07\xae\x97\x7f\x0a\x85\xff\x11\xa7\
\x11\xd3\xdf\xa2\xf0\xa1\xc4%(\xce\xe4\xc6\xf1fe\x03\
\x0a9[J\xc0\xa6B\x07`\x08\x1c\x90\xeb\xa5\x7fQ\
\xcf\x16x\x06.\x0c=\xd0\xf9\xef\x94\xfa4\x8c\x00\x9b\
o\xe1&\x9c60\x10^\x9eM\x8dg\xfe\xe3\xe8\xe5\
\xa1\xfb\xb0\x95\xf9\xfd&\x9f\x13\x1f\x04\x83\xc8o\xa2\x95\
\xac\x0f\xd8\x81a\xf6\xd7\x9c\x15\x00;\xb8\x02 L\xb6\
,+\x12\x02P\x16\x05\xa7eS\xca\xcfM~~\xf0\
p\xe7\x17\xc4M\xbc`\xc4\xbflt\x85\x11x\xdb\xd7\
\xce\xfe\xba\xef\x99\xaf9\xdbv~\x1a\xcb\xc5\xf6\x89\xc2\
\xf7'\xc6\x8a\xfe\xd5\x91\x02F\xbd2\xaa\x94\xf9b\x19\
hH\x04\xf7\x0a\xfei9\xd7\xc5\xf6\xc0\x05s\xfdJ\
\x01\x81\x88\xd3\xb0\x09R\xee\x96\xf6\x7f\x0d\xc3\xe4\xb8x\
\x1b\xac\x5cPL8\xef\xa6\xa3\xe4\xea6\xfa\xf6\xc9\x8b\
_\xf6\xaf\x0c\x7f\x07\x01\x812b]\xd0\x90\xb9\xe9\xe2\
0?0\xd8\xe1\xaee\x83\x18Sv\xb0\xd5\xb5g\xdb\
\x82\xf2\xca\xae\xa1\x223\xf2\xdf\xbfC\xa5\x1b_q\xd7\
\xdf\xf6\x11x@,G\xec_R\x10\x0e\x10\x0b\x06\x8c\
\xe5\xb2\x02\x8e*-\x11\xf5\xb8\xb6\x01\xab#<$%\
+\xf8\xd7\xd07\xb9\x89\xa2n\xd9\xf4Qw\xd3\xf6?\
i;\xd9\xff\x1b\xa2\xfc\xc5\xa0[\xac\xe96\x1d/\xe4\
C\x08\xe1k\xee\xa6\xad8\xcd,\x19?\xb0X9\xab\
\xf9|A`\xab)\x88\xd7\xdcD\x80loB\xb2\xfa\
\x0f\x82Hg\xd8\xd7\xb3+\x00V_\x1a\xaf$\x81\xe8\
\x09\x94\x0d\xd3\xed\x1c\xb5l\xde\xb3\xa0\x14g\xb6\xdaa\
\xa8\x93r>\x90\x92\x8d\xaeF\x06\xc6\x8dg\xd7\x8a\xcf\
(|(\xaa\x10F\x88\xa2\xbc\x02\x05&\xe5aO\x8d\
\xf1\xd4\xb6\xce.\x8ci\x0f\x8a\x5c\x92\x15pA\xf9\xf0\
a\xd7\xa93i;\xda6\xe6\x15I\xc8\x85#Z\x03\
\x00\x83v\xd9%\xb182\xf8*\x8c\x97\xbf\x10\x01z\
%~a\xfea\x8d\xa9`\xd7P\xf3U\xf9\xda\xbf~\
9\x87?0\x1aJ\x0a\x7f\x86\xc1\xfc+W\xfa^<\
 \xe0e\xcbL\xc1\xa3\x90C>\x02`\xd5\xffW\xe7\
s\xfd{-\xab\xc5\x0c\xaa@n\xdf{Q6~\xc2\
\xbe\x01\xb2\x99\x90\x18x\x15>4 FQO\x85\x9b\
\x11\xd3\xe2\x17\xfeq\xc7T\xd8\xa4\x88%+\x00\xc4m\
Y\xf60M\x8a\xe8\x94\x93\x04\x8cl\x0a#Qc\x82\
\x22\xd8Hf\x0e\x16q\xbd\x1f\xdd_l?)\xa9\xae\
\x1bg6\xbaR\xa2a\xa3x\x9e4\xfbW\xb0\x13\xa0\
\xd2\xf7\x89\x17\xc0\xba\xa7\xb1\xfa`\x8e|3oz\xb7\
\xee\xb1\x0a\x0a\xe1\x00\x8e\x8fm\x84qD;\x05\x80\xad\
\xfct\xd3zTkN\x0d>\xd8\xf9\xaa\xcd\xa1\xb0\x90\
\x9b=0\xa6\xb0k\xa8\x18Sp\xcfC\xf9\xcb\xc6a\
\x15?\x1a\x11\xd0\x97\xc3^\x0a\xff\x1b\x02\x0b\x0fIm\
2\xd2_\xb0V\xc8-\xf2\x0f=\xfc\xa6\xd3\xf8\xfe?\
c\xf3 \x88\x88`\xc4\x0a\x1e\xa5\x89\x0e\xbb|\xc3\xb2\
\x90\xcd\xa1*X]]\x16\xbd\xe0\x0f\xa7.I\x84\xd9\
hF\xad\x86I\x93eEG\xc0\x13W\xb9\xec??\
\xd4t\xfaI[-6\xa2\x99_\xbd\xa4\xba\x96\xcf`\
$\xf8N\xf3\x06y5\xff\x94J\xbeG\x0c|!\xef\
nC\xac\x01\x02\x0e\xa5\x22\xd9\xf1n\xc1\x0a%Y\x11\
\xa60\xb0\x8c\xf1Id\xe4|\xdaY\xd7\xea\xca\x14\xc7\
\x82\xe7V\xe0C\x8c\xac1\x94\x87\x8e4j\xa3\x14\xbf\
`,\x85\xb8\xddaLI\xc0\xdf\x8d]C\x15\x14^\
d\xba.%1\x1bP\xb3\x96K\x10\xf5\xbf\x10\x8e>\
\xd9\xe8\xa9t\xb4#:\x03\xaf\x96\x91S`\xa1\x82\x96\
\xf9\x19\x08\xa4\xb0\x12E\xea\xf9\x17[O]\x5cg\xa7\
|$\x09\x15\x8f\xd0\x08\xd0\x00\x08\x0d%\x0b\x22\x81\xa4\
\x13\x90\xc4+\xd8\xb9R\x99\xef\xcaz{\x09J\xbb\xf9\
!/\x81\xae]\xa5T\xd7\xaaj\xa9\xae]\x1bh\xa8\
\x95\x0dR\x5c\xd0K1\xd3\x15\xc1\x14\x06\xe2\x1a'$\
\x1e72\xb5\x8a\xfa%\xf9\x80ro\xd8&\xd9\x9f\xf5\
\xdc\xa4\xbc\x82iC\x89\xf6G\x0ac\x91\xfa\xa6sf\
\x9aR\xa9?P\xb2W\xe1\xa9hy\xe2\x96\x19\xf7$\
\x0f\x03\x0e\x18^/!&CF\xff\x12WQY\xa4\
%GT\xe3\xc6i\x97\xbaJ\xe0\x87|\x10j\xc8@\
Y\x1c\x09$\x97\x00t\x8f\xc1\xec\x95\xd1v\xc2\xbc7\
H\x18S\xde\xa09\x81\xaeUKu\x8dume\x8a\
\xd5\xe6\x88+\x17\xf2\xc6\xeb\xc08(\xe5\xe5\xa8\xac\xae\
\xbaQk\xf0J;\xb2\x94\xd1\x1a\x1f\xf8\xa8|M\x7f\
pF\xf0\x19\x06\xb6\xc5\xd2\xf2\xbe\xa8\xf5\xbfHb3\
\xee\xe1\xfff6\xe3^ \xdf\x9c\xbf3F\xe1\xf0\x03\
v)\xe6SHk,_\xdf\xe4!\x9asM\x08o\
`H\xf9W\xd4\x95\x10Jb\x11\xf3\x09\xd0\x00\x98O\
\x84\xefI\xa0\xce\x09\x04\x99\xd7\x82\xd1i9\x8e\xe0\xb3\
j\x06\xbaZ\x15\x09C%PX6K^\xb9\x90\x0b\
\xbc\x86\x8b\x1b\xc9s\xec\x006\x12\x0d\x8bJ\x0a2\xe5\
 S\x0f\x83\x0ft>mWS,\x90\xb7@\xf2\x86\
\x88\xb8\xc2s\x01\xb1#\xfa\x08\x22\x80M\xd0\xefKU\
\x1a\x18\x85\xc1\x94\xc1R\xe7\x86\xf5\x9d\xa4r\xe4Q\x19\
\x024\x00*\xc3\x95\xa5\x92@\xe2\x08\xd8\xc7\xac$\x8d\
\xc1\xd4\xfe\xad\x84\xaff\xa0+\xc6\xf1\xa5\x8db\x9a\xd6\
=v+\xb7\xb5l#k\x0f\xad6\xeaf\x09\xc8\x8b\
f%\x80\xf55H\x16b\x99z\xc0\x11LE\xc8\xeb\
\xd9\x03\xd1\xff2\x9d\xd2v\xf2\xdc\x01|\xf68\x96\xfb\
\xc9W\x0b\x07\xe1\xcd^T\xc1\x17\xcb\x88]\x0a\x0c\xc0\
\xe5\xdc#\x15\x94\x94E\x87D\xe0\x96?\xf4\x90\xeaa\
1$@\x021'\x00\xa5eW\x00\x04\xa3\xbb\xc0=\
\xbd\xa0\xd8\xcbP\x16\x0b^\x17\xda\x87\xcbs[\xf7<\
RR\xf8H,\xf8\x0d,U|M\xa73\x11-_\
\x93\x86\x82\xe4LJ\xf0`*\xa2\xbc\xf9\xd9\xd1C\xf6\
\xf9\x8bd\xbd\xf7\xba\x9b\xb6\xc9\x9c\x86\xa4,N\xc4p\
7\x88\x06,o\x0f_'\x8f\x00\x0d\x80\xe4\xf5\x19%\
&\x81J\x10\xb8\xb1\x02\x009\xe3m\x05\x0b\xac\x00\xa8\
D\xc5\xab+s\x99nk]Z\xbe6\xf0\xfe\x9d\xaf\
\xa1\x9eo\xd8ey\x15^\xbeV\xde\x9e@Q\x06#\
\xe7\xf2\xef\x02\xa3@\xd2\x86c9\x9eh\xfeD(\xff\
\xf26\xf0u\xb2\x09\xd0\x00Hv\xffQz\x12\x08\x89\
\xc0rV\x00\x84TU\x98\xc5,\xc3\x131\xbb\xfc\x0e\
\xd3\x00\x08\x1c@\xed\xf1\xd0\xb3\x81Q\x80X\x06\x97y\
C\xc2\xbc)X\xd6r\x09\xd0\x00X.)\x9eG\x02\
5M\x00J\xf1V+\x00\x12\xda\xfe`\xf9\x1d\x14m\
0 OhK(6\x09\x84K\x80\x06@\xb8<Y\
\x1a\x09$\x9a\x80,\xb9\x92\x06\x04\xa3\xd3D7\x86\xc2\
\x93\x00\x09,I\x80\x06\xc0\x92x\xf8%\x09\x90\x00\x09\
\x90\x00\x09\xd4&\x01\x1a\x00\xb5\xd9\xafl\x15\x09\x90\x00\
\x09\x84N X\x19\x82\xe5\x8d\x15\xdd\x07 t\xc1Y\
\xe0\x82\x04h\x00,\x88\x85\x1f\x92\x00\x09\x90\x00\x09\xcc\
'\x10\xe4U\xc0^Q\xebf\xb21F\x9d^q\xbe\
H|\xbf\x06\x024\x00\xd6\x00\x8f\x97\x92\x00\x09\x90\xc0\
\x92\x04\x1c\xa7\xa6\x14\xe4l\xd6E_\xff\x8d\x7f\xed\x92\
4\xbd\x01\x8b*j\xaa\x8dK\xf6g\x8d}I\x03\xa0\
\xc6:\x94\xcd!\x01\x12\x88\x0b\x01\xbd\xac\xac\x8aq\x91\
vYrt+\x1b$\xda\xbc\xad\xf3\xbf#}p\xde\
z\x01\xa8\xfe\x97\x85.\x8e'\xd1\x00\x88c\xafP&\
\x12 \x81\xa4\x13\xd0\xca/\xca\xd08'\x0d\x09\xe6\xce\
\x93\xde\xa8 \x87B\xdfA\x9d\xc7v\xc7\xff]7`\
\xe7b\xec$\x90\xfcv\xd5g\x0bh\x00\xd4g\xbf\xb3\
\xd5$@\x02\x95\x22 .q\xed\xa4\xfc\x89k^!\
\xe5}\xcdV\xf3H\xb6\xe2\xbb\xe6U\xaa9\xf3\xca5\
\xd9c3\x1b\x17i\xfd7\xba\xa1\x09_3\xbf\xc2<\
F\x89yK\x03 1]EAI\x80\x04\x12A\xc0\
(_g\x9a`\x05\x98\xef^|\xdf\x9b/\xc8\x16\x0b\
\xc8\xf4W3\x8e\xf2\xd9\x14\xc6\x12\x08hu\x7f<2\
+&\xe2\xde\x88\x99\x904\x00b\xd6!\x14\x87\x04H\
 \xe9\x04\x90V\x19#c\xec\x05\xf8=iI\xf6X\
\x15w\xf8\xab\x00\xca IT\x904\xaa\x02U\xb0\xc8\
\x88\x08\xd0\x00\x88\x084\xab!\x01\x12\xa8\x17\x02\xa5\xb4\
\xcav\xa9\x1c\x9a\x1c\x8c\x98\xeb\xa5\xf5lgr\x08\xd0\
\x00HN_QR\x12 \x81\x04\x11\x08F\xc8\xc1\x88\
9A\xa2S\xd4:!@\x03\xa0N:\x9a\xcd$\x01\
\x12 \x01\x12 \x81r\x024\x00\xcai\xf05\x09\x90\
\x00\x09\x90\x00\x09\xd4\x09\x01\x1a\x00u\xd2\xd1l&\x09\
\x90\x00\x09\x90\x00\x09\x94\x13\xa0\x01PN\x83\xafI\x80\
\x04H\x80\x04H\xa0N\x08\xd0\x00\xa8\x93\x8ef3I\
\x80\x04H\x80\x04H\xa0\x9c\x00\x0d\x80r\x1a|M\x02\
$@\x02$@\x02uB\x80\x06@\x9dt4\x9bI\
\x02$@\x02$@\x02\xe5\x04h\x00\x94\xd3\xe0k\x12\
 \x01\x12 \x01\x12\xa8\x13\x024\x00\xea\xa4\xa3\xd9L\
\x12 \x01\x12 \x01\x12('@\x03\xa0\x9c\x06_\x93\
\x00\x09\x90\x00\x09\x90@\x9d\x10\xa0\x01P'\x1d\xcdf\
\x92\x00\x09\x90\x00\x09\x90@9\x01\x1a\x00\xe54\xf8\x9a\
\x04H\x80\x04H\x80\x04\xea\x84\x00\x0d\x80:\xe9h6\
\x93\x04H\x80\x04H\x80\x04\xca\x09\xd0\x00(\xa7\xc1\xd7\
$@\x02$@\x02$P'\x04h\x00\xd4IG\xb3\
\x99$@\x02$@\x02$PN\x80\x06@9\x0d\xbe\
&\x01\x12 \x01\x12 \x81:!@\x03\xa0N:\x9a\
\xcd$\x01\x12 \x01\x12 \x81r\x024\x00\xcai\xf0\
5\x09\x90\x00\x09\x90\x00\x09\xd4\x09\x01\x1a\x00u\xd2\xd1\
l&\x09\x90\x00\x09\x90\x00\x09\x94\x13\xa0\x01PN\x83\
\xafI\x80\x04H\x80\x04H\xa0N\x08\xd0\x00\xa8\x93\x8e\
f3I\x80\x04H\x80\x04H\xa0\x9c\x00\x0d\x80r\x1a\
|M\x02$@\x02$@\x02uB\x80\x06@\x9dt\
4\x9bI\x02$@\x02$@\x02\xe5\x04h\x00\x94\xd3\
\xe0k\x12 \x01\x12 \x01\x12\xa8\x13\x024\x00\xea\xa4\
\xa3\xd9L\x12 \x01\x12 \x01\x12('@\x03\xa0\x9c\
\x06_\x93\x00\x09\x90\x00\x09\x90@\x9d\x10\xa0\x01P'\
\x1d\xcdf\x92\x00\x09\x90\x00\x09\x90@9\x01\x1a\x00\xe5\
4\xf8\x9a\x04H\x80\x04B\x22\xa0\x95\xb6\xcf\xd7\x9e\x90\
\xcac1$\x106\x01\x1a\x00a\x13ey$@\x02\
uN\xc0(\xd1\xfdZ\xebq\x01\x91\xc5\x7f\xb5t\x04\
\x06M`\xe0\xd4R\xdb\xea\xad-4\x00\xea\xad\xc7\xd9\
^\x12 \x81\x0a\x13\xd0\x8e\x99\x9eB\x1d\xe6\x9dRQ\
\xcf\x11]\xa8p\x85\x91\x16\x1f\x184\xd6\xc0\xb1N\x0e\
\x18<<\x12I\x80\x06@\x22\xbb\x8dB\x93\x00\x09\xc4\
\x98\x805\x00\x0c\x0c\x807\x9f\xfa_\x1b\xad\x9c\xc6\xe8\
\x18\xcb\xbb\x22\xd1z\x8e\xa8\xa2\x5c\xe0\xa3}%C\xa7\
4\xd5\xb1\xa2Bxr,\x08\xd0\x00\x88E7P\x08\
\x12 \x81\xda\x22\xa0\x15\xc6\xc5S\xf9\xa9L\xaa\xa6\xda\
e\x0d\x19m\xb6}\xfd\x17\xdb1\x05p\xaf\xc9\xc3\xd3\
\xa1\x15\xf5HB;\x99\x1d\x97\xd0\x8e\xa3\xd8$@\x02\
\xb1%\xa0\x95\xef\x15\xddu\x9b7(\xed=b\xa5|\
\xb6\xa76\x0c\x81\x99v\xa4\x8b\xee\x07\x9c\x96\x0d\xae2\
~\x11\x96N\xcdx7b{GUH0\x1a\x00\x15\
\x02\xcbbI\x80\x04\xea\x9a\x00\xd4\x22\x02\x01\x95j\x14\
\x0a\xb5\x12\x06\x18\xb4\xc3\xb6\xcb\xb16\x0d\x03\x00\x12|\
\x9b\xd3\x00Hp\xe7Qt\x12 \x818\x130\xca\xd7\
\x8e\x1fg\x09W+[\xa9]\xd4\xfd\xab\xe5\x17\x97\xeb\
h\x00\xc4\xa5'(\x07\x09\x90@\xed\x11\xf0\xfd\xdat\
\x8f\xd7j\xbbj\xef\x0e\x5c\xb2E4\x00\x96\xc4\xc3/\
I\x80\x04H\x80\x04H\xa06\x09\xd0\x00\xa8\xcd~e\
\xabH`U\x04\x82\x07B\x90\xeceU\x85\xc4\xec\xa2\
\xa0-A\xdbb&\x1e\xc5!\x81\xaa\x11\xe0o\xa2j\
\xe8Y1\x09\xc4\x8d\x00\x96\xae9\xda\x13\xa9\x82d/\
q\x93p5\xf2\x04m)\xb5\xad6=\xf2\xab\xe1\xc2\
kH\x80\x06\x00\xef\x01\x12 \x81\xd2:.\x83\xd4.\
\xbei\x11\x1c=\xad\xc8\xf3R#G\xd0\x16\xdb6\xb4\
1v&\x80\xe30\x9a\xaeF\xee\xb5\xa45\x83\x06@\
\xd2z\x8c\xf2\x92@\x05\x08@\x03\xa5\xfd\xf1Q\xcfi\
Z\xf7X\xc7\xc9\x81\xc7T7<\x01\xc7^OW\xa0\
\xaa\xb0\x8a\xc4Z{Q\xe6%\x8fE\xe0\xe6\xbf\xa9p\
i\x03\xda\x22m\x92\xb6I\x1b\xa5\xad7\x9dW\xa1\x0f\
\x82\x07\xec\xa2\xf2\xa1^\xc7\xf8\x8e2\x5cL_\xa1.\
`\xb1K\x10\x08\xee\xcf%N\xe1W$@\x02\xf5A\
\xc0\xf8:\xd34\xeb\x05\x08\xd6|\xc7\xb4\xed\x9en^\
/Y\xe8l\xaa\xdd\xc0\xcd?_\xd6\xa0\x0d2\xfa\x97\
\xb6!?\x7f\x84\x9e\x8d\xa5\xa7T\x02\xa3\x00\xaa\xbf\xa0\
\x1b\x1a%s`\xec=\x01=o\xcdZ\x19\xb5\xc3\xf4\
\xbf\xf3\xef\xb5$\xbe\xa7\x01\x90\xc4^\xa3\xcc$P\x11\
\x02p\x8ecT\x1d\xc4\x01\x04\x0aj\xc1\xaa\xaa\xe9\xb6\
\x96\xe5\xf5\xe9L\xc6\x1b\x19x\xcdq\xd47D\xbe\x9e\
G\x94\x8d]XPV|h\xdb\x84\xb6\x89\xc5\x10\xc5\
ak\xb9\xd5\x94\xca\x91\xac\xcd\xa9?\xd4x\xfa)\xef\
\xca\xf9\x97u\xa6\xb9\x01\xb2-\xd9\x8e\x8a\xca\xbe\x8c>\
\xdd\xfdw}\xae\x95\xc1\xa8\xab\xa5\xdd\x8eco\xb3T\
\x14Y\xd2\x0b\xa7\x01\x90\xf4\x1e\xa4\xfc$\x10*\x018\
\xd5gF\xc9\x8b\x8d\xaa\xa5\xba\xaa\xba\xad\xb5\xf1t\x13\
F\xffJ}c\xe0\xfd;_\xdb\xfd\xa5\x9fg\xb0\xf7\
\xee\x82#\xfb\xd9\x11\xab2%\xc5%WEp@-\
.cJE\x9b\xaeS\xbd\x0d\xaa\xbb\x1b\xd3\x12\xe6\xbb\
0\x00 Y\x94\x1e\x8a\x00\x04\xa4\x85%\xa5\xfd[0\
2\xc6\xe9{\xf4-\xf9\xce\x17\xfa\xf7\xe2\xca\xf7\x98\xa9\
\xeb\x10WG\xca5\x90\x98\x7f\xc3!@\x03 \x1c\x8e\
,\x85\x04\x12O`9\xa3\xd6\xc0+P]\xb7\xb5\xd6\
\xca+@\xf7\xe8u\x02\xbd\xef\xd7v/:j\xae\xee\
\x88\x15S*\x0d2\xa5\xe2m\xb07\xc7\x8c\xfb\xbc\xfc\
F\xe9\x1d\x9d\xb2Ch<\x88[D\xf7\x8b\xf9\x15\xfd\
\x81\xed\x8b\xb1\xa9\x0f\xdc\xfa\x13Rw\xd0\xc7\xf3\xe5\xc8\
>\xdbc\x95=\x1c)\xefq\xb7v\xee5\x85|\x1e\
\xe2R\x87\xcc\x07\x95\xa0\xf7\xec\xbc\x04u\x16E%\x81\
J\x12(\x1f\xb5\xb6\x9f\xec\x7f\xc2\x06\x02\xbeb\xe6n\
b3\xc7m=\x5c-\xb75\xe6\xff\xb1\xcf\x8e1\xd6\
\x0d\x90\xfd\xd9\x22Z\xf3hi\xc4\xdaq|\xe0.\xb8\
\xfe\xbb\xab6b\xd5\xce\x15\xe9\xb7Yc\xa4\xac\x13g\
c\x14`\xcd\xc8(\x1c\x9e\x80\xb2o#yYt\x9a\
7\xbafj\xe2\xc9\xc1\x07:\x9fV\xa7\xe0\x058r\
ga\xc9\x9a\xd1\x1e\xcbR)\x8e\xfe\x97\x04\x15\xff/\
i\x00\xc4\xbf\x8f(!\x09DI\xc0s\x1a1\x185\
\xc6\xceO\xdf\xac\xb4n\xb8\xad1V\xfd\x1e\x22\xebE\
\xb6EG\xe0\x15\x10\xdc\xd7n:\xe3]\x1c8\xad\x8d\
>%\xe5/6\xff\xdf\xb5\xe7L\xc9x\xd1\xea\xf7R\
[;\xee2\xd3\x11\x8fX\xe1\x1e\x9fQ\x94\xdd\xed/\
\x0c\xee\x13\xf7\xb9\x82QR\xce$\x18mkm&M\
n\x22z\x0f\x80Q\x9en\x811\xa5\xb5e\xd5\xa5\xce\
,\xaa\xd4{\xce_\xb7\xd6I\xc9\xa3a}\x15\x91[\
+\xe5\xec\xf8z\xed\x04\xe6\xdc\x8ck/\x8e%\x90\x00\
\x09$\x9a\x80Q)\x7f\x02\xf1]F\xff\xdebJ\xab\
w\xeb\x1e;\xdf\x8eA\xab\xe3O^\x93\xe6F\xa4\x08\
\xc4=\xae\xa7\x9c\xd6\xdb\xa1(\xcdK\x83\x0fv\xbe\xba\
\xfb\xc5\xc5\xe7\xff{\xcf\x5c,\xc9\x09c\xc6\x9f\x80\x9c\
:\xe2\x11+\xc6\xf4f:\x97Om\xeb\xbc\xcbx\xde\
\xfd\x02j\xf7]}s\x97 \xcah\xfb\xe8+\xa9\xc1\
\xc3\xbb>\xef\xe7'\xbf\xac\xd7o\x91\xefs\x11\x05+\
z*\x95\xca\x14G\x06^G\x0f\xfe\x85\xc8\xd7{f\
\x8f5\xfc\xe4\xf5\x9cC<AG\xf7\x17;N\x0c|\
\xcc.\xa7\x9c\x18+\xa2\xd3\xe7\xb6e\xce\x05|\x93\x04\
\x024\x00\x92\xd0K\x94\x91\x04\xa2\x22\x10(\xad\xedP\
Z\xc6\xdc'\xd5\xee\xbek\xde\x83~\xbf.\x8a\xd2\x1a\
z`\xe7\x93j:\xf7\x0c\xe6\x8338M\xe6\x8f\x17\
V\x1eR\xc8Z\x0eD\xfd\xe3r\xb8\xa5\xfd\x9c\xb3a\
s\x8b\x7fi\xe0\x0c\xa2\xd6^\x94\x22\xfb^\xdd\xbd\xa0\
\xbb:+\xeb\xff\xa1\xb0\xda\x8e\x0f|T7\xad{\xc2\
\x9f\xba&\xb2\xcd\x9d\xce\x90\x02*}h\x9d\xf6.\xbf\
\x81\x11\xb6\xf3\xee\xf6\xe3g\xef\xee;x\xb3\x17@\xed\
\xb9\xc7\x1aPXY\xf7\x7f\x9b\xfc\xa4B\xdc\x00\xb6\x10\
69(\xe5\x05\x03\x1bC\x10YXL\xe3\x9fIm\
\xdf\x81I|}\xd2\x1aS\x12Lyt\xe1`\xca\xae\
\x91\xd2\x5c?\xee\x89\x8d\x12\xd7\x80x\x85\x88\x8c\xbe\x10\
Z\xcb\x22\x16%@\x03`Q4\xfc\x82\x04\xea\x94\x80\
UZ\xe7%*\xfc\xfe\xce\xe7\xfa\xf7\xf6\x1d\xd47\xb9\
\xae\xd5\x9e\x11\xab\x00\xe0\xfb\x7f\xde\x1b\xe9\xff\x7f\xdd\xd6\
\xed-N\xcb\xa6\x144\x1d\x94\x8b\x11\xa5|\xd3?\x8c\
\xdf\xe5\xb3\x85\x14\x07\x8aY\xf0\x1aQTy\xdd\x90q\
\x1c\x8c\x8c\xddM\xdb\x1b\xfd\xab\x97O\x17\x1dsH\x14\
\x96\xb2\xa3\xd2\x85\x15V\xae5k\xa3\xe9\x1c\xadn\xc3\
\xf5(\x1e\x99v\xaas8\xa68\x0d/@\xc7\xdd\xc6\
q\xdf-\x22\xdc\xb1\xeb\xac,\xf7\xbbqH\xd2%\xf1\
\x02<\xd0\xf9}\x18T\xfb\xcc\xf4\xd4\xffto\xebh\
\xd4\x99Fy>O\xcfp[\x8c\xe7\x8dr\xe4\x15\x5c\
#\x8b\x9d?\xc3\xd8s\xd6mJ\xb9\x9b\xb6\x89\x0cn\
\xf1\xfc\xc0\x1f5LM\x1f\x97K\xed\x14\x85\xbc\x98\x7f\
 .\xa0\xb7[O\xb7?\x7f\xee](\xff1\xff\xda\
%\xd4S\x9a2\x98\x7f*\xdf'\x8b@\xf4\x16q\xb2\
\xf8PZ\x12\xa8G\x02\x8e\xf1\x8ayw[\xe7>(\
\xf7\xf7\x01\xc0k\xe2\xba\xee\x832\x9e\x85\x81\xa5k\x12\
0v\xbe[\xc3}l~\xb3\xfd\x85\x81\xc7et\xe8\
4\xae\xfb\x98M\xb8c\xd7\xdc\xcf\x9e\x8d\x17\xa2\x8f\x11\
\xe2\x86)\x03\xed\x15\x0b\xa2\x8dK\x9f@a5\xb64\
`T\xe9\xde\xb4\x02\x0ee \xd9O\x0a\xeb\xfd_\xf5\
\x8b\xf9o\xe2\x8a\x96\xe1\x07w\xfe\x1b)H\x96\xcf\xf5\
\xee\xd72\x8a\xbd\xe9\xb8\xe3\xb9_6Ba\xe5\xdaN\
\xf4\x7f\x08\xa3\xff\x8f\xf9\xd7.\x8b!Q=wu`\
P)u\xff\x8e\x13\xfd\x7fu\xf6\xf0\xce\xd7\xd5\xa9S\
\xae,\xff\x9b\x15\x1e\xde\x0a\xdb\xa6\xee\xce\x1f!h\xf1\
\x83\xde\xe5\xc1\x7f\x08\x93eoj\xf3\x8e\xfb1\x8d \
s\xf4\xb3\xa7\x96^\xe0\xbd\xe4\x19@fC\xfb\x02g\
\xe0s|\xa0\x1a\xf4\xfa\xcd\xe9\xd2j\x82y6\x8f\x04\
\x19\x22\xda\xdf\x9f\x18{\xd2\x18$\xf2\xd1\xe6{\xc3\x0f\
\xecz\xb9T\x9e\xd8\x0dz\xde\x05\xa5o\xba`(\xf4\
\x22\xce\x03\xd1\x0b\xff(\xb5q\xab\xeb]\x1d\x99\x96z\
J\xdf\xf2\xffI&@\x03 \xc9\xbdG\xd9I\xa0r\
\x04\x90hg\x10\xcaE\x7f\xb8\xed\x85s\xff\xa5\xef\xe0\
\xae\x1f\x88[\xbd\xa7<B\x5cF\xae\x125\xae\xb57\
\xa4\xd4\x93\x22\x0aR\xee^\xf1\xa7&Z\x0cL\x08\xa8\
#\xab\xb5d\x18\xeb#\x5c\x00\x81n\x19|\xf6/\xf5\
\x86\xcd\x9b\xed\x17\xd0p\x0e2\xe0I\x12\x1c?7\xfe\
]\xc4\x1d\xac\x83\x890\xeb\xf6\xc6`\xd6S\x13c\x1b\
%\xd9\x8f\xac\xf7\x9fm\xea\xcc\x88t\xf6}\xf9\x0bx\
\x05\xce\xee\xd7\xb9\x9d\xcf\x9f\xeb\x82\xf0\x1f\x80!#\xdf\
\xda\xea\xcaO\x8b\xf8u\xc9\xa0\xba\xadc\x9f\xbe<\xf8\
 \xea~}\xf7\x1boO\xc1\xa0\xbaa\x00\xe0\xc3\xde\
\xee\xaei\xcbX\xbc\x1bJ\xbd*l\xdb\xaf\x0c<.\
\x01z\x80\x82\x09\x01\x7f\x96\xa7$6\x92\xec\x862\x1f\
\x0f\x83\xcbU\x9e\xa7t*\xad\xbc\xb1\x11\xcf\xbf~\xe5\
)Y\xa6)\xb9\x1afaB\xf7k\x84O\xcaR?\
L\xdd<\x1d\xb4\xbfdtt\xc1\x90ZX\xf9w\x9c\
\x1ah\x8215%\xc6\x14\x82C\x1f\x85\xf2\x17O\x04\
\x95\x7f\x000\xe1\x7fi\x00$\xbc\x03)>\x09T\x8c\
\x004\xb0\xd3\xb4A\x82\x02\xbf\x88:\xfew\xab\xfc\xe7\
\x8f\x5c\xc5\x08\x80n\xc9\x1e\xebI\xf5\xb4f\xfd\xc1n\
=\xab\x5c\x16\x92\x0b\x0a\xe5\xdf\xfa\xd7\xae\xfcKk\x0c\
\x88\xb6\xc7\x94\x81d\xc2\x9b3\x1a^\xe0BI\xf6c\
\xd7\xfb\xef\x87\xd2\xb4u.p\x92D\xd8K|\x02\x0e\
\xcf\xd1_u6\xde\xf6\xeb\xfe\xd5K\xe2%\x88\x83\xc2\
\xcax\x97\x06\xf3\xf0v|\x18\xca\xf4'}\x87w>\
#\xcau\xb0\xbbs\xaa\xbc%\x961\xda!+\x18\xc4\
\xed\x0e\xc3\xea\xb3\xe5\xdf\xcf\x7f\x0d\x83kT\x0c.\x98\
X\x05\xad\xddu\xd0\xf2\xdf\xbd1\xaa\x9f\x7f\xf6\xcc{\
\x18\x16\xd9Q\xe5\xf4\xb4~\xd3\x17\xa3c\x91\xb3\x94\x04\
X\xf6\x1d\xec\x9cj\xfb\xfa\xf0\xaf\xea\xa2\xf7A\xc9\x12\
\x89\x83\xd3\xc6\x8b\x01K\xe0\xe74\x00\x12\xd8i\x14\x99\
\x04\x22!`L\x0aQ\xfe\x05\xcc\x19\xdf\xddq\xbc\x1f\
Q\xf7;\xef\xb3\x8az\xbe\x11\x80\xd1c\xcf\x11;\xbf\
\xafd\x03\xa1`m\xfb|\x19e\xc9\x1b\x14\x9e\xac\x89\
\xb7\xde\x82\xf2\xef\xedH\x14Iq\xca\xaf\x95\xf3%\x1b\
\xa1,\xf3\xeb\xd3\x88CX\xea\x10\xe5\xffi\x8c\x92\x8f\
\xc2\x0b\x01Y\x91'\xe0\x1dP\xfe\xb8FK\x00\xc0R\
WF\xf9]jf\x03\xa3\x0fB\xa9\xfe\xcd`w\xdb\
O\x162\x02$\x10\x0f.w(f\xb8\xe5aX\x95\
3\x11ag\xb9`\xc7\xc6\x85\x0c\xae\x85X\x06\x8d\x94\
ka@\x15\xf0w\x8e\xf7!\xf8>\xf8[R\xfeo\
\xc9\xb7}\xf5\x17o\xd3\xc5\xc2_:\xeb6\xbf\xcd\x1f\
\xbf\x82\xd1\xbf\xae\xdeTJ \x1c\xff\x86F\x80\x06@\
h(Y\x10\x09\xd4$\x814\xe6\x8c\x0b\xce\x86-\xef\
\xee8\xd1\xff\xed\xc1\xc3;\xef\xb7F\x80\x04\xe0\xcd\x8c\
\xb6\xe7\xb4\x1aS\x04V\xc9\xcc\xf9\xb0\xec\x0d&\x9f\xd5\
\xb37\x94\x9a=\x17\xc9\x85d\xb4+g\xcd\xbf\xb6\xf4\
}\xd9\xf5\x0b\xbdD\x00\x1d\x94&V&(\xd5~\xe2\
\xdc\x7f\xc3R\xbaw\xfb\xd7/KyqR\xfe\x22\xb9\
k\xa6'aPm~;\x94\xe9_\xc2\x08\xf8\xc7b\
\x04X\x85}hO\x01S)\xf3,\x15\xbc\x87a5\
\x9f\x89\x144\xfb\xd9\x8c\xc1%\xef\xad\xb1T6\xaa\x9f\
=G.X\xc1!F\x89\x1d\xf9\x8b\xf2O\xa7\xbf\xe5\
\xb4lx\x1b\xa6\x15\xf2HT\x94\x91]\x0by\xd4\x0e\
\x01\x1a\x00\xb5\xd3\x97l\x09\x09T\x88\x80NC\x01L\
;\xeb7\xdf7\xeb\x09\x80\xf2\x97`\xbb\xb3\xe7\xee\x98\
^l\xe9\xd8\x82\xc2\x94\x94\xdc\x82Jm\xc1\xf3o\xf1\
\xa1\x95\xe1\xe17a\xdd\xbc(\xff\xfe'\x95\x9b\xfa\x1d\
(\x7f\xf1U\xc7\xc1\xed\x7f\xb3\xf4\xda\x11\x96y\xb0\xc4\
\x88z\xec\xeb\x98\x0e\xf8jo\xf7\xceg\xe4\xc4\x1b\xf3\
\xf17_\xb6\xe8'e\x06\xd7j\x15\xfel\xd9\xf0\xec\
\xd8\xd8\x04LK\x94\xdc\xfe\x18\xf9\x8b\xf2\x1f\x1f\xa3\xf2\
\x9f\x85T[/h\x00\xd4V\x7f\xb25$P)\x02\
\x0dP\xac\x05\xa7e\xe3\xbb\xa1hOc\x22\xf8\x9f#\
\x9a\xfd\x7fJe\xd6],\xeb\xf1\x17YC\x1e\xbe@\
\xa5\x98\x83\x5ck\x93\xee\xed~S)\xe0O\xeb?u\
6n\xdd\xe7_\x1d\x11\xd7\xf6\xa2\xd9\xec\xc2\x97e\x85\
%\xca\x08\x1a#iq\xa7c\xe5\xc3\xdb\x9dT\xc3W\
\xc0s\xc7\xd0\xe1\x9d\x9f\xb4\xf3\xf1\xf0\xacd\x7f\xd6\xa3\
{l\xca\xe5\xf9\x1e\x81\x15\xd6\xb5\xdc\xd31}\x22K\
\x13\xcf\x82\xa5\x04&\xda\xd5\x13\x98\xf3\xb7n\x7f\x8e\xfc\
\x97K1\x91\xe7\xd1\x00Hd\xb7Qh\x12\xa8\x06\x01\
x\x02&\xaf\xe5\xa1he~\xfdO\xdbN\x0e\xfc5\
\x22\xd4_\xea;\xd8qZ\xa4\x09\xe6\x9e\x95lz\xb3\
\xd0\xf4\xc0\x9aD\xc6\xd4\xc1+\xca\xed\x1a9\xe3\xc8t\
A\x10s \xca\x0a\x1a\xff\x03\x90\x09\x01\x7f#\xe2\x09\
@\x12\x9d\x98\x1f\xd6\x8d\xae\xd3X\xde\xe7a\xcd\xbf\xef\
\xb6\xde\xfe\x09L]\xdc\x8d\x10\xffo\x0d\xee\xd7_\x0a\
F\xf2\xc2\xb3\x11q\x11=\x8fd\x11\xe2\xbfp\xbe\x83\
U\xb7\x14\xa3\xfd\xec\xe8\x9b\x9d\x92\x11\xa5\xa7\xcf\x22\xfb\
\xe0\x8e?\x1b\xce\xba\xc5\xe2C\x0a\x81\x8a\x12\xab`\xe7\
\xfc\xe9\xf6_5\xe2$\x5cH\x03 \x09\xbdD\x19I\
 6\x04t\x06\x8a\xb6\xa0\xdd\xd4;R[v\xbc\xa3\
xa\xe0\xfe\xf6\xe3\xfd/j\xdf{\x0d\xa3\xf1o\xcf\
\x8a\x19D\x9ac\xb6\xba<\x88\xcd*\xb7\xf2\xa5\x84\xb3\
\x17\x04/\xe6\x06\xbe\xc9\xf9]v\xa4\x8f\x18\x81\xfd\xaa\
\x88\xe08e\x97\xc7M\x0d<\x86\xa5n\x1b\x5c,\x83\
\x93\xa5~\xfe\xd8E\xcc\xa1;\x92A/((\x09\x7f\
\xe1\xa9\xd0\xae7za\x1a\xdb\x1b\xbf\x13\x02\xbf\x13F\
U\x1b\x120]\x1bj\xea|:\x88\x8b@\x1c\x80\x0a\
VA\x88w hX\x89e\x16\xab\x1e\x96\xf0\x14X\
E\x7f\xc8\xe9\x99\xe9\x87\x1b<\xbb\xa6\xf1\xda\x06\x02v\
<\xf7\xcb\xfb\x91\xa4h\xaf\xf2\x8a\xbf\xe3l\xedx\x87\
\xacV@\x99\xd0\x0d\x08\xf8\xe3\x9c\x7f\x80\xbb&\xff\xd2\
\x00\xa8\xc9ne\xa3H\xa0R\x04\xac\x82MC\xe9\xfa\
P\xfe\x05\x9dn\xd8\x87\xf9\xec}\xde\xe8\x1b\x1ev\x10\
|\x12;\xf4\xc9\x09S\x88N\xff|\xa0`\xac\xa2*\
\x17g\x01\xe3\xe0\x86b\x82\xa2\x9f\x17\xf8VR\xfa\xa7\
\xdc\xb6\xdc\xdd\x9f\xc0\xda\xf6\xbc\xc9\x0d\xbc\xcb\xdd\xb2\xe3\
@)\xa9\xcdUY\xf6\x87\xbc7\x12\x9d\x9e(\xe5_\
N\xa4\xc1L\x8d\xcb(\xdf\xb8\xcd\x1be]\xbf\xc2\xfa\
\xff{\xd4\x89\xfe\x97pR;\xf2 \xfcy\xdfL\x1e\
\x84\x9bX\xe2\x84\xc0\xf32\xdf\xd0*\x19N7\x14}\
p\xad\xf0l;y\xee\x00\xe6\x22\xdeey*\xfd\x09\
x!\x5c\xc4&\xa8\x92\xf2\x8f]\xf0d9+\xbe\x0e\
\x91\x00\x0d\x80\x10a\xb2(\x12\xa8#\x02\xc8$\xa72\
Hs\xebC\xf9\x8b\x12n\xc0\x9c\xf1\xa7\xec\x96\xb6\xc8\
6\xd7v\xfc\xdc&I:\x83\xd1\xac;\xb3z|6\
\x11\x8d,]\x832\xb2\xa3\xcf@)\x09\xb7@\xd1\xb7\
\xe7\xf6\xcd&\xbf\x91\xeb\x8d6\xe3:\xa7\xefu7\xdf\
~\x00{\xd0c\x81\x5cN\x92\x07I\x94\xbf\xacI\xaf\
\x95g\x182!\x22\xd7\x0f6\xd9A\xf2#\x1f\xf9\x02\
\x0e\xe8T\xc3\x01d2T\xc8\x84\xf8\x9b\x88\x13\xf8\x06\
xoD\xf2\x1f\x1f\x8ceKA\xb1\xb5l\x0e\x85`\
-\x7f9\xcb\x80\xa7(z\x9c}\xafe(}!\x09\
\x99\x94\xc1\xc8^=\x8et\xc0.\xfaO\xb2\x09*\xf4\
\xa1\xf0\x14\x96X9\xc1\xa3^\x08\xd4\xca\x8f\xa7^\xfa\
\x8b\xed$\x81\xb8\x11\x10%\xdc\x00\xe5d\xcc\xf5+\xd8\
!NF\xe1\xdaq\xd7o~\x0c\x7f\xf0\xda\xdc\x88\xc8\
\x9bIE\x0b\xe3\xa0u\x8eq W\xe0\xe4\x1b\x8a\x1e\
\xa3{(y7H\x7f\x8br0W\x1e(}\xb8\xc0\
m\xc1\xf1\x8c\xf2G[\xd6x\xd8g2\xb6\x06\x86\x81\
4\xe1\xfb\xe3\xa3\xbeNg\xf6\x22%\xf2\xde\x99D<\
\xa5\xe2a,H\x16\xc5\xf6+\xfb~\xcb\x9c87'\
\x8b\xa2P\xbf\xa1\xe8\xf5\xe3\xce\xa6\xad\xae\xf1$\x81\x9f\
l\x87(3\x0804d\xb4?v\xa1dD\xc9\xc7\
L\xed[\xe2Zg\xff\xa7\x01Pg\x1d\xce\xe6\x92@\
E\x08`B\x1e\xaa\x1fn\xf8\xd2\x145F\x956\xdf\
\xff\xdc\xba\x960\x0e\xe4\xc42E/Z\xfe\x86C\xbf\
t\x1d\xce\x98Q\xfa7\xbe\x99[~M\xbds\xd1J\
\xbb\x9a\xc1L\xe7}S\xc8\xc1 (\xb1\x95V\xca+\
xVd\x1f\x85\x03NC\xd3\x81\xb2\x0c\xca\x16\xc2\x5c\
E\x7fQ6\x14\x9a\xe5iK\xd1\x18\xed\x07J\xbf.\
pZ,\xfc\xdf<\x024\x00\xe6\x01\xe1[\x12 \x81\
\xb5\x13\x80NY c\x5cI\x81-l\x1cH\x9d\xa2\
\x89J\xa3\xfb\xb9:\xa9t\xdd\xda\xa5Jh\x09\xd8\xa2\
y\x86\xcbl\x03\x02>\xe2)0\xb9q\xd8\x0273\
*W\xf4\xc1\xf9R\x80}]\xfe\xc1l\xa9|Qo\
\x04h\x00\x84\xd8\xe3\xc1\x1c\x1c\xdc\x9b\x9e\xcc\xe7\xc9\x0f\
\x90\xbf\xb3\x10\x01\xb3\xa8\x9a \x80\xdf\xc4\x02\xc6\x814\
\xedf%V\x13\x0d\xael#\xecJ\x82\x85\xaa\xa0\xa2\
_\x88\x0a?+' \xd3E<B\x22 \xa98\xe5\
\x90]\xcddg.\xfc\x00\xa9\xffCb\xcbbH\x80\
\x04H\x80\x04\xc2%@\x03 D\x9e\xb2\xbb\x96\x14\xe7\
cG.o\xec\xa2D9\xcb\x9c%\x8d\x00\x81\xc2\x83\
\x04H\x80\x04VJ\x00\x81\xa0x\x80\xfaN~\x13\x9f\
\xa3+e\xb7\x8c\xf3i\x00,\x03\xd2\xb2O\xe9\xee\xf6\
dM\xee\xccv\x9cOa}\xb4\x5c*K\xa4x\x90\
\x00\x09\x90\x00\x09\xac\x84\x80\xcc\x08\x95\xe0\xbb>\xf7\x00\
\x00@\x00IDAT\xb6 nin\x9c\xe4t\xf5\
J\xd8-\xf3\x5c\x1a\x00\xcb\x04\xb5\xdc\xd3z\x91\xbaS\
\xceE\x04\x80\xac\xbb\xe1A\x02$@\x02$\xb0\x1a\x02\
X\xad(I\x91`\x07|\xaf\xff\xf7w\x8d\xda\x22n\
\xda1q5\x05\xf3\x9a\x80\x00\x0d\x80\x80DH\x7f\x83\
l\x5c\xc8\xb0E\xb6!1e1$@\x02\xf5H\xc0\
\xf8\xd80\x09\x0d\xd7\xdf\x93\xd6g\x8f!\x81\x11\x8fP\
\x09PI\x85\x8a\xf3Fa>\xb2u\xddx\xc7W$\
@\x02$@\x02+#\x80\xb1?\x12\x1f\x22\xe3\xe1:\
\xb9N\xf63\xe0\x11.\x01\x1a\x00\xe1\xf2\x9c-MR\
\x98JZT\xc6\x00\xce\x22\xe1\x0b\x12 \x01\x12X1\
\x01d\x97\xb4\xc1\xd5\x81wu\xc5\x05\xf0\x82E\x09\xd0\
\x00X\x14\xcd\xea\xbe\x08lTIu*\x9b\x95\xc0}\
E\xc6\xabC\xc9\xabH\x80\x04\xea\x98\x80\xcd\x0a!\xf9\
T$\xaf\x0a\x8e\xe0\xd9Z\xc7HBo:\x95S\xd8\
He\xabS\xecv6\xf8@\xe7\xd3fj\xe2I\xa7\
y\xa3\xa4\xf3\xe4J\x80\xb09\xb3<\x12 \x81\x9a&\
\x809T#\xf9T$\xaf\x8a44\xc8\xb3R\xd3\x8d\
\x8e\xb8q4\x00*\x00\xbcK\x9d\xb19\xbce\xd7-\
\xdd\xb2Aj\xa0\x01P\x01\xce,\x92\x04H\xa0F\x09\
\xd8\xe5\xff\xaaA\xf2\xa9H^\x15ie\x90g\xa5F\
[\x5c\x95f\xd1\x00\xa8\x00\xf6\xde3{\xac\xc2\xd7\xae\
\xfe\xa6\x7fq\xa0\x07\x91\xac\x8d\xa8\xc6\xba\xb1*P\x1d\
\x8b$\x01\x12 \x81\xda\x22\x80\xad\x8e\x9d\x0d\xb7Iv\
\xe8\xa7%\xaf\x8a\xe4WQ\xc8\xb3R[\x8d\xac~k\
h\x00T\xa2\x0f\x8ej\x7f\xf7\x97~\x9e\x19x\xff\xce\
\xd7|\xe5?_\x0a\x06\xa4\x17\xa0\x12\xa8Y&\x09\x90\
@\xed\x11\xc0\xf6\xd0\xca\xe4'\x14\x82\xa9\xafI\xebz\
\xb7\xee\xb1\x81\x80\xb5\xd7\xd2\xea\xb6\x88\x06@\x85\xf8\xf7\
=\xfa\x96\xbc\x18\x01\xc3\x0f\xde\xf1\x15\x95\x9bx\xc6\xdd\
\xbc#\x83\xaa\xa6T\xb0\xc7y\x85\xeae\xb1$@\x02\
$\x90p\x02\xd3z\xe3\xd6\xb4\x9f\xcf}i\xf0\xc1]\
O\xab\xa3\xaf\xa4\xd4~\xcdi\xd4\x0at*\x0d\x80\x0a\
@\x0d\x8a\xec\xbb\xfd\xc7\xf6\xa6\xf5\x8d\xffU\xef\xf2\xf0\
O\x9c\x96\x8dMHm\x99\xa7\x11\x10\x10\xe2_\x12 \
\x01\x12\x98C@\xf2\xa7\xb8\xfe\xd5\x11\x03/\xc0\xb7\xec\
7{\xeeaN\x959\x88\xc2{C\x03 <\x967\
\x97\x849\xab\xec\xb1\xd7\xd3\xf0\x02\xfc\xd88\xde?\xf6\
'\xae\xfd\xd4Y\xb7)\x83\xcc\x16\xb2>\x90\x07\x09\x90\
\x00\x09\x90\xc0\x0d\x022\xc7\x9fO\xdd\xde\xe9b\xf1\xdf\
\xd1\xa1\xc3\x1d\xdf+\xcd\xfd\x97\x96\x01\xde8\x8d\xaf\xc2\
\x22@\x03 ,\x92\x8b\x94\xd3\x83e\x81\xbb_\xc4T\
\xc0\x03o\xfe\xa9\xd1\x85\xdf\xf5\xc7\xc7~\x82\xe9\x00\xe4\
\xb74\xd3\xb8\x84\xfb\x05,\xc2\x8d\x1f\x93\x00\x09\xd4\x11\
\x01\xa3\xf2\x08\x96v\x9d\xe6\x0d\x8d\xc5\x0b\x03\x9fQS\
\xee\x9fH\xeb{\xbb\xbb\xe49\xc9\xa3B\x04h\x00T\
\x08ly\xb1}\x07\x11\x0f\x10\x18\x01\xca\xbc\xcf\xbfr\
\xfe\x19\x9dinp6lAnk\xccm\x19\x03C\
\x80Vn93\xbe&\x01\x12\xa8u\x02x\xe6\xd9g\
\x9f\x9av\xb7\xb6gTa\xaa\xc7\x9b\xbc\xf6\xe1\xa1\x07\
v\xfe\xd1\xf0\x91\xb6I|gs\x01\xd5:\x85j\xb6\
\x8f[,FD_\x8c\x00\x99\x0e\xe8\xc1t\x00\xaa\xfc\
p\xdb\x89s\xfd\xce\xf4\xe4m:\xd3\xf2Q\xa7i\x9d\
\xf2\xa7\xc6\x11\xf5:9\x8d;^\x07\x13^r\xf7\xe3\
'\x90\x92\xad\x05#\x12\x93\xd5\x90\x00\x09\x90@\xe8\x04\
\xf0\x00+\xccy\xae\xc9\xa3-\xd3\xd4\x80g\x9f\xebO\
^S\xfe\xa5\xa1g<\xdf<w\xfe\xa1]=\xe2\xf6\
\xef=\xb4\xa7\x80X\xa9\xe0\x92\xd0\xe5a\x81%\x024\
\x00\x22\xbc\x13d:@\x9d:\xe5\xaa\xad\x87\xf4\xf0~\
\xfd\x05\xa9\xba\xfdx\xff\x98\x9f\x9f\xf0q\xa7\xbf\xd3\xdd\
\xdcv\xc0L\xe7p\xdf\x8b\xbe\xb7\xea_\x99\xebW\xe4\
\xb49\x86\x81|\xc0\x83\x04H\x80\x04\xe2O@t8\
\x92\xf9\xaekMk\x9b\x15\x1d\xef\x91\xde\xd7ihT\
\xde\x95\xe1\x97\xf1\xec\xfb\x9e\xc1\x17C\x87w>)m\
\x11Oi/\x06K\xf1oWmHH\x03 \xea~\
\x9cIfa\xbd\x01\xadY\x7f\xa8[\xdb\x1b\x1f\x86\xc1\
\x17\xdb\xaf\xec{\x1c\xca?\x85\x05\xaf\xd8\xffB\x06\xff\
\xb2\xfd\xa5~\xdc\xdd\xb4\xb5\xc1x0\x88\xe9\x08\x88\xba\
\xb7X\x1f\x09\x90\xc0Z\x08`C4\xd9\x13\xc5\xbb~\
\xe5i\xd9\x1f%\xd8$\xcd\x1f7\xc5\xa1\xc6\x1f=5\
\x9b\xdcG\x96\xfa\xed\x191\xe2)]Ku\xbcve\
\x04h\x00\xac\x8cWhg[o\x80\x94\xf6\x8aIu\
\x8d\x9cq$\xd8eH\xa9\xcf\xce\xaf\xa0\xed\xe4\xb9\xbf\
\xf5\xc7F\xee5\xda\x8c\x1b\xd9a\x90\x07\x09\x90\x00\x09\
$\x81\x00t\xbf\xf6\x91\x0f\x15\x8a\x7fX\xd6\xf3/p\
Xw\xbf$\xf9\xe1:\xff\x05\xe8T\xfe#\x1a\x00\x95\
g\xbct\x0d\xb8\xf1{\xed\x19\x18\xf0\x1f\xebI\x05[\
^\xca\xceW]\xadM\xba\xb7{\xd7\xcbx)\xffx\
\x90\x00\x09\x90@2\x09`\x83\xb4\xec\xa8rz\xb0\xa7\
\x9f<\xe3\xec\xce~G\xb2\xc5\xden\xcd(\xff*\xf6\
(\x0d\x80*\xc2\x9f[5\x02^\x8e\xa8B\xf9\x96\x97\
\xd60@\xcc@v\xf4\xd0\xec\x0fg\xee5|G\x02\
$@\x02\xf1&`\x9fi\xddZ\x9em\xdc\xd67f\
]E\x03 f\x1dr\x938\x88\x19\xe0\x0f\xe7&*\
\xfc\x80\x04H\x80\x04H`\x8d\x04\x98\x07`\x8d\x00y\
9\x09\x90\x00\x09\x90\x00\x09$\x91\x00\x0d\x80$\xf6\x1a\
e&\x01\x12 \x01\x12 \x815\x12\xa0\x01\xb0F\x80\
\xbc\x9c\x04H\x80\x04H\x80\x04\x92H\x80\x06@\x12{\
\x8d2\x93\x00\x09\x90\x00\x09\x90\xc0\x1a\x09\xd0\x00X#\
@^N\x02$@\x02$@\x02I$@\x03 \x89\
\xbdF\x99I\x80\x04H\x80\x04H`\x8d\x04h\x00\xac\
\x11 /'\x01\x12 \x01\x12 \x81$\x12\xa0\x01\x90\
\xc4^\xa3\xcc$@\x02$@\x02$\xb0F\x02L\x04\
\xb4F\x80\x91\x5c\x8em\x84\x83\x14\xc1\x91\xd4\xc7J\x22\
!`3\xa4\xc9\x0e\x91<H\x80\x04H\xa0\x0a\x04h\
\x00T\x01\xfa\x92U\x1a\xe3d\x9fUn)gvV\
\xf5\xb4*_\x95\xd2h.y\x19\xbfL(\x81\xb2\x1c\
\xe9\xb6\x05\xc8\x8f\x8e\x1d \xb9\x0fzB\xbb\x93b\x93\
@\x92\x08\xd0\x00\x88Ko\x1d5\xce\xee\xbb\xfa\xd2}\
Z\xe712\xc4\x8e\xc03\x1bf\xe0o\xc7\xc9\x81\xc7\
\xb0\x13`\x8bq\x8c\x87ot\x5cD\xa6\x1c\xab$P\
\xb6K\xda`\xb7~:H\xf5\x1c\x94fwH;\xb3\
\xa7\xa8\x8ej{\x1f\x04\x9f\xf3o9\x81\xb9\x9bg\x95\
\x7f\xc3\xd7\xf1'P\xf2~\xd1\xd8\xadvO\xd1\x00\xa8\
v\x0f\xa0\xfe\xdd_\xfay\xa6\xefQ\x9d\xefS*\xdf\
q|\xe0.l\xfd\xdb\x0d5\x7fUD\x13\xc5\xaf2\
\xcd\x8f9\x99&\x98\x05\xd4\x071\xe8\xaepD\x98\xd9\
'\xbd\xed\xf8\xb9V\xad\xb0O\xba6)\xa3ta\xa8\
\xb1\xf3\xa9`\x87\xb4\xd2}Q\xe7\xfb\xa3\xcf\xf1\x88\x95\
\x8c\xe2\xd2.\x99\xd8En\xde\xe6Y\xe1t\x0cK\x89\
\x92\x805vG\xa7L0\xc5I\xc3 J\xfaJ\xd1\
\x00\x88\x96\xf7\xdc\xda\x8e\x1eE\x10\xe6\xa7\x95(\xff\xf6\
\x17\x06\xf7\x19c\xee\x83\xc2\xbf\xdf\xdd\xda\xb9\xcfL^\
W\xcaq\xc5\x02P\xfe\xf8\xa8gr\xe3\xd0\xfe\x1c\xfc\
\xcf\x05\x98\xe4w\xe2\xe5\xd7\x8e\xbb~\xf3c\xf8c\xfb\
\xd9ihTmW\x06~C\x1f\xef\x7fMk\xfdW\
}\x87;\x7fd\x1f\x90\x87\xf6\x14\x14,\x84$\xb7v\
E\xb2C\xe9\xabg{\xdc\xdd\xf9\x8d\xceB\x1e\xb1`\
\x97\xcc\xf6\xdc\xbe\xc7\xc1)\x85\x1f\x86\x81q\xcc\x1f\xc7\
\x8a W\xe9d\xc7A\xe7b\x8e\xcb\x98\xe2P\xe3i\
\x18\xbb]v;`\xab\xf8\xcbD\xa2\x17\xac\x0cF\x05\
_\xd2\x00\xa8 \xdc%\x8b\xc66\xbf\x0a;\xfdu\x9d\
:\xd40v\xe2\xdc\x1f\xe0\x01\xf6\xbe\xf4\xb6\xce\xbd\xde\
\xe57\x9472\x90\xc7\xb5\xd0\xfe\x0a~N{\xa4\xf1\
\x9b\x91\xf7<j\x86@\xa9g\xcd\xf8h\xc1\x9a\x02h\
\x97(2\x18\x01\xf7\xbb\x1b\xb7\xde\xef]\xec?\xd8v\
\xa2\xff\xb9\xde\xee\x9d\xcf\xd8&\x8b\xb1x\xf4h\xcd\xbb\
\x80\xac\xd7\x03\xd3`\x82\x03\x1e1\xd5\xf9B\xff^8\
\xbe\xde\x03C\xf8*<$.\xbc%\x0e<d\xe3:\
\xa7\xefu7\xef8`\xa6s\xca\xd5\xd4\xfd\xf6\x1eI\
\xca\xff\x8cQb\xec\xb6_\xd9\xf7[\xe6\xc4\xb9\xefj\
\xa3\xd7\x19G{7\x0c\x03z\xc1\xa2\xeaJ\x1a\x00Q\
\x91.\xaf\x07\xf3\xfd\x08\xec\xb3{c\x8f\xe5\xd7\xff\xa5\
{[\xc7o\xfbc\x17T\xf1B\x7f\x1e#=({\
\x95\x09N\xaf\x9fa_\xd0\xe2\xfa\xfa\x8b\xfe\x95\xfe\xc6\
\x10\xb6t\x98|\xce/\x8e\x0cL\xebLs\xd6M\xa5\
\xb3\xed'\x07\xb7\xeb\x8cyj\xb0\xbbsJ\x19\xd8\x83\
\xb5\xea\x09@0\xa4R\xdfT}\xddo\xc9\xcf(\xfd\
\xf7\xc2\x22\x1a\x80\xf2\x7f/<b{K\x1e1\xa8\x08\
9\xe011\xd3S\xca\xbbr~\x1a\xaa\xbf\x8e\x5c#\
\xa5\xe6'\xfd\xffb\xae\x89\xb1\xab\x1b[\x0e8\x0dM\
\x07\xc4\xcbi\x8f\x19\xc3\x80^\xb0\xe8z\x98\x06@t\
\xac\x83\x9b\x5c\x1e\xe2\xbe<\xcc\xdbN\x0e\xbc\xe8\xac\xdb\
|\xbfwi0\x07\x0d\xd0\x80\xcfg\x15\x7f\xd4b\xb1\
\xbe\x98\x10\xd0J\xb4\x5c#\x14\x9c\x87\x7f\x85\xd4\xf6\xce\
O\x15/\x0e\x89p\x7f\xd4\xf5\xcd3i\xb8\xbf\xad\xcb\
4&\xd2\x86\x22\x86u\xf7vcN\x1fF@\xfb\x89\
\xc1\x7f\xed\xf9\xfe\xef\xa7n\xeb\xb8\xd3\xe4'\x95\xc9M\
\xcc\xf1\x88\x95*\xb4>\x13\xe1\xd4\x10\x18N\xa1\x08\xc2\
B\x22!\x10\xf4\x19\xfav\xce\xd4f`\x18,\xee\x05\
\xc3\xc0\x89\x81\xb1\xa1\xf6\xd1\x8cI\x1dj\x99,l)\
\x02\x7f\xfc}\xeb\xcao?9\xf0\x99\xd4\xe6\x1d\xf7\xfb\
\xd7\xaf\xe4pz#\xa6\xf7\xd9\x17Kq\xab\xbf\xef\xe4\
>\xc9\x14/\x0c\xe4\x9c\xa6u\x9f\xc2t\xc0\x87d\xbe\
T\x5c\xe4\xb5\x84\xa2\xa4\xfc\xbb\xa6o\x7f\xe1\xdc\x9e\xf6\
\xdc\xe0\xff\xe3\xb6n\xfb\xf7N\xaa\xe1N\x18\xc5y\xfc\
6\x0af:/\xc3Ci\xb3\x0cV\xc4[\x82\x7f\xd6\
K\xc6)1\xc0H\xf8\x81>\xb4}i\xfb\x15\x86\x81\
\xfcm\x98\xf1\x82\xe5\x10\xfc\x9cu\x9b7|\x05\xf1Q\
\x9f\xb1\xde/Q\xfe6n*\xe1\xad\x8e\x91\xf8T:\
\x11vF\x16\x09}\xd4\xd1\xfd\xc5\xb6\xe3\x03\x1f\xd5M\
\xeb?!.LT\xdf\x18\xa1\x08\xac*Y\x04dP\
\x946\xc5\x82X\x87\x0f\xb5?\xf7\xcb}}\x8fbU\
\x80L!\xd5\xc0\x11(\x7fY\xf9\x922\xfa\x9b\xce\x86\
\xcdw{\xa3oL\x99\xe2t\xa0\xf4\xd34\x8ck\xa0\
\xa3W\xda\x842/\x98?ym\xda\xdd\xb4\xfd\x93\xed\
'\xfb\xff\x9b\xdc/\x124\xcd#<\x025\xf1 \x09\
\x0fGeK\xeai\xcd\xda\xc9.\xc7\xf1\xb7\xea\x14\xee\
\xe5\xd9\x18\xbf\xca\xd6\xcb\xd2\x13M\xc0\xc5T@\xce\xdd\
\xd6y\xa7v\x9c\xfb\xa5%\x92/\x22\xd1-\x82\xf0\xd9\
c&-\x1e\x8d\x8e?\x1b\xb8K55\xffH\xa5\x1b\
\xf7\xf8\xd7.\xc3 \xd6X\xefJoX\xd2\xfb7$\
\xf9\xc5\xcb\xd3\x80\x81\xd2\xa4{[\xe7\xc1\xb1\xdc\xba?\
\x90)\x80Z\xf3\x82\x85\xc4jU\xc5\xd0\x00X\x15\xb6\
U\x5c\xf4\x8aII\xe0_\xfb\xf1\xfe'TC\xcbG\
\xfd\xeb\x97%\xe3[\xe2\x1f\xe4\xab \xc1KVN\xa0\
AV\x87 \x0a\xfe>\x19-\xf7\x1d\x84\x17@\x96\xca\
%\xf5\xc0\x0a\x98\x9e#\xba\xd0v|\xe8\xed\xbeg\xbe\
\xa6|O\x82\xfaD\xf9\xc3*\x0ef\x88\x93\xda8\xca\
\x1d:\x01\xa3\x1a%H\x1a\xf7\xc7\xfbd\xb9t-y\
\xc1Bg\xb5\xc2\x02\x93\xfb\x10YaC\xab}z\xd7\
\xc8\x19\xcb\x1aA\xdc>\xe6tE\x9c\x99\xd0\xd7jK\
\xc6\xfa\x13@\x009 \x0byx\x01\xf6a\x09\xdc?\
\x13y\xb3X'\x9f\x00\xb9\x17\x16q\xeb!\x99\xdaP\
X\xf9\xf5\xc1\xd4\x96\xb6.,\xe5C\x1c\x8cC\xe5\xbf\
0-~\x8a)\x01S\x98\xce\xa7\xb0LZ{^\xcd\
x\xc1\xe2\xd0\xb14\x00\x22\xe9\x05\xa3m\xc2\x0b\x8c|\
0\xbey\xa7?5.\xb5&\xf7\x01\x1e\x093V2\
\x8f\x80cJ\xf7\xcd\x90|\x9ekm\xb2Jt\xde9\
\xb1\x7fk\xe3`\xf6\xebb\xdb\x89s\x1fS\x0dM\x1f\
\xf2.\x0f\xcd\xc4\xc1p\xe4\x1f\xfb\xce\xab\xa6\x80X\x1e\
}\x93\x17\xacFba\xaa\x89\x95\x06@\x14\xf4\x8f\xf5\
\xd8\xe5\x96\x92\xb9\xcc\xdd\xdcv\x00\xcb\x9b\xe4\xa1WW\
\x06\x00\xb4\x95\xeczW\xa9\x7f\x98N\xa9\xf9\x03\xa3 \
\xc9\x8f\xa3\xeeS0$K\x19\xd4\x82<Q\xc9i\xfb\
l\x1c\x8cV\xb7\xe9\xc6f\x08\xce,>\xc9\xe9\xbd\xaa\
J:\xeb\x05\xc34\xd1!\x91$\xbb#\xc1^\xb0\xaa\
\xa2\xbcQ9\xf3\x00\xdc`Q\xb1W\x92\xe7ZR]\
je\xd2\x92\xb9\x0c\xca\xb0\xbe\x92\x97 q\x8b^\xdf\
\x9aF\xfe\xcf\xf0\x19\x8b\xfe\xf0\xb0G\xd2\x84l\x9dP\
\x81\xf2\xc3\x97x\xb5%\xbab8J\xf6;dP{\
\x1cn\x80\xcf*1,\x91\x0f\x7f\xb5\x05F~\x9d\xc4\
\xc1`\xf4\xdfq\xe2\xdc\xc7Uf\xddG\x11\xf4'\x86\
\x1b\xe3`\x22\xef\x88\xc4V\xe8\xda\x84P\xcaLH\x0b\
\x92\xea\x05\x8b\x13}\x1a\x00\x11\xf6\x86\xaf\x1d_\xd2\x96\
\xd6\xb4\x9a*\xe7)M\xd5\x8eF\x9a\xe3I\xff\xea\xe5\
\xcf#\xdd'\x16@\xf8\xa1mq\xe7 X\xdc\x88\xf6\
W\xce&\x98T\x1fA]i\x04\xc7\x95KPS\xaf\
\xad\xe1h\x0dHc\x95f`X&\xa5\x91\xd9\x9f)\
-\x86\xb0\x8f\xa0.7\xd3\x8c$?\xe3\xe8,\xb4\x8a\
\x07\x09,\x8f\x80\xebO\x8c\x89\xd3\xe8\x93m'\xcf\xfd\
\xa0\xb7{\xd7\xcb\xe2\x0d\x93\x94\xea\xcb\xbb\x9cg\xcd'\
@\x03`>\x91\x0a\xbc\x0f6\xba\xd0\xbe\xa4;\xad\xb3\
Cv0\xd4N\xb3\xef{/\x9e\x7f`g\x80\x22T\
\x08\x1d'\xcf=\xa2\x9b[\xd3x8\xc8\x88\xb2f\xef\
i1m\xb0\xf9\x8d\x12C2T\x80\x11\x15\xd6\xd3:\
\x13\xf8\xaa\x9d\x8c\xf2\xa4\xab\xe8\xfe\x8f\x08}\xadT#\
\xd6\x22\xf2\x02lk\xf0\xc7F\xee\xc5\xeb\x97\xb3\xa3\x87\
\x1c<Th\x00\xac\xb2\x87k\xf6a\xb9J\x1e\x15\xb9\
\xccn_\x8a\x92e\x13\x13\xc9c^rU\xd7\xc1\xc8\
\x07\xe3\x7f4v\xda\xdd\xb0\xa5A]\x1by\x1f^\xf7\
\xb4\x1d\x1bn\xde\xa1\x86Cq[\x9fWm\xe9\xe1#\
m\x93\xc8\xaa|\x87v\xc5\xb6\x92\xe1\x7f\x1dpM\xe2\
\xcew\x92\x04\xab[\x17:N\x0e<\x86\x0co\x1f\x97\
\x1d.\xd1a|\xfe\x00\x02\x8f\xe5\x13\xc0\xaf[Kb\
,\xec\x91j\xa7\x01z\xec\xe4\xea\xf2\xaf\xe7\x99s\x09\
\xf0\x078\x97G\x05\xde\xc9\x0a\x00\xc9s~\xca\x95\x1d\
\xcc$\xbf9\xee\xe1z\x0a\xbe\xc4\xc2Gk\xa0\xc3w\
\xa7\xd40\x94\xff\xf0\x91;C1\x00\x10Q\x8e\xf2\xc4\
\xb0\xc2\xeeq\xd6\xf5_\x07\xca_ &\xf0\x08\xa6+\
\xb0\xddu\x8b\x93i\x12\xf7\xbf\xb8\x86\xea\xcf#\x96\xc0\
\xbe\x8b\x93\xc8\x81\x17\x8c\xb9\xa2\xc2\xe9\x95zRD\xe1\
\x10[i)sV\x00`\xfb\xd2:\x5c\x01 \xc8\xf0\
\xe0\xb7\x0f{Q\x04\xa1\x1fI\x1c\x11\x87\x0e!\x19\x05\
\xca\xb6\xaf\x88\x09\x81\xb04\xd6\x92\xd1c\xf1\x94R\x02\
\xaaE2\xf1\xae\xc6S\xc2dHE\x03\xa0\xc2\xfd\x14\
(\xbc\xf2\x15\x00\x15\xae\x92\xc5\x93@|\x09\xd0X\x8b\
o\xdf$C\xb2\x146\x89\x12I\x1fG \xe0\x81 \
\xbfJ2D\x8f\x9f\x944\x00\x22\xea\x13\x1b\xb8UO\
+\x00\x22\xe2Z\x8f\xd5`?i\xfb\xbb\xadHDe\
=\x02e\x9b\x93D@F\xfc\x12\x08\xe8:\xc6\x91@\
@%\x81\x80Ij@\x9cd%\xb8\xa8z\x83#\x9f\
\xa8H\xd7p=\x12\xe3\x88\x9c\x0aZ\xdbT\x92Y\x15\
\xf8\x97j\xb8\xc9l\x1a\x09\xcc#\x00\x0b\xc0\x06\x02\xda\
\xa0j|\xc7@\xc0y\x80V\xf0\x96\x06\xc0\x0a`\xf1\
T\x12\xa8.\x01\xed`\xd3\x1c\x88`\xde)r\xc8\x86\
:\xd5\x95\x87\xb5\x93@\xf4\x04$\x10PV\x90V4\
\xae(\xfafU\xa5F\x1a\x00U\xc1\xceJI`\x15\
\x04dS\x94\xfc\x94$\x92z\xe7\xce?;\xd7jK\
\xc0\x1a\xc8U\x94\xc4KH\x80\x04H\x80\xfbn\xf3\x1e\
 \x81\xc4\x10\x90\xa1\x8fcm\xf6\x89\xc9\x5cs=\xec\
\x7f\x90\x98\xae\xa1\xa0$\x90D\x02\xf4\x00$\xb1\xd7(\
s\xfd\x12@\xbe\x03\x0c\xf9\x1d?3\xc6\x91\x7f\xfd\xde\
\x05l9\x09\x84B\x80\x06@(\x18Y\x08\x09\x90\x00\
\x09\x90\x00\x09$\x8b\x00\x0d\x80d\xf5\x17\xa5%\x01\x12\
 \x01\x12 \x81P\x08\xd0\x00\x08\x05#\x0b!\x01\x12\
 \x01\x12 \x81d\x11\xa0\x01\x90\xac\xfe\xa2\xb4$@\
\x02$@\x02$\x10\x0a\x01\x1a\x00\xa1`d!$@\
\x02$@\x02$\x90,\x024\x00\x92\xd5_\x94\x96\x04\
H\x80\x04H\x80\x04B!@\x03 \x14\x8c,\x84\x04\
H\x80\x04H\x80\x04\x92E\x80\x06@\xb2\xfa\x8b\xd2\x92\
\x00\x09\x90\x00\x09\x90@(\x04h\x00\x84\x82\x91\x85\x90\
\x00\x09\x90\x00\x09\x90@\xb2\x08\xd0\x00HV\x7fQZ\
\x12 \x01\x12 \x01\x12\x08\x85\x00\x0d\x80P0\xb2\x10\
\x12 \x01\x12 \x01\x12H\x16\x01\x1a\x00\xc9\xea/J\
K\x02$@\x02$@\x02\xa1\x10\xa0\x01\x10\x0aF\x16\
B\x02$@\x02$@\x02\xc9\x22@\x03 Y\xfdE\
iI\x80\x04H\x80\x04H \x14\x024\x00B\xc1\xc8\
BnI\xc0qd7{\x1e$@\x02$@\x021\
!\x90\x8a\x89\x1c\x14#:\x02ET\x15\xa52.(\
\xdfK;\xc6\x0f\xdd\xd8\xec\x99a\xa6\x95\xf6\x94'\xcd\
R\x85\x99\x8f\x22\xf8\x03\x84F\xbbJ\xab\xd0\xdb\x15\x81\
\xf0\xac\x82\x04H\x80\x04\x14\x0d\x80\xba\xba\x09\xa0\xadZ\
6\xa6\x94\xebByEd\x03\x88\xf2_\xbfA\x15'\
\xaf\xe7\x05u\xa0\xb4\xc3\xc0\x9eUY[\x9ev\xccz\
\xb7u\xa3\x14\xd9\xac\xdc\x88ni\xed(\x93\x9f\xc0\xbf\
)\x1f\xf5\xd2\x08\x08\xa3CY\x06\x09\x90@\xa4\x04\x22\
zZF\xda&V\xb6\x10\x01\xad\xa1\xf4\xfd\x82?>\
\xf6e\xa5\xfc1\x0d+\xc0W\xa2\xbb*x\xc0\xed/\
#\xff\xe2\xe4\xd5|~\xba\x09\xf5\xe28\x92\xb5C\xf5\
0j\xedyDy\xea\x08J*\xfa/\x16\x87\xfb\xd1\
<}\xdd(\x03\xeb\xa6\xb2\x07<\x0e\x98\xcf\xd0\xd7\xb5\
6\x07u\xa6\xe9\x1e\x93\x83\x11@O@e\xa1\xb3t\
\x12 \x81\xd0\x09\xd0\x00\x08\x1diL\x0b4\xa6\xe8\xb4\
\xb4\xa6\xcd\xe4\xe8O\x07\x1f\xb8\xe3\xd9\xeaHi`\x85\
\xe8\xf0\x5c\x0fZ\xfb\xea\xa8q\x06\x1f\xd6\xdfG{\xe4\
_\xa4G\xdb\xf1\x01\xe5dZ\xee1\xf9I\x0f\xed\xa2\
\x17 R\xfa\xac\x8c\x04H`\xad\x04h\x00\xac\x95`\
b\xae\x87\xcf\x1f\xae\x7fc\xf4\x1d\x22r\xdb\xb1\xe1\xe6\
\x1dj8\x929s\xeb\xf6\xb7#\xff\x10\x95\xbf4B\
\x8e\xa30\x02\x8cq\xb2\xcf*\xb7\x07\x13\x02\xd9\xd2\xa7\
\x15\xfd\xff\x85\xd6\xed\xa9\xc1\xee\xce)\xad\xccz\xb8\x1d\
P\x17\xec\x1a\x1e$@\x02$\x900\x024\x00\x12\xd6\
a\xab\x17W\xa6\x00\xe0 \xd7\xda\xce\xc5\x8b\xf2\xef9\
rg$\x06\xc0\xeae^\xe6\x95\xf0\x04\xc0\xc8\xb0\xf3\
\x19a\xc6\x18,V{\xf6\xd8\xebj\x10_\x82f\x85\
\xe7P\x16\x93\x80\x9f\x93\x00\x09\x90\xc0\xda\x09\xd0m\xb9\
v\x86\xc9*\xc1\xf79\x5cMV\x8fQZ\x12 \x01\
\x12\xa8\x08\x01\x1a\x00\x15\xc1\xcaBI\x80\x04H\x80\x04\
H \xde\x04h\x00\xc4\xbb\x7f(\x1d\x09\x90\x00\x09\x90\
\x00\x09T\x84\x00\x0d\x80\x8a`e\xa1$@\x02$@\
\x02$\x10o\x024\x00\xe2\xdd?\x94\x8e\x04H\x80\x04\
H\x80\x04*B\x80\x06@E\xb0\xb2P\x12 \x01\x12\
 \x01\x12\x887\x01\x1a\x00\xf1\xee\x1fJG\x02$@\
\x02$@\x02\x15!@\x03\xa0\x22XY(\x09\x90\x00\
\x09\x90\x00\x09\xc4\x9b\x00\x0d\x80x\xf7\x0f\xa5#\x01\x12\
 \x01\x12 \x81\x8a\x10\xa0\x01P\x11\xac,\x94\x04H\
\x80\x04H\x80\x04\xe2M\x80\x06@\xbc\xfb\x87\xd2\x91\x00\
\x09\x90\x00\x09\x90@E\x08\xd0\x00\xa8\x08V\x16J\x02\
$@\x02$@\x02\xf1&@\x03 \xde\xfdC\xe9H\
\x80\x04H\x80\x04H\xa0\x22\x04h\x00T\x04+\x0b%\
\x01\x12 \x01\x12 \x81x\x13\xa0\x01\x10\xef\xfe\xa1t\
$@\x02$@\x02$P\x11\x024\x00*\x82\x95\x85\
\x92\x00\x09\x90\x00\x09\x90@\xbc\x09\xd0\x00\x88w\xffP\
:\x12 \x01\x12 \x01\x12\xa8\x08\x01\x1a\x00\x15\xc1\xca\
BI\x80\x04H\x80\x04H \xde\x04R\xf1\x16\x8f\xd2\
\x85M@+m\x8d\xbe\x0b\xad\xdbS\xd9c\xaf\x87]\
\xfc\x82\xe5\xf5\xc8\xa7G\xb2E\xa5\xb4Y\xf0\x84\xb5~\
h\x8c\x93}V\xb9=\xaaGe\xd7Z\xd62\xae\x17\
v8\xad\x10\xb0\x5c\xc6%<\x85\x04H\x80\x04bG\
\x80\x06@\xec\xba\xa4R\x02A\xf7B\xf7\x1b\xa5\xafK\
\x0d\x83\xdd\x9dS\x83\x95\xaaj\xd1r\x8d\x0e\xdd\x088\
j\x1c\xa5\xb5\x0f#\xc3\x97j\xad\xb1\xb1h\xfd\xa1}\
Q\x90\x92,KkO\x89]\x83\xa6\xf1 \x01\x12 \
\x81\x04\x11\xa0\x01\x90\xa0\xceZ\x93\xa8F\xbb&?\x01\
]i\x0e\xb6\x1d\x1f\x80\xba2\xeb\x8d2Vi\xae\xa9\
\xdc\xa5.v\x1c\xe3\x18\xdf1Z\xe7\xf3\xd3M_\xbe\
\xf4A1>B4\x020\xf2\x17\xe5\xdf\xf1\xdc/\xef\
Q)\xe7\xa0\xf1\xf5u\xb4\xc9]J\xa40\xbe\x93\x91\
\xbf(\x7fa)L\xd1$\x97\xfa?\x0c\xb2,\x83\x04\
H J\x024\x00\xa2\xa4]\xcd\xba\xb4rL~\xca\
\xd7\x99\xa6{\x9cL\xcb=\x95\xd6\xfd\xb3M\xf5=\xe5\
\xae\xdf\xa0\xd4\x85!\xf9\xe8Iu\xac'\xa5\x8e(;\
\x82\x9e=g\x95/Jn\x7f\x8c\xfc\xa1\xfcSm;\
?\xea\x8d^U\xca\x8d\xe8\x96\x16o\x0a\x94\xbf0\x85\
\xf2g,\xcd*\xfb\x90\x97\x91\x00\x09T\x8f@DO\
\xcb\xea5\x905\xcf!\xe0\x98\xdc\x94o\xf2\x93^\x84\
.kQ\xf6\xcd\xdax\x19\x91D\xe6\xe8\xc3r\xd3\xcb\
\x9c\xbf\x1c2\xf2\x17\xe5\xefO^\x9b\xc4\xdb\xb4\xfd\xb0\
\xe2\xff\x83\xdb\xbf4\xf2\xa7\xf2\xaf8kV@\x02$\
P\x09\x024\x00*A5\xcee\xda\xd1j)\x100\
21\x1dW\xf9\xda\x09}\xba!0&\xac\xdb\xbf4\
\xf2\x17\xe5\x1f\x91\x01 \xe1\x0c\x91\x11dE\x95 `\
\xe0=\x82e\xca\x8e\x0c\x07\xae\xfc\x1c`\x16G\xf4\xfb\
\x0bG\xe6z/\x85\x06@\xbd\xdf\x01Q\xb5\xdf\xf7\xa9\
.\xa3b\xcdz\x96C\xc0\xd7\x8dM\x8e\xce\xb4`.\
't\xdbt9\xf5\xd7\xde9\x1a\x91E\xd7G\xc5%\
W{m\xab\xd1\x16\xd1\x00\xa8\xd1\x8ee\xb3H\x80\x04\
\x16!\x80\x91\xbf(\x7f\xc4o|\xdf\xcf\xe5^\x8c$\
 v\x11Qj\xe1c\x99\x03\xf3\x11\xf0\xab}h~\
\xad>\xae\x1c\xa7\x19F\x00\x1cs\xf4\x91\xc5\xbd\x7fi\
\x00\xc4\xbd\x87(\x1f\x09\x90@\xb8\x04\xe0\xf6\x97\x91\xbf\
(\xff\xe1\x07;\xbf\x18n\xe1\xf5[\xda\x8e\xe7\xcfe\
\x1d\xc7\xfd7\xca\x87\x07\x80\xfe\xbeD\xdc\x084\x00\x12\
\xd1M\x14\x92\x04H <\x02\xd0Nv\xb0j\xd6K\
\x99\x1d\xa7\x06\x9a\xb6\x8f^@\xa2*\x1e\xab!p^\
\xb5\xa5\x87\x8f\xb4M:\xae~\x9f\xbba\x8b\xf2\xae\x8e\
Lc\xf4\xdf\xb0\x9a\xb2xM\xb4\x04h\x00D\xcb\x9b\
\xb5\x91\x00\x09\xc4\x84@\x90\x07C\x94\x7f\xcf\x91;C\
Y\x9a\x1a\x93\xa6E+\xc6\x8d\x8c\xa2c\x06\xcb~q\
p\xfc\x1fm\x0f\xac\xba6.aZ5:^H\x02\
$@\x02$ \xabq\xe4\xc0\xb4\x7f\xc5\x93p\x95j\
\xe2\xff\xc3\x22@\x03 ,\x92,\x87\x04H\x80\x04H\
\x80\x04\x12D\x80\x06@\x82:\x8b\xa2\x92\x00\x09\x90\x00\
\x09\x90@X\x04h\x00\x84E\x92\xe5\x90\x00\x09\x90\x00\
\x09\x90@\x82\x08\xd0\x00HPgQT\x12 \x01\x12\
 \x01\x12\x08\x8b\x00\x0d\x80\xb0H\xb2\x1c\x12 \x01\x12\
 \x01\x12H\x10\x01\x1a\x00\x09\xea,\x8aJ\x02$@\
\x02$@\x02a\x11\xa0\x01\x10\x16I\x96C\x02$@\
\x02$@\x02\x09\x22@\x03 A\x9dEQI\x80\x04\
H\x80\x04H ,\x024\x00\xc2\x22\xc9rH\x80\x04\
H\x80\x04H A\x04h\x00$\xa8\xb3(*\x09\x90\
\x00\x09\x90\x00\x09\x84E\x80\x06@X$Y\x0e\x09\x90\
\x00\x09\x90\x00\x09$\x88\x00\x0d\x80\x04u\x16E%\x01\
\x12 \x01\x12 \x81\xb0\x08\xd0\x00\x08\x8b$\xcb!\x01\
\x12 \x01\x12 \x81\x04\x11\xa0\x01P\xe1\xce\xea\x99)\
_;\xda\xee\x93Y\xe1\xeaX<\x09\x90\x00\x09\x90\x00\
\x09,\x8b\x00\x0d\x80eaZ\xfdI7\xb6\xca\xd4-\
J\xcb6\xd9f\xf5\x85\xf1J\x12\x90;\xc8\x18\xbd\xa1\
\x90\xe2o\x97w\x03\x09\x90\xc0\x9a\x08\xf0!\xb2&|\
\xb7\xbe\xb8\xa75\xeb\xcbYp\x00\xfc\xad\x99\xce\xe1\x95\
\xe6\x9e\xd9\xb7\xc6\xc63\x16# F\xa4\xd6\xc5\xb3\xd3\
\x97'\xec)bS\xf2 \x01\x12 \x81U\x10\xa0\x01\
\xb0\x0ah+\xba\xa4\x1b\xae\xff\xa3\xc6\x19<|\xc7\x8b\
&7\xf9\xa2nl\x11\xe6\x9c\x0eX\x11D\x9el\x09\
\x88\xf2\xf7\x8bF9nk[\xcb\xb6\xfd\xf6\xb3S\x8a\
\xbfa\xde\x1e$@\x02\xab\x22\xc0\x87\xc7\xaa\xb0\xad\xec\
\xa2\xec\x0eeG\xfd\xda\xf8\x7f\xab\x1b\x1aq\xb1\xb1^\
\x81\x95\x95\x92\xf0\xb3\x1d\xa7rs\x1f\x95,;N\xd8\
\xe1\xfa\xc7\x0cR\xc1]\xbfY9\x9e: \xa2eG\
i\x00\xc4\xa9\x8b(\x0b\x09$\x89@*I\xc2&U\
\xd6\x1eU\x0a\x054J\xb7h#z\xb0\x9e\xfc\xb6h\
/F\xaehwF\xfa\xef\xbcjKg\x8f\xbd\x1eJ\
WJY(\xa8`\xcb\x9e\x8d\xaf\xa8y\xb6\x8e)\xe4\
\xd1lsI \xf6\xbc\x95A%\xc2\x81\x07\x09\x90\xc0\
\xca\x09\xd0\x00X9\xb3\x15_!\x81\x80b\x02\x98z\
\x1c\xf9\x8b\xf6\xf7<\xfc\xdf\x9c\x15p\xc3G\xda&\x87\
\xe5E8GA\x8a\xb1e\xa3\x0eki\x84Sn<\
K\x91\xf1\xbfrR\xfe\xe4u\xaf\x90\xf6\x9e\xb7B\xde\
\xc3\xe9\xa4xv\x16\xa5\x22\x81\xf8\x13\xa0\x01\x10\xff>\
J\xb6\x84Z\xa7\xfc\x89\xd1\x822\xfam\xed\xc7\xcf~\
J+\xd7\xf5U83 \x0e\xbc\xdf\x06\xd6\x85\xf1\xf5\
&#uh'\x8d\x10\xf9d\xf3ZJz\xa3|\xdd\
\xd8\xe4\xfa\xb9\x89\xef^|\xdf\x9b/\xc0\xa4\x84kE\
\xd7p\x83\x97\x82\xc1\xefH\x80\x04\xd6J\x80\x06\xc0Z\
\x09\xae\xe4\xfaz\x99\xab.gb\x15\xb2\x93v\xd6m\
\xfc?\xa1\xfb\xa1\xb3L) \xa2\xfc\x9c5\xbc\xd6\xe2\
\xfa\xc7\xe8\xdf\x9f\xb8j\xcb^CQ\x09\xb8\x14\xa6N\
C\x93\xeb\xe4&\xbf'\xc2f\x8f\xa9T\xcf\x11e\xbd\
 \x09\x10\x9e\x22\x92\x00\x09\xc4\x8c\x00\x0d\x80\x08;D\
\xfb\xc6U\x8e\xc4]\xca\xa0\xad\xe6\xe7\xaa\xcb\xc8b\xe8\
:1V\x9cix\xd9\xe7\xa1\xbd\x14\x98up/\xa3\
\x99\x88\x1fE\x1e\x80uB.\x88-\x09\x8d\x22\x0b\x22\
\x01\x12\xa8+\x02u\xf0\xd0\xac~\x7f\x96e\x03\x9c0\
\xf9)\x08\xa4\xebq\xf5\x05\xef\xb5\x90n\xc5 \x96$\
\x88-\x09\xa9X\x16C\x02\xab\x22P\xf6|\xf3\xc4\xc3\
'\xd68\xe7\xa5V\x852\xf2\x8b\xf8P\x8e\x02\xf9\x91\
;\x0b\xea\x94q\x07\xbb\xf5\xd3m'\x066\xb9\xebZ\
?\xee\x8f\x8f\xca\x88\x98\xfc\xa3\xe0_ku\xd4\xe3T\
R\x05\xfa\x10\x01\x14\xd6\x10\xbf\xd0\xba=\x15\xd6\xca\x94\
\x0a\x88\x19\xfb\x22e5\x0e\x02{e*\xaaU7d\
\x10\xe1#\xf3~\xf5\xe4\xe1\x8c}\x17-* \x15\xd0\
\xa2h\xc2\xfdB\xd6k\xc3R\x86\x85\xec\xe7\x95+\xd8\
\xf9#\x09\x97p=\x94\x86\xe7*\xa6\x90\xecTR=\
4\xb7bm\x14\xfd$\x01\xa4\xfa\xbaT1\xd8\xdd9\
5X\xb1\xba\xea\xa2\xe0\xd2j\x1c_?\xef]9\xff\
\xcf\x91\xect=\x9es\xe2\x04\xa0\x15\x10\xf3\xee\xa7\x01\
\x10Q\x07\x05\xeb\xb5\x1d\xadr&?)\x0f ,\xea\
\x92\xdf\x08\x0f\x12X&\x01\xdc32\x85\x84?6\x0d\
p\xe0z]\xe6\xd5<- `\xb4k\xf2\x13\xb2\x80\
\xe2`\xdb\xf1\x01h)\xb3>\x98V\x09N\xe1\xdf\x15\
\x10\x80G\x0a\xb98\xa0K\xfc\x11\x5c\xf5\xff\xe9t\xe6\
7q\x9f\xca\x5c\x00\x0d\x80\x15`\xac\xc6\xa94\x00\xa2\
\xa2\xbe_\x17g\xa6\x01>\xdfv\xe2\x5c\xab\xdb\xd2\xfa\
\xb1\x99\xc08\xf6AT}\x90\xecz\x8aN\xf3\xc6\x94\
71\xfa\x85\xe1\xc3\xbb\x9e\x96{Iuk\xae\x00X\
M\x9fj\xe5@A\xf9:\xd3t\x8f\x93i\xb9\xa7.\
\xd3s\xac\x86\xdb\xa2\xd7\x94f\xfd\xb5\xe3*\x7f\xea\xba\
\xc2\x9e'>T\x7f=\xc69-J(\xae_P\xf9\
D\xd83\xd9\xd1\x1e;\x0d\x80\xa5kWe\xaeLM\
\xd8$.\xec\x83\x08\xfb \xb9Ua\x09`\xa6I\xe9\
\xf11\xacw\x94\x14\xc0\xa5{)\xb9\xed\xa9\xba\xe4\x8e\
\xc9M\xf9\xf0\xc6!\x83\x14\x07\xaa\xe1\xf4\x86\xf5\xfaK\
\xdas*\xffp\x80V\xbc\x14*\x9f\x8a#\xbeQA\
\xcf\x91\xac\x04\xfe\xa9\xa1\xff\xd5\xf9\xf9\xf67\x0d\x1ct\
Z6\xfc\x86?y\x8d\xc1\x807\x10\xf1\xd5\xc2\x04<\
\xdd\xb4\xbe\xc1\x1b}\xe3o\x86\x9a:\x9f\x96S\x82{\
i\xe1\xd3\xf9\xe9\xb2\x08\xd8Qj]\xae\xc8Y\x16\x9e\
\x95\x9fDCj\xe5\xcc\xaa{\x05-\xb5H\xf9#k\
\xdb\xd1WR\xea(\xc2\xb8\x8cy\x0c\xca\x1f\x83\x0f\xfb\
\xa3a0@\xa4\xfd\x90\xa8\xca\xe4\xde(h\xe8)\xed\
\xabo\xc1\xed\xefe\x8f\x19\xec\x81\xc0\x0c\x80\x89\xeaE\
\x0aK\x021$@\x03 \xeaN9\xba\xbf\xb8\xfbK\
?\xcf\x0c?\xb4\xeb\x07\x88\x92\xf9tj{\x87xa\
dw\x17n\x11\x1cu_\xc4\xbf>\xb9'\xf2\xa9\xed\
\x9d\x8d0\x16?;\xf8`\xe7\x97\xd5+\x06\xd9\xff8\
\xf7\x1f\xff\xae\xa3\x84$\x10\x7f\x02\x9c\x02\xa8B\x1f\xf5\
=\xfa\x16Q\xf8JM\xb9\x7fR\xbc0\x90r\x9a7\
|\xca\x14\x91.??\x99\x87G\xc0\xee\x9aW\x05\xb1\
Xe|\x08\xc8f\x09\xd3H\xfb\xdb\xa8Si\xb7x\
q\xe83\xbaQ?e\xc5\xe3\xe6?\xf1\xe9%JB\
\x02\x09'@\x03\xa0Z\x1d\x88\xbd\xdd\x87\xb5\xc6z@\
\xf5Gm'\xfa/`Q\xe0\xc3\xee\xd6\xce\xac72\
(\x11\xb4\x12\x17 \xde\x19\xf6O\xb5\xfa'\xeaz\x91\
-\x19\xfd.#~_\xbb\xe9\x8c\xbb\xe5\xf6F\xef\xe2\
\xc0\xeb\xde\xf4\xd4\xf3\xc3\x87w>c\xc59z\x14\xf3\
\x00\x98\x08\xe0A\x02$@\x02!\x10\xa0\x82\x09\x01\xe2\
\xaa\x8a\x90]\xdc`\x04t}\xf3L\xba\xb7{\xe73\
;N\xf4\xff\xc8\x5c\x1a\xfc}(\x81?p7mo\
0\xc5\xbc\xf2\xc7\xc7\xa0\x10\x90\xfc\x9dQ\xca\xabB\x9c\
\x90\x8b$\x08\xc4\xc3\xaa\x90\x8cnlq\xf0OA\xf1\
\x9f.\x8c\x0c~[{\xdeK\xc3\x0f\xbf\xe9t\xd7\xa9\
\xde\x86\xdeC{\xb0\xdb!\x95\x7fB\xfa\x94b\x92@\
\x22\x08\xd0\x00\xa8f7\xc1\x08\xe8\x85\xabWb\x02\xfa\
\x0e\xef|\x1d\xa2\xbc\xde\xf6|\xff_\x17\xc7.\xee\xc7\
W\xd8\xfa\xb5\xe5\x09,\xfd\xc2\xe2Z\x0e\xfa\xaa\xd9M\
\x15\xad\x1b}\xab\x9b\xd7\xa7\xbc\x91\x81\xd7L>\xff\xe7\
\xea\xfa\x95N\xe4O\xf9\xcfC\x0ft\xbe*\xf5\xca\xbd\
\xd1\xdb=3eTQAX8\x09\x90@\xbd\x11\xa0\
\x01\x10\x83\x1e\xb71\x01G\x8d\xd3\xb5\xe7L\x0a\xde\x80\
\xef@$\xf9\xa7:N\x0e\x5c\xf3\xa7&Z\x8cc\xb0\
\xdf-\xdd\x001\xe8\xaa\xd0E@\x16:OM\x8cm\
D\x86\xdfo\x0c\x1c\xde\xf9ZP\xc1\xee\x17a\x14\xbe\
\xba\xbb\xd0\xf7\xa8.\xc5\x8b\x04_\xf0/\x09\x90\x00\x09\
\x84D\x80\x06@H \xd7\x5c\x0c\x96\x06\x8a7@\x9d\
:\xe5fG\x0f9=\xad\xca\x97\xcd\x83\xd6\x5c.\x0b\
H\x0c\x01\xeb\x09\xca\x5c\xf5\xd5#Y\xafOS\xf1'\
\xa6\xe3((\x09$\x94\x00\x0d\x80\xb8u\x5cw\xb7g\
7\x0d\x12\xb9\x8e\xbd\x9e\x96-_y\xd4.\x01\xc9\xe7\
\x9f\xc5\x7f=\x8f\xa8\x1bJ\xffH\xed\xb6\x97-#\x01\
\x12\x88\x0f\x01\x1a\x00\xf1\xe9\x8b\x9b%\xc16\xc2\xdc\xf0\
\xe5f,\xb5\xf6\x89\xedc*\xfdZ\xebV\xb6\x87\x04\
bO\x80\x89\x80b\xdfE\x14\x90\x04H\x80\x04H\x80\
\x04\xc2'@\x03 |\xa6,\x91\x04H\x80\x04H\x80\
\x04bO\x80\x06@\xec\xbb\x88\x02\x92\x00\x09\x90\x00\x09\
\x90@\xf8\x04h\x00\x84\xcf\x94%\x92\x00\x09\x90\x00\x09\
\x90@\xec\x09\xd0\x00\x88}\x17Q@\x12 \x01\x12 \
\x01\x12\x08\x9f\x00\x0d\x80\xf0\x99\xb2D\x12 \x01\x12 \
\x01\x12\x88=\x01\x1a\x00\xb1\xef\x22\x0aH\x02$@\x02\
$@\x02\xe1\x13\xa0\x01\x10>S\x96H\x02$@\x02\
$@\x02\xb1'\xc0D@\xb1\xef\xa22\x01\x834\xc1\
\xaa\x07\xb9\xe3x$\x89\x80M\xf6\xf3H\xb6\x88\x1d\xfd\
L\x92\xe4\xae\x03Ye\xebm\xf6I(\x1d\x0d\x8cF\
\xbb\xd8\xb5\x84\x03\xcbPxV\xbe\x10\x1a\x00\x95g\xbc\
\xb2\x1a\x16H\xff+\xca\xa3\xab\xb5I\xf7vwM\xe3\
\xb5\xec\x19\x0f\x13\x80G\xe2\x08H\xb6\xbfy\xfd+\xfd\
\x18\xa4\x02\xe6v\xbfQ\xf7(4U\xcb\xc6\x94r]\
(.\xda\x00k\xa6\xaf\x1de\xf2\x13\xf87%\xdb\x97\
\xd2\x08X3\xd0\xca\x17@\x03\xa0\xf2\x8c\x97Q\x83\xd1\
\xd9c=\xa9\x9e\xd6\xac\xaf\xba\xf5\x82\xe9\x7f\xb1Q\x90\
j;y\xee\x80c\x9c{\x8d6\xe3\xc67xj\xf1\
\x88=\x01\x07=f|\xc7\x18\x9d\xd7M\xfa?\x0dv\
w^\x99o\xbc\xd9\xf70\x0e\xecf@\xbf\xb6\xdbS\
\xfb\xb5\x8cJyT\x92\x80\xd6P\xfa~\xc1\x1f\x1f\xfb\
\xb2R\xfe\x98\x86\x15\xe0c\xcbM\x1e\xab#\x80-\xac\
\x1d\xa3\xf4u8\xb8\x0eb\x0b\xf3{L\x0eF\x00=\
\x01\xab\x83\x19\xe1U4\x00\x22\x84\xbdPU\xd9c&\
\xdds\x04J\xff\x88*\xc8\xf7\xd8\x02\xf81(\xf7\xd9\
-\x80\xc5\x8c\xf6\xb5\xe3c\xdb\xd84\xdck\x8f;\x9b\
\xb6\xba\xc6\x93S\xf1\x00\xe3\x91\x10\x02x<\xc2\xcb\xec\
_\xbb\xf2\x87\xed'\xfb\xff\x93\x18\x03b\x14\x88\xba\xb1\
\xdb\x01k\xc7n\x07\xdc\xf7\xfe\x99\xed\x80\x8f\xbe\x92R\
{F\x8c\xc2\xc6P\x09i`\xf2\xc44\xa6\xe8\xb4\xb4\
\xa6\xcd\xe4\xe8O\x07\x1f\xb8\xe3\xd9\xe45 \x9e\x12\xb7\
\x1d\x1fPN\xa6\xe5\x1e\x93\x9f\xc4\xbd\x0b\x97\x00\x8fX\
\x13\xa0\x01P\xad\xee\x81\x16P\xdfWn\xcf~]P\
\xa7\x8c\xdb>\x05\xc5\xaf\xcdF\x95i\xfe\x98\x93i\x82\
\xd6\xbf1\x1a\x91I5\x99\xa6\xf4\xaf_Q\xde\xd8\xc5\
i\xbc\xe3Dr\xb5\xfam\x95\xf5Zs-\x95\xda\xec\
4ox\xa2d\xbc\x19e]8\xe8g\xdd\xbc^y\
#\x03\xffG\xdb\x89s\x7f\x01S!=tx\xe7\xe7\
\xa4\x9a,\xa6\x0bz\xb0!\xd4*\xab\xe4eK\x12\x80\
\xcf\x1f\xae\x7f\xfc\x0c\xef\x90\xd3\xda\x8e\x0d7\xefP\xc3\
d-0Vq\x5ch\xdd\x9e\x82wk\x0a\x06\xedz\
xVP\x02\x07(\xab\xc0\x18\xf9%4\x00\x22G\x8e\
\x0a\x8f\x1agf\xbe\xb7\xd8\xf1\xc2\xc0GL~\xf0w\
\xdd-;\xde\x85\xb93\xe5O^-\x9a\xdc8&$\
\xe7\xfe\x80\xec;\xadR\xb0\x03\x1a8[Y\x8dN[\
[\x9d\xb6\xcf\xbc\xa21\xd7\xaf\x14\xe7\xf5\x9fV\x13c\
\x9eNg\xeer[6\xde\xe5O^S\x1d'\xfaw\
\xf8\xc6\xffj\xcf\x83w\xfcx\xf7\x8b?\xcf\xf4\x1d|\
K~m\xb5\xf3\xea\x9b\x09\xe0\x17\x05\x1b\xc0hm\xd9\
\x8a\xf2\xa7\xb1u3\xa5\xe5~\x02cU\x0d\xe2d\x10\
\xbd1rY\xee\xc5<\xafj\x04\xe8\xa2\x89\x1a\xbd(\
\xff\xa3\xda\x97\xa1G\xfb\x89\xfe\xcf\xea\xc6\xf5_\xd2\x8d\
-\xef\xf2\xae\x0cO\xfb\x13cE|\x0e\xa3L\xa7!\
\xd6\x9c\x7fP\x1a\x98\x02\x98g\x15D-;\xeb[+\
\x01\xf1\xdc\xcc\xe9W\x14(Fx\xc6L\xe7}\xf1\xee\
\x98\xe9\xdc\xb4\xb3y\xc7\x87\xe0\x09\xf8z\xdb\xc9_\xbc\
M\x94\xbf\x18\x01k\xad\x98\xd7/B\xc0\xc7\xec\x1a\x0f\
\x12\xa8S\x024\x00\xa2\xee\xf8OC\x8d\xc3\x08h?\
1\xf0W\xee\xe6\x1d\x9f\xc0\x88o\xdaL\x8d\xcb|Y\
\x03D\xa1G&\xea\xfe\x88K}\xa5\x80)\xb9\x07\x1a\
\xbc+\xe7\xa7\x9cu\x9b~U\x9b\xf4\xb7\x02#@\xa6\
\x03\xe2\x22*\xe5 \x01\x12\xa8\x0d\x024\x00\x22\xec\xc7\
\xaeS\xbd\x0d\xb2\x0e\xbc\xedW\x06?\xe5\xde\xd6\xf6\xdb\
\xf2\xa0G\xf5\xf2\xd0gD\x7f\x84\xfd\x10\xfb\xaa\xb4n\
Btz\xdei\xd9\xf06\xed\xbb\x7f\xd9v\xfc\xec\xdb\
\xad{\x1ay b/;\x05$\x01\x12H\x0c\x01\x1a\
\x00Qu\x15\x02\xfdd\x1d\x7f\xfb\x89\xc1wjc>\
\xed]\x1e\x96e2\x8dQU\xcfz\x12D@\xd6\xa4\
;N\xc6\x9f\xb8:\xe5ni\xfbUG;\x1f\xb4\xd2\
o=Dwu\x82\xba\x91\xa2\x92@\xdc\x09\xd0\x00\x88\
\xaa\x87\xce|\xdf>\xbc\x11$\xf3\xbb\xce\xc6\xad\xf2\x1a\
\xf3\xfd\x9c\xd3\x8f\x0a\x7f\xe2\xea)%\xa6i\x92\xd8\x10\
\xd5\xd0\xf4!\xac\x10\xf8\x98\xe4\x07\xe0T@\xe2z\x92\
\x02\x93@l\x09p\xce9\x8a\xaey\x05\x81}xx\
\xb7\x1f\xef\x7fB74>\xea_\x1d\x91D/\xe2\xfa\
\xe7A\x02\xb7 \xa0\xb5nlVNa\xf269\xd1\
&\x8b\xba\xc5\x15\xfc\x9a\x04H\x80\x04\x96C\x80\x1e\x80\
\xe5PZ\xe39]#g,gL\xff\xfb\x0e\xd6|\
\xe3\xe0R\x9952\xad\xa3\xcb\xd3\xfe\xb5\xcbE\x95Y\
\xf7\xd1\x8e\x13\xe7>\x8eL\x91\x9e\xa4\x13\xae\xa3\xf6\xb3\
\xa9$@\x02\x15\x22@\x0f@\x85\xc0\xde(\xd6 \x87\
\xbf\x9eV\x08\xe029\xf5N\x7fj\x5c\xbeb0\xd7\
\x0d@|uK\x02X3\xda\xd0\xa4\xfc\xa9\xeb\xd6z\
To\xcd\xceK%p\xcb\x02x\x02\x09\x90\x00\x09\xdc\
D\x80\x1e\x80\x9b\x90\x84\xfc\x01r\xfcK\x89\xed\xb9}\
\x8f\xbb\x9b\xdb\x0e E\xe64\xde\xd2\x00\x08\x19s]\
\x14\xa7\x9d+\xd2\xce\xdd\x7f\xd7\xc7\xfb\xa7.:\x9c\x8d\
$\x81\xca\x12\xa0\x01PY\xbe\xb3\xdb\xf6J.\x7f$\
y\x91\xa8?FrW\x98y\xcd\x15\x8f-V\xcd\xd4\
ui\xd6{:_\xe8\xdf\xdb\xf7(2\x03\x1a$\x94\
\xe2A\x02$@\x02k \xc0\x87\xc8\x1a\xe0-\xe7\xd2\
`\xe77\xd9\xd0\x079\x00\x10\xf8\xcf\x83\x04VH\x00\
I\x82L!\x9fw\xb7v\xee\xc5\xd6\x01\xef\x91\xab\xb3\
\xcf\xd2\x8b\xb4B\x8a<\x9d\x04H`\x1e\x01\x1a\x00\xf3\
\x80T\xec-\xd6\xffU\xacl\x16\x5c\x0f\x04\x5c3\x09\
/\x80QW\xa5\xb1=\xf8\x8f\x07\x09\x90\x00\x09\xac\x85\
\x00\x0d\x80\xb5\xd0[\xc6\xb5]\xadM\xd6\xe5/S\x00\
\xcb8\x9d\xa7\x90\xc0b\x04\x0c\x92\x03A\xff\x1b;\xff\
\x9f]\xec,~N\x02$@\x02\xcb$@\x03`\x99\
\xa0Vu\x1a\x22\xff%\xfb_\xdb\xc9s\x07p\xfd\xe3\
\xb2\x9d/\x0e\xae\xbcX\x15L^D\x02$@\x02$\
\x10&\x01\x1a\x00a\xd2\x9cWVv\xf4\x90\xe5\xeb\x18\
\xe7^w\xd36\x19\xb9\xc9\x0a\x00\x06\x01\xce\xe3\xc4\xb7\
$@\x02$@\x02\xd1\x13\xa0\x01PA\xe6\xc1<\xad\
\xd1f\xdc\x14\x0b\x5c\x01PA\xd6,\x9a\x04H\x80\x04\
H`e\x04h\x00\xac\x8c\xd7\x8a\xce\x0e\xe6i\x8d\x8f\
y[\xae\x00X\x11;\x9eL\x02$@\x02$PY\
\x024\x00*\xcb\x97\xa5\x93\x00\x09\x90\x00\x09\x90@,\
\x09\xd0\x00\x88e\xb7P(\x12 \x01\x12 \x01\x12\xa8\
,\x01\x1a\x00\x95\xe5\xcb\xd2I\x80\x04H\x80\x04H \
\x96\x04h\x00\xc4\xb2[(\x14\x09\x90\x00\x09\x90\x00\x09\
T\x96\x00\x0d\x80\xca\xf2e\xe9$@\x02$@\x02$\
\x10K\x024\x00b\xd9-\x14\x8a\x04H\x80\x04H\x80\
\x04*K\x80\x06@e\xf9\xb2t\x12 \x01\x12 \x01\
\x12\x88%\x01\x1a\x00\xb1\xec\x16\x0aE\x02$\x10\x05\x01\
\xedhO\xea\xe1\xd6JQ\xd0f\x1dq#\xc0\xbc\xf4\
q\xeb\x11\xcaC\x02$\x10\x05\x01\xa3\x1d\xbb\xaf\xd2&\
\xa9\xacM\xb5\xa5w\x1c{=\x8azk\xb2\x8e\x0b\xad\
\xdbE\x97\x14\xb4\xd2\x1cT&\xa8\x87i\x00$\xa8\xb3\
(*\x09\x90@\x08\x04\xb05'\xfek\xf0\xae]V\
\xbeg\xbe.%\x0e\x1fi\x9b\x1c\x0e\xa1\xe8:.\xa2\
 m7J_/\xd9\x00\xb2\xfb9\xb7=\x89\xfb\xfd\
@\x03 \xee=D\xf9H\x80\x04\xc2'\x80\xad\x95\x95\
\xefO:Z\x1fl;9\xf0\x0f\x1d\xdf\xd7~\xf8\xb5\
\xd4M\x892\xf2\x17\xe5\xaf\xb59h\xf2\x13\xb0\x044\
\xd2\x9f\xd7M\xf3\x13\xdbP\x1a\x00\x89\xed:\x0aN\x02\
$\xb0*\x02\xd0T\xca@\xddk\xa7\xd9\xd9\xd0\xfao\
\x94\x91\xd1\xaaRvB`U\x05\xf2\x22K\x00\xde\x7f\
Q\xfe&?\xe5\x830\xa7\x02\x12p[\xd0\x00H@\
'QD\x12 \x81\x0a\x10\x80\x11`\xae].\x94\xd4\
\x7f\x05\xca\xaf\xbb\x22A\xb24\xf2\xa7\xf2OH\xdf\xd3\
\x00HHGQL\x12 \x81\xf0\x09@e\xa5\xc3/\
\xb5^K\x84\xcf\x9fn\xffDu>-\xb5Du\x17\
\x85%\x01\x12 \x81\xff\xbf\xbd3\x0d\x92\xab\xba\xee\xf8\
\xbd\xefuO\xcf\xa2m\xb4\x00\x9aM\xc2\x11^4\xe5\
\x0f\xf6X,U\xf9\x00\xc4fQ>P\xa9\x84q\x91\
\xa0\x11r\x12\xe4*\x13\xbe\x19ll\xc7C\xd9f1\
\x95|\xb0\xc1U\x90\x8aA#\x02A\x14N9\xa9\xd8\
\xc8\x90\x22U\xfe\x80,h\xfb\x83k\x86`O\x01\x9a\
M 1\x9a\xd12K/\xef\xdd\xfc\xcf\xed~\xa3\x19\
!\x0d\xeaQ/\xef\xbd\xfe_\x95\xa6\xb7\xd7\xf7\xdd\xf3\
\xbb\xaf\xdf9\xf7\xdcs\xcf%\x01\x12(\x0f\x01\x1a\x00\
\xe5\xe1\xc8ZH\x80\x04H\x80\x04H R\x04h\x00\
D\xaa\xbb\xd8X\x12 \x01\x12 \x01\x12(\x0f\x01\x1a\
\x00\xe5\xe1\xc8ZH\x80\x04H\x80\x04H R\x04h\
\x00D\xaa\xbb\xd8X\x12 \x01\x12 \x01\x12(\x0f\x01\
\x1a\x00\xe5\xe1\xc8ZH\x80\x04H\x80\x04H R\x04\
h\x00D\xaa\xbb\xd8X\x12 \x01\x12 \x01\x12(\x0f\
\x01\x1a\x00\xe5\xe1\xc8ZH\x80\x04H\x80\x04H R\
\x04h\x00D\xaa\xbb\xd8X\x12 \x01\x12 \x01\x12(\
\x0f\x01\x1a\x00\xe5\xe1\xc8ZH\x80\x04H\x80\x04H \
R\x04h\x00D\xaa\xbb\xd8X\x12 \x01\x12 \x01\x12\
(\x0f\x01\x1a\x00\xe5\xe1\xc8ZH\x80\x04H\x80\x04H\
 R\x04h\x00D\xaa\xbb\xd8X\x12 \x01\x12 \x01\
\x12(\x0f\x01\xee\x06X\x1e\x8ea\xaa%\x8f\xc6p\x87\
\xd3\xf2\xf5\x88\xeco\xc6\xdfI\xf9x\xb2&\x12 \x81\
\x90\x10\xe0\x8d-$\x1dQ\x9efh\xe5\xb4\xacM(\
\xd7\x85\x09@\x1b\xe0\x92\x99j\xe8~\xcfS\xfe\xccI\
TE\x9e\x97\xcc\x93\x15\x90\x00\x09\x84\x8a\x00\x0d\x80P\
u\xc7%4F\x94\x95\xf1s\xfe\x99\xe9\x1f+\xe5O\
kX\x01\xbe\xf2/\xa1\xc2\xfa\xfe\xaa\xa3\x1c\xa8|h\
\x7f\xe5\xacS\xda\xfc\x83\xd2N\x92FU}_\x13\x94\
\x9e\x04\xe2F\x80\x06@\x5cz\xd4\x98\xbc\xd3\xd2\x9a4\
\xb3So\x8f\xed\xda\xfaT\x5c\xc4\xaa\xb5\x1c\x1d\xfb\x8f\
\xdc\xad\x9b[\x93\xfe\xcc\xb4L\xad\xf0\xf7R\xeb\x0e\xe1\
\xf9I\x80\x04\xcaF\x807\xb4\xb2\xa1\xacuE\xf0\xf9\
\xc3\xf5o\x8c\xde*-i{r\xa2y\xb3\x9a\xc8\xc9\
s\x96\xd2\x09\x1cUm\xc9\x89\xbdm\xb3\xc2S\xcb\x94\
\x8a\x1d\xfeK8\x00\x0b\x09\x90\x00\x09\xc4\x83\x00\x0d\x80\
x\xf4#\xa4\x90)\x00\xa3\x8c\xd6\x19\x11I\x94\x7fz\
\xef\x17h\x00\xac\xb0\x7f{\x9e|SM\xe0\xbb\x96\xa7\
\x8d\xa7\xa0\xf2_!J~\x8d\x04H \xa4\x04\xb8\x0c\
0\xa4\x1d\xb3\xe2f\xf9>5\xd5\x8a\xe1\x9d\xe7\x8b\xe4\
y\x1e(|\x8b\x04H \x0e\x04h\x00\xc4\xa1\x17)\
\x03\x09\x90\x00\x09\x90\x00\x09\x94H\x80\x06@\x89\xc0x\
8\x09\x90\x00\x09\x90\x00\x09\xc4\x81\x00\x0d\x808\xf4\x22\
e \x01\x12 \x01\x12 \x81\x12\x09\xd0\x00(\x11\x18\
\x0f'\x01\x12 \x01\x12 \x818\x10\xa0\x01\x10\x87^\
\xa4\x0c$@\x02$@\x02$P\x22\x01\x1a\x00%\x02\
\xe3\xe1$@\x02$@\x02$\x10\x07\x024\x00\xe2\xd0\
\x8b\x94\x81\x04H\x80\x04H\x80\x04J$@\x03\xa0D\
`<\x9c\x04H\x80\x04H\x80\x04\xe2@\x80\x06@\x1c\
z\x912\x90\x00\x09\x90\x00\x09\x90@\x89\x04h\x00\x94\
\x08\x8c\x87\x93\x00\x09\x90\x00\x09\x90@\x1c\x08\xd0\x00\x88\
C/R\x06\x12 \x01\x12 \x01\x12(\x91\x00\x0d\x80\
\x12\x81\xf1p\x12 \x01\x12 \x01\x12\x88\x03\x01\x1a\x00\
q\xe8E\xca@\x02$@\x02$@\x02%\x12\xa0\x01\
P\x220\x1eN\x02$@\x02$@\x02q @\x03\
 \x0e\xbdH\x19H\x80\x04H\x80\x04H\xa0D\x024\
\x00J\x04\xc6\xc3I\x80\x04H\x80\x04H \x0e\x04h\
\x00\xc4\xa1\x17)\x03\x09\x90\x00\x09\x90\x00\x09\x94H\x80\
\x06@\x89\xc0x8\x09\x90\x00\x09\x90\x00\x09\xc4\x81\x00\
\x0d\x808\xf4\x22e \x01\x12 \x01\x12 \x81\x12\x09\
\xd0\x00(\x11\x18\x0f'\x01\x12 \x01\x12 \x818\x10\
\xa0\x01\x10\x87^\xa4\x0c$@\x02$@\x02$P\x22\
\x01\x1a\x00%\x02\xe3\xe1$@\x02$@\x02$\x10\x07\
\x024\x00\xe2\xd0\x8b\x94\x81\x04H\x80\x04H\x80\x04J\
$@\x03\xa0D`<\xbc\xce\x088\x8e\xa93\x89)\
.\x09\x90@\x9d\x10H\xd4\x89\x9cu#\xa6V\xda\x1a\
u\x1f\xb4^\x9e\xe8y\xf2\xcd\xba\x91\xbb\xdc\x82\x1eU\
mI\xd4\x99\xd3\xc6\xa4\x94\xd6x*v\x80<\xb2\x90\
\x00\x09\x90@<\x08\xd0\x00\x88G?B\x0a((\xe8\
~\xa3\xf4i\x11i\xac\xb7sn,6\xb2\xd5D\x90\
\x9c\x9cUk\xf3\x9e\xf2<\xfb\xac&\xad\xe0II\x80\
\x04H\xa0B\x04h\x00T\x08l\xd5\xab5\xda5\x99\
\x19QX;\xdb\xf6\x8db\xacjV\x1be\xfc\xaa\xb7\
#&'t\x94\x18S\x9eg|\xbd\xce\xccL\xe5`\
\x5c%\x95\xe1l@L\xba\x97b\x90\x00\x09\x80\x00\x0d\
\x80\xb8\x5c\x06Z9&3\xe7\xebT\xd3\xf5N\xaa\xe5\
z\xea\xfeK\xefX-\xae\x7f\x8c\xfe\xfd\x99\x93p\xb0\
P\xf9_:Q\xd6@\x02$\x10&\x024\x00\xc2\xd4\
\x1b\x97\xde\x16\xc7\xcc\xcf\xf9&3\x0b\x9f5\xe7\xab/\
\x1d\xa7\xadA@\xf2wR&\x98\xac\x86\x04H <\
\x04xc\x0bO_\x94\xa7%\xf0\x04\xd8`\x80\xf2\xd4\
\xc6ZH\x80\x04H\x80\x04bJ\x80\xcb\x00c\xda\xb1\
\x14\x8b\x04H\x80\x04H\x80\x04\x96#@\x03`9:\
\xfc\x8c\x04H\x80\x04H\x80\x04bJ\x80\x06@L;\
\x96b\x91\x00\x09\x90\x00\x09\x90\xc0r\x04h\x00,G\
\x87\x9f\x91\x00\x09\x90\x00\x09\x90@L\x09\xd0\x00\x88i\
\xc7R,\x12 \x01\x12 \x01\x12X\x8e\x00\x0d\x80\xe5\
\xe8\xf03\x12 \x01\x12 \x01\x12\x88)\x01\x1a\x001\
\xedX\x8aE\x02$@\x02$@\x02\xcb\x11\xa0\x01\xb0\
\x1c\x9dr}\xc6\x1d\xe5\xcaE\x92\xf5D\x9d\x00\x7f\x0b\
Q\xefA\xb6?F\x04h\x00T\xa13\x1d\xe3#\xb1\
<\xb6\xe9\xa9\xc2\xb9x\x0a\x12\x083\x01\xfe\x16\xc2\xdc\
;l[\xbd\x11\xa0\x01P\xc1\x1eO\x17\xeb\x86\xea\xcf\
\xe9\x86F\xd9\xaf\x8f\x09\xe5+\xc8\x9bU\x87\x97\x00\x7f\
\x0b\xe1\xed\x1b\xb6\xac~\x09\xd0\x00\xa8d\xdf\xef\xed\xc9\
K\xf5\xe3\x8d\x87\x1e\xf6N\x1c}E\xa7\x9a\x1b\xf0R\
\xf6\x96e!\x81\xfa\x22\xc0\xdfB}\xf57\xa5\x8d\x04\
\x01\x1a\x00\x15\xed&m\xba\x0f\x0c6\xa8\xde^\x0f[\
\xf3\xbe\x0a\x03\x00g\xe3\x16\xbd\x15E\xce\xcaCJ\x80\
\xbf\x85\x90v\x0c\x9bU\xc7\x04h\x00T\xb8\xf3\x07\xa7\
\xe6\xac\xdb_\x1b\xbd\xaa\xa0\xfb\x19\x09Pa\xe4\xac>\
\xa4\x04\x82\xdf\x82\xa3\x9c\x16\xfe\x16B\xdaIlV]\
\x11\xa0\x01P\xe1\xee\xee)\xd6\x0f\x0f\x80_\xe1S\xb1\
z\x12\x085\x81\xe0\xb7\xa0\x14~\x0a\x0c\x8a\x0du_\
\xb1q\xf5A\x80\x06@\x85\xfb9\x08~\xd2J{\xca\
\xb76\x00]\x00\x15f\xce\xea\xc3I \xf8-0(\
6\x9c\xfd\xc3V\xd5\x1f\x01\x1a\x00\x15\xee\xf3\x1eU\x1c\
\xf7h\xb5V7\xaf\x96\xb31\x08\xb0\xc2\xccY}H\
\x09,\x04\x02v>\x9c?q\xf4\xa0N5!(\x16\
\x861\x0b\x09\x94F@\xcb`\xca\x0e\xaa\xf0\xbd\xc0\xb0\
,\xad\x0a\x1e-\x04\xea\xce\x000\xc6\xe85\xb9D\xd5\
\xe4N\xdf]P\xf8\x8e\xa3^\xf0\x8e\x8f\xbe\xa1\x93\xa9\
\x14\x16\x03r:\x80\xbf\xbf\x95\x11\x88t\x22\x9d \x10\
\x10J\xdf\x98CN\xf3Z0\xf0i\x00\xac\xecJ\xa8\
\xe7oyv0\x85A\x95@X\x18d\xd53\x91\x15\
\xca^5E\xb8\xc2\xf6\x95\xf7k\x1a\xdew\xad\xf3\xef\
e'gl\xc5\xd5p\xc6k\xedo\xfb\xd1\x1fS\xa3\
wv\xbd\x01\xb5\xff\xbcnlA\x1b\xe8\x05(o\xc7\
\xd6Cm\x88%\x85\x15\xa9}\xe3FY\xdaA5h\
\x15\xbe\xe3\xfb\x87\xbc\xa9\xf7\xb3\xca\xe8D\x94\xe5a\xdb\
\xabL\x00\x83'\x19D\xc9`J\x06Ur\xf6`\x90\
U\xe5\x96\xc4\xe2t\xf5d\x00\xc0m\x947\xcaq[\
77]v\xa3\xed\xbd\x03\xd5\xf1\x80\x0c\xa7N\x16F\
\xfc\x8e\xea\xb4\x06\x80\x8d\x82\x8a\xc5\xf5C!\xaaF@\
;&3\xa7\xb4\xa3\xad\xf1\x1aY\xb7'\x96\xc4\xca\xd2\
\xd8\xb1=W\xbe\x0ct?q7\xb6\xc9=h\x16\x86\
y\xd5H\xf2D\x11&\xa0\x8d\xa7\x9bV\x89\x00\xcf\xcb\
\xa0J\x06W\xb8v\xe8Q]a\x97\xd6\x93\x01 y\
\xf8r\xce\xea\xf5\x18\x80\x1bk\x00\xf4LU\xc7\x00P\
w\xf7\xd8Q\x0f\x96\x02\xfe\xbbwl\xf4\x90v\x93)\
\xf4\x17/\xda\x15^\xb4u\xf8\xb5<\xdc\xe5\xae\x99\x9b\
yhlW\xe7\xa3\xea\x00\xbc\x00{\xbf\x90\x8b*\x87\
\xc1\xa1\xed6A\x96\xd1\xfe~or\xe2-\xa7e]\
3\xa6\x04\xe6\xa2*\x0f\xdb]M\x02\xb8\x8b:\xd6\x09\
\xd6.g]\x18\x5cU\xb3\x091:W}\x19\x00\xe2\
|\xc7\x94\xa3\xd6\xfa\x8c\xf4a\xbaZ\xe1#2\x0d\xf0\
\x8b?\xa6\xc6vw\x1e\x86\xf1q\xd0\xddp\x85,\x83\
\x8a\xec\x0d<F\xd7\x7fTD\xc9\xeb\x965b\xb8&\
\xa5\xc1\xddj(\xd2\xd3\x00\xaa\x1f#\xb6'\xdfLN\
\xec\xda\xfa[\xa3\xdd\xbf\xf0\xcfL\xfd\x9f\xbb~s\x13\
~\x14Y\x88\xc7\xdfET\xae\xca\xea\xb7\xd3\xc8$\xae\
7\xfdA\xcehs\xd0\x9e\xbe\xf5\x1d\x0e\xa4.\xa1\x1f\
\xea\xcd\x00\xb0\xa8Lq\x1e\xf5\xec\xba\xe4K x\x91\
_\x1d>\xbc\xcd\xde\xd8\x8c\xeb\xbe\x9c?&\xc1\x80\x0d\
\x0c\x06\xbcHvu~\x98\xa7\x1b\x9a\x1a\xfdc\xa3i\
\xed\xea\x17\x85E0\x82\x8e4\x17x0\xc4(\x9e\xd8\
\xd5\xfe6rd\xfc\xb5\x7f\xe2\xe8\x13\x92*\xdbY\xb3\
A\x8c\x1cx\x08\xac\x81,\xbf\x99\x85\xff\xb8\xf9\xcbs\
\xee\xa7\x11\xe9\x8e/\xa1\xf1\xb0x\x8b}\x8e~\xc7\xf5\
\xa0\xd5\xbc\xdb\xd6\x89\xebC?>\xb1k\xcb+A\x96\
\xd5\x12j\xe4\xa1\xe7\x10`\x00\xce9@*\xf6\x12\xa3\
\x1e\x99\xaf\x1a\xbe\xb3\xe3P\xfb\xc0\x91\xe7\x9cu\x97\xef\
\xf0>\x1c\x93\x11Oc\xc5\xce\xc9\x8a\xe3@\xc0\xd3\x89\
\xa4\xebe\xe7\x9e\x9e(\xcey\x0e\xdf\xab3q\x10l\
x\xe7U\x99\x1ex\x02\xd2\xbb\xb7\xfe\x0e\xf2\xdc\xd36\
pd\xc4\xc9\xcen\xd4\x8d\xab\xbe\x8e%\x82\x98$[\
<\xb8\x93\x18\x01\x98\x0a\xb3\xa70\x04\xcc\xe7h\x05\xc4\
\xe1\x0a8\xbf\x0c\x85\x9e\x96\xceV\x0dz\xf5\xfa\xa4\xbc\
\x96\x00XL\x81%s\x13#?V*\xf93y+\
\x16\x86\xb0\x08R\xc3Ry\x03 \xd2\xcb\x96\xca\xdb3\
\xc3\xf7^\x95Q\xfd\xc6Y\xd78\xf4\x93\xe9\xc9\xb1\x9b\
\x10\x8fp\xab\x7f\xfa\xc4<\xceB#\xa0\xbc\xa8\xe3R\
\xdb\x9c\xb8\xc6\xb1\x91\xd4\x0f&\xfa\xba\x9e\x90\x11\xcf`\
/\xae\xa1\x18\x95\xb4\xc42\x1c8\xe0\xaaM\xb7\xeb\x89\
\x1b\xf4\x0fE\xb4\x8e\xfd\xa3\x93\xfe\xdcL\x8bq\x0c\x92\
g!\xee\x11\xef\xf9\xda\xf1\xb56)\xbc\xfe\xaa^\xb3\
~=\xd6\x80\xe3]\x9a\x01\xc2+~Eb\xb5\x93\xca\
\x9b>\xee\xe1\xfe\xf8\xb0M\x1c\xa5MB\x1b3;\xd1\
\xb7\xe5\x11+\xaf1X\x12\x13\xcf\xe0?k\xf0H\xa6\
L\xa7\x90#\xa3\x92\x01\xbf\x157\x00\xec\xb2%Xo\
\x85\x1f\xab\x15\xad\xe6\xd7+n\x1ev\xea\xa3\x92`/\
,\xe4\x83j\xb0\xb7_F\xfe;\xdb\x06F~\x99X\
\xbf\xf9\x16\xdc\xe0\xe5\xb5\xcc\xebF{n\xf7\xc2B\xf3\
\x93\x92\x08\x88\xfb[\x1b\xab\xfc'\x8f\xfer\xbc\xaf\xf3\
;\xaa\x0f#\x9e\xdb\xb7\x8b\x0b<~\x05+\x03D(\
\xeb\x0dh\xed\xf1\xc7z\xf5\xa3\x17\x12\xb2\xe3\xc0\xe8?\
\xf9\xa7N|U\x8c\x011\x0a\xe0%\x08\xc7M\xe5B\
\x0d\xe6\xfb%\x13\x10\xc5'{\xa7 H\xf4Uq\xf5\
/\xa9\xa0\xff\xb5\x84\xda~\x1c\xda\xb1<\x09\xa4\xd2\x9f\
\xec\xb1V$\xce\x19\x9a\xe9p4\xc88\x89$\xee\x00\
\xd8?\x06E\xf2\x1cTJWU\xcc\x00\x08\x1a,\xcb\
\x96d\xf9\x12nh!\x00\x0c\xb4h\x06\x02Hl\x10\
`wk\x93\x1e\x5cruU\xe1E\x7f\xbfoG<\
\xb8\xe9M\xec\xea\xdc\xd9\xbe\x7f\xf4{N\xf3\x9ao\x99\
|\x0e!Ps\xe2\x0d\x90>\xa9X\xbfTAB\x9e\
b%\x04$9\x94\x96\xb9o\xed8\xab7$M>\
\xabd\xe4o\x95?\xb4\x9dx\x8e\xe2:\xe2\x09pY\
o\x80\xbc\xc0\xb4\xc0\xf9\xe2s\xe4\x9e2\xd6\xdby\x02\
\x0f\x0f\xc9a,\xf1'`\xbd^\xd8PM\xae\x07\xab\
S\xca\xbc\xfae\xdb\xef\x87\xdda\x8991\xeadA\
E\x89=PS\x9bR\x1a\xd0\xe0M\x1f\xf3\xa0\xa7^\
\x95\x1eN\xb7\xbe\xb8x.L\xde*[\xa9\xac\xa4\xb2\
\x5c\xa9W{m\xfb\x8e<\xe2\xae^\x7f\xbf93%\
sw6\x92\xb9l\x12\x94V\x91\x87@#\xd7df\
_\x19o<t\xabl\xd3\x0bc\x0b\x0cp\x83\xadv\
\x91\x1b\xbaDC\xa3\xc0\x13\xf05\xc7\xa8=\xcee\x9d\
=2\xc7\xe9\xcf\x9c\x94v\xe1\xb3B\xf7\xc8\xdf\x1as\
\xab6\x9dX\x9f\x0f\xfd\xb9x\x0e[\xba\xd7\x93\xe4&\
N\xcbZ\xe5\xcf\xc16\xcd\xce<\xe6\xfb\xce\xf1\x89\xdd\
\x9d\x8fY\x10\x8b\xae\x95X\x83\xb9\x18\xe1\x90\xc9S=\
\x95N\x9c\xcf@\xb8\x98\xaf\xf3\x98\xf0\x13\x10EoG\
\xbd\xa2\xf8\x8a\xde\xa1\x8a\xb4\xba8\x8d\xd0\xf9\xec\xc8\x0e\
\x84\x9b<\x81\xdf\xe0\x0e\x93\xcd\x88!^\xcb\xc1\xaa,\
UOb\xea\xe3\xfb\xe3}]\xdf)L\xfbu\x8b\x87\
\xb8\x22\xa5\xa2#MYg\x8f\xce\xf4\xc4\x0b`G\xde\
\x15\x11\xa1\xa4JE\xf9g\xe1Z\xfdR\xfb\xe4\xd5\x0f\
\x8c+\xf5=\xf5d:\xa1\xf6\xd6`\xe9\x91(\x7f\xdc\
\xcc\xba_\x1cJ\x0e\xf6v=\x81\x8b\xf0\xb0\x7f|\xec\
\xaf\x90\xaa8\xaf\x9bZ\x1e@\x10\x94[\x08\x82\x82~\
\x80-\x00\xe3i\x89QP\x92\xd4<8$\x04\xc4\xce\
\xc4\xafaUkR[\x87\x18^KN\xf3\xe6\xd5\x09\
d6;\x9c\x9f\xfe\xe0%,QM\x8c\xef\xdaR\x18\
\xe1\x8a\xbb\xf3\xbb\xd7\xcb\xba\xd5\x8a\x8d\x00B\x02\xe6\xe2\
\x9b!\xde\x10\x18Pv4x\xf1\xdf\xe2\x91\x11#P\
\x8d\xfe\xedy*\xed\xe2<>~\x82_v7u\xee\
\xc0o0\x03\xe5/9Zj^$\xeeA\x1a\x11l\
\xa1]\xa9\x06U\xd4\x00\x08\xd6\xd9\x17\xd2\x97\xca\xef6\
\x14E\x9b\xec<&Y\xdcZZy\x05\x10\xb8\x99a\
\x0a\x22[X\x1d\x80T\xc1J\xc9\x7f\x09\x82:U\x08\
\x82\xc2\x5c\x18\xb4?\xfe\xb58M\xab\xee?k\x14\x14\
\xbe\xce\xbf\x11# \x91\xcc\x98\x0e\xf3N\x9fxT\x8c\
b\xf9] \xd4\xd9S3\xd3k%\xad\xe9\xe8\x9d[\
l\xffK\xa2\x9f\x9e\xa9\xb4c]\xe2\xfd\x11\x93\x91\xcd\
%\x81\xa8\x11\xd0\xce\x093wZZ\x1d\x9a\x18,\xc7\
\xf8V?-L}T\x88iE\x0d\x80\xa0\xf12|\
\x09\x0dY\x01\x89\xb4\xa3\xf8g\x9bT\x938\x80s:\
3X\x1d\xd0\xbd}(1\xa8\xb6{\xe7\x0b\x82\x82Q\
0\xb582\xfa\x9c*\xf82\xec\x04$\xf4\xc4\xc7J\
~(\xfe\x89\xdd[\xce\x1b\xe4f\x0d\xc1\xcfn\xf3\xd4\
\x0d:/\x9e\xb3\xb0\x8b\xc4\xf6\x91@\x94\x09\xa4\x11p\
*\xed7\xbe\xb7F\xa6[\xc5\xd7\x1a\x96aj\xb5\x5c\
~\x155\x00\x16.\x8ep-\x05L`~E\x9a\xf6\
@\xdb\xfe#\xbf\x1e\xecE\x94\xa9,C\xaa\xe4\x5c\xd3\
\x02\x88e\x9e`J@\xbc\x01\xf6\x88b\x10\x94\xb8\xc1\
\x0asaj\xd9\xc8\xe8ej\xe5Ga$`G\xf8\
2=Vpt\xda>\xc6\xae\x91\xc3:\x1e\xeb\xfb\xc3\
\x88\x9cm\x22\x81%\x04^3\x091\xb4;\x06\x8e|\
C5\xae\xba\x1f\xd9(\xc5\xe0\xaee|\xda\x92\xe6!\
\xefAUl\x91\xaa\x18\x00![\x0a(AWYw\
\xdd\xe5\x0d\xf9\xe9c7\xe2\xf9+=S\xb7\xdbX\x85\
\xa5=P\xc3W\x88t-\xa8\x86b\xe4\xab4\xe5\x02\
\x91\xd15l%O\xbd\x02\x02\xb6_{\xb5\xf4\xef\xc2\
\x08\xdf\xbe\xb7w\x05\x95\xf1+$@\x02+\x22\xd0\xf3\
\x07\xa5\xe5w\xe7\x1b\xd5\xe8\xa6\xb0\x15\xc5\xfc\x19\x0c\xba\
\x0b^\xe1\x15UX\xb6/A\xefc>\xb00m^\
\xb6J/XQE\x0d\x00{c\xc3\xa9\xc5\xed\x19\x9e\
\xa5\x80\x96\x85c\xf2\x88\xf7\xd0\x12i\x0f%{\xf4\x7f\
\xabbm\xd93\xaf\xf4\xcf\x22\xa3`\xa5U\xf0{$\
@\x02$@\x02\x8b\xee\xf9\xdaI)\x0f\xaboe^\
8\x14\xa5\xba\xbb~V^\xe8\xf0-\x05,t\xb3\xd6\
y\x9djI`^\xfd>Yne\x93\x90\x94y\x8d\
i(\xae'6\x82\x04H\x80\x04H`\x81@p\xaf\
o\xdb7\xfau\xa7\xa9\xe5\x87&3\x83<\x00\x98\x12\
\xa8q\x812\xce\xc9\x0a!\x09\x12F\x9c\xd07\xec\xae\
\x9fXF_\xc9fU<\x12>\xd8rW\xbc\x00!\
Y\x0aX\xe0\x89\xf5v\x1a\xfb\xf18\xca\xdf$o\x04\
\x19\xa1*\x09\x9bu\x93\x00\x09\x90\x00\x09\xd4\x96@p\
\xaf\x97{\xbf\xe8\x00(\xffPx\x80m#\xb0<\xd8\
\xeaJ \x0atg%iU\xdc\x00\x08\x02\x9d\xac\x10\
\xd8\x8a\x17\xa5\xf2^\x87\x8b#\x96\xf4OM\xe6U\xd3\
\xaa\xaf\x8b%(\x01!b\x19^\xdcWy\x14\x09\x90\
\x00\x09\x90@\xd4\x08\xd8{<\xee\xf5\xf6\x9e\x8f{\xbf\
\xd5\x01\xe1\x09\xfe\xb3\xdb\xd5\x07L\x97\xe8\xce\xe0\xcd2\
?V\xdc\x00\x90\x08g[\x8cZ\x8b\x84'\xf2\xb4\xa2\
.\x8d\xc2\xc9.\xfa/\xbc\x00\x8d\xca\xd1j\xa3|#\
\x88Y\xb8\xe8o\xf3@\x12 \x01\x12 \x81\xc8\x10\x98\
o\xed\xb1\x03P\xb9\xe7\xcb\xbd\x1f%\x14\xa3\xff\x22@\
\xcf\xeaH\xe8Jy\xbd\xa0;\x8b\x1fV\xe2\xa1\xe2\x06\
@\x1a\xcb\x9b\xa4\xe1\x92\xe8\x04\x99\x96\xde\x90\x94\xa7@\
^\xade\x8e\x1f\xc7\xac\xe8\x05h\xb9\x0f\xcbA\xeeU\
\x88\x01\xb0{L\x7f\xdc\xb7\xf89\x09\x90\x00\x09\x90@\
\xa4\x08l\xfb\xc5\x1fS\x83\xbd:+\xa9\xd7\xe1\xf9\xbd\
/T\xa3\x7f\xe8D\xd1\x8d\xa2#EW\x0a\xd8@w\
V\x12r\xc5\x0d\x00Ic*\x09NF\xb1\x979\x04\
yA7\xc1\x0b\xa0\x91\xfd,<\xc5Z\x840\x03o\
\x93&\x0d\xf6\x22\xef\xb2\xe4\x1bg!\x01\x12 \x01\x12\
\x88\x07\x01\xe4z\x19\xdeyUf\xf33Gz0\xfa\
\xdfS\x88\xfc\x0f\xcdt\xb4\xd5\x89V7BG\x8a\xae\
\x14\x9d)\xba\xb3\xd2\xf0+o\x00@\x82a\xc9n&\
\xc5\xf8\xeb\xedc\xb8\xfe\xb8f\xeeL\xd6m\xbd\xe2\xc6\
\xf6\x81\x91\xefK\xd3$?\x7f\xb8\x9a\xc8\xd6\x90\x00\x09\
\x90\x00\x09\xac\x94\xc0\xb6\xf7?g\xa3\xfc]\xd7\xb9\xcb\
\xd9\xd0\xde\x83e\xe9\x19\xd4\x15\xaa\x04\xb5V\xb6\xa2\x8e\
\x5c\xd0\x99+\x15\xf8\x22\xbfW\x15\x03@\xfd!mG\
\xd4\xdaqOa\xcb[4-\x0c[\x03/!\xd4\xe0\
\x9dx?'\xdb\xf2\x8a{H\xbc\x00[\x9f~\xd7N\
\x10-9\x8a/H\x80\x04H\x80\x04\x22E\xa0\xe3\xc0\
h\x93\xa4[\xb7\xae\xffT\xf3=\xde\x87\xe3\xa1\xd9\xf4\
\xe7,H\xac\xff\x87n\x14\x1di\xdf+\xea\xcc\xb3\x9f\
W\xe6Y\xf5\x5c\xddA>\x80\x81\xd1\x87\xddU\xeb\xbe\
\x81\xd4\x8b\x92}\xa1\xe6k/\x17a\xf5\x10\x14\xe2\x9a\
\xdc\xfco]\xcf\xf4\x8d\xdc\xb5eP\x15\xd3E.:\
\x86OI\x80\x04H\x80\x04\x22B \xd8N\xb7\xed\xb9\
\x89O\xeb\xbc\xf7\x1c\xee\xf1\x9f\x83\xa2\x15\x8ft\x98F\
\xffygUk\xc2;3\xfd\xc8D_\xe77\xab\xb1\
\xfe?\xe8\xbe\xeax\x00p\xb6\x855\x8d\xc6\xcf(W\
\xf4~8\xd6^\x06 \xf0\xe8b\x97\xc0\xac\xb3f\xe3\
\xe7=G\xff\xab}\x1f\xcbE\xec>\x01\x8b\x0e\xe2S\
\x12 \x01\x12 \x81\x08\x10\xc0\x00N\xbc\xb9\x9b\x07\xde\
\xfb\x0c\x94\xff\x7f8\xab\xd6A\xf9\xcf\xca6\xbbaR\
\xfeh\x0et\xa1\xe8D\xd1\x8d(\x0b\xbaR^T\xb8\
T\xcd\x00H\x7f\xb2\xb0\xdc\x02\x01\x18\xf3&3\x0b\xb1\
B7\x0d mj\xf0O~\x98\xc1T\xc05\x1d\xfb\
F\x0eZ\xf6\xb2I\x90l\x16\xc4B\x02$@\x02$\
\x10\x0d\x02\x8b\xbc\xb7\x8er\x9fvV\xb7~\x1a^\xe7\
y\xa8\x9d\x10\xc6wI\xfa\xdfYY\x8e>/p\x03\
]Y\x0d\xd0U3\x00$\xd1\x8e\xb86\xc6\xfa\xb6<\
\xe2\xcf\xcf>\x02\x97\x87(U\x99\x06\x08Q\xb1KB\
S\xfe\xec\xc9\x9c^\xb3\xfe\xa6\x8e\x81\x91\x97m\xe3\xc4\
\x08\x90\x0b\x8a\x85\x04H\x80\x04H \xd4\x04\xecRn\
\xd17(\x1d\xfbG\x0e:\xcd\xab\xaf\xc1\x0e\xb0\x18]\
\xeb\xc6\xf09\x9e\x95\xb8\xff]\xd1\x89\xa2\x1b\xad\xfb\xbf\
\xd8\xf6j@\xae\x9e\x01\x00i\x16\x5c\x1b\xe1\x9d\x06(\
2\xd7I\x5c0Y\xbdz\xfd\xcd\x0b\x9e\x00t\x0as\
\x04T\xe3\x92\xe49H\x80\x04H`e\x04$\xe0/\
p\xfb\xb7\x0f\x8c\x1e\xd2Mkn\xf2gO\x89\xdb_\
r\xfe\xae\xac\xd2\x8a~\xabv\xee\x7f\x11\xab\xaa\xa3\xda\
\xc0\xb5\xb10\x0d\x80\xa4\xc7!\xb4\xc8\x82\xeen\xf0O\
O\xe6\x9c\x96\xb57ay\xe0!/o\xbe2\xd8\xbb\
eH.\xb0\xb1\xa1\x8e\x8c\xea\xaf\xfc\x1a\xcd\xa0!|\
$\x01\x12 \x01\x12X\x86\x00\xa6ie\xa9\xdfpo\
\xe7\x5c1\xe0\xefg\xd6\xedoG\xfe\xa2\xfc\xc3Z\xb0\
'm\x8d\xdc\xffB\xa4z\xab\x00\x02\xfe\x0b\xab\x01\x8e\
<\xea\xb6\xb4\xde\xe7\xcfL\x87m5@\xd0\xd2\xe01\
\xe3\xac\xd9\x902\xa7&\x87\x8c\xf1\xffn|\xf7\xd6\xd7\
\xe5\x03I\xd4 KK\x82\x83\xf8H\x02$@\x02$\
P}\x02\x92\xe1O\x92\xfc\xc8\x99e\xa9\x9fV\xfao\
%\xe0\xcf\xce\xf9\x8b\xdb?\x94#\x7f\xcb)\x07\xdd\x92\
4\xa7?|ll\xd7\x96\xfb\xaa\x19\xfd\x1f\xf4RU\
=\x00r\xd2\x9e\xa9\xb4\x83\x9c\xfb\x9e6\xfa\xa4N5\
)53]\xf1lG\x81\xb0+{\xd4)\xa4\x8c\xcc\
\xea\xc6\x96\xedj~\xe6\xd7\xed\xfbG~\xe4\x1b\xf5\xdc\
p_\xd7\x9b\xdd\x07LC\xe3T\xda\xa4\xb9\x8d\xf0\xca\
\xd0\xf2[$@\x02$\xb0B\x02\xb2\xb1\x8f\xe4\xf6\x1f\
\xdc\xa9m\x86?\xd7\xd5w\xa9T\xcb=\xca\xf7\x95\x7f\
\xe6D\x0e\x01\x7fa\x9c\xf3?+\xad\xc6\xe8?\x9bA\
s\x9d\xe3\xf2f\xa0\x1b\xcf\x1eP\xf9g\xd5\xf7\x00(\
I\xb3\xab\x8d\xea\x7f-\xd1\xf6\x89?\xf9/\xa7\xa1\xf1\
\x16\x93\x99\xf7\xe1\x8b\xa8j<Bih\x05\x93\xa4/\
\xd6\xca\xdd\xd8\xe1\xfa\x93\xa3i\x18\x01OO\xf4u=\
a\xebA\x80`\x0f\x127\xa4\xf7\xf6\xc0\x9b\x01\xd9X\
H\x80\x04H\x80\x04\xcaO\xa0\xdf8\xdd\xdb\x87\x12\x83\
C\xc7|\xd5\x7f\x83\x0d\xf4\x93Q?&\x93\xf7H\x86\
?\x9b\xe4GiYS\x17\xf6\x95[y\xa7ym\xc2\
\x9f9\xf9\xd0\xf8\xee\xaeo\x89>\x0c\xe4)?\xb4\x0b\
\xd7Xu\x0f\x80(\xc8 9\x83\xde7\xf2\x86\xbbn\
\xd3-\xf9\x0fF\x10\xa4\xa1C<Ocu:.(\
\xa3\xbc\xe3#\x19\x9dj\xeeq\xddDO\xc7\xc0h\x17\
\x0c\x81\x0f'n\xd0\x8f\x05;\x09\x8al\x8dSs&\
}w\x8fW\x8d\x5c\xce\x17\xeeZ~B\x02$@\x02\
1 `\x8c\xa3\x9eJ\xbb\xdb2k\x9d\xe1{uf\
P\xa9\xacH%[\xfaB\xf1o\xd4\xd8\xd8\xc7xy\
\xdc\x9b\x83\x0c\x7f\x11\x18\x83A\x958-k\x12f\xf6\
\x94\xd5\xc1\xdd\xdb/s W\xd5K\x0d\x0c\x00l\xb8\
3\xb4\xddZn\xcau~\x91?6\xf6E\x9dh\xb8\
\xcex9\x99\x0a\x08\xb1\x17\xa0\xd87Z\xa7\x900\xc8\
3\x88^\xc4\xfc\xcd}Nv^\xb5\xed\x1f\xdd\xa0}\
sj\xbc\xa9\xf3Q\xd9m\xca\x1e\xb9\xb7\x18'\x80}\
\x10\xacw\x00o\xca\xf6\x8e\xe9\xd6\x17}%\xcb\x0aY\
H\x80\x04H\x80\x04\xce\x12@ _\xcf\xd4\xed\x98\x22\
N\xdbM\xe4\xd3\x9f\xec1\xdb~?\xec\x0ek-\xf3\
\xfb\xfe0\xfet\xec\x1b\xbd\x1a\x8e\xd8\xbf4\xc6\xe4u\
S\xcb\x03\xba!\xa5\x0a\xbb\xfaiL\xfd\x879\xd8\xef\
\xac\x98\x22\x8bN$S\xf9cX\xa5\x90\xd0/\xc9'\
\x0b:q\xc9a\x95\x7fQ\x83)\x80\x82PA\xe0F\
\xdb\xbe#\xfd\xc9\xcb\xbb\xbe\x0b/\x00\xf23\x87\xd9\x0b\
p\xde\xce\xc0<\x93\xd6\xe2\xca\x91x\x06\xef\xc4\xd1W\
p\xd4A\xfco\xc7\x96\x8e\xcf\x17w@\xfc\xc8\x17\xad\
\x07\x04^\x82\x9e\x8f|\xc27H\x80\x04H\xa0\xbe\x08\
\x88\xf7\xb4\xbb\xb5I\xdb\x9dX\xcf#z\xe7\xb3#;\
0\xad\x7f\x076\x91\x1f\xc5\x10\xf1\x8e\xc4\xa6\xce\x1dX\
\xda\xa7\xe0>\x97\x81\x94\x0c\x1cC\x98\xdc\xe7<\x82\x04\
o\x19\x93I\x5c\xde\x95\xca}0\xf2\xe0\xc4\xee-\xfd\
\x81.\x0c>\xae\xe6cM<\x00\x22\xe0\xf0\xe1m\xb2\
6\x13F\x9b9\x08/\xc0M\x91\xf2\x02H\xc3\x0b%\
)\xcb\x18\xedJ\x06\x043\x22P\xf0K\x90\xe3Kp\
I\xc1\x1d5\xfa\xa7X>\xf8\x02\x04\x5ck|\xe3c\
\xc5\xa3\x04>\xae\xf2\xb5\xff*\x96\x13\x8a\xa1\x00;\x97\
\x85\x04H\x80\x04H@\xdc\xdfm\xfb\x8f|\xc91\xce\
\x17\x8d6gp\xcftq\xcft0\xebz\x12\xca\xff\
\xcb.\x94\xbe\x99\x9fQ\xf2?\x7f|T<\x022\xc7\
/\xfa+\xecs\xfdh\xe2\x92\x82\xd1\x7f\x03F\xffc\
\xaf\x8b\xee\x93O\x02]\xb8\xe4\xa8*\xbd\xa8\x99\x07@\
\xe4\x0b,\x9f\x0ex\x01\xdc\xe8z\x01\x16w\x95\x07\xa0\
\x08\x0b\x80\x8b'\x99J\xe9\xe6\xd5x\x16,r0J\
\xbbI\xe5M\x1f\x87\xd5j\x1e\xc6\xab\x9cc|'\xf8\
tq%|N\x02$@\x02\xf5@@\xe6|1:\
\xf2\xa1\x0c1\x8a\xd7\xdfDL\x98\x8b\xe9`\xbc[T\
Mp\xa5\x9a\xd9\xd3\xca\xe42\xa2\xf4\xc5 p\xf1Q\
\xf8\xa7\x8a/\xd4y\xc5\xd1\xbf\x87\xd1\xffX\x8dG\xff\
\xd2\xc4\x9ay\x00\xe4\xe4\x81\xe5c\x5c\xf7e\xcc\x87\xec\
\x84\xd2\xdca\xf2\xd9h\xc4\x02\x88\x00\x1f-.\x94\xbf\
\xb5H\xb1\xbc\xc3\xc7\xce\x82v\xe5\x80\x1c&\x973\x04\
\x93\xe8\x94\x06g\xf5\xfao\x17\xde\x91\xab\x99\x85\x04H\
\x80\x04\xea\x97\x80ht\xb95\x22\xfb*\x06H\xc7\xb2\
x\xb5h)\x15n\x99F\xcb!\x85 \xf1\xa2]\x10\
QZv`\x08]\xf7\x86\x82\xce\x13\x19\x02\x1dX+\
yjj\x00H6=\x9bP\xe7\xce\x8eC\xed\x03G\
\x9es\xd6n\xdc\xe1M/Y].\x00\x00\x09\xddI\
DATN\x88\xf9\x17\xe2\x15\x01\x17\xd9U\xd6J=\
\xbb\xe1\x91h~[`\xea\x9a\xd3'\xf2\x0b\xaf\x83\xf7\
\xf9H\x02$@\x02uJ\xc0\xeau\x8d\x01\xa9Q\x0d\
K\xef\x8db\x0e\xc4\x06J\x0e:.\xe5M\x8e?7\
\x0e\x9dWH&g\x03\x1ck&`8\xd0\x22\xa0\xbe\
\xe7)\xe5\xbe\xdf8\xf6K\xdd\xdc\xf2gf\xee\x8c\x04\
wpp\x5c\xb3\xcb\x82'&\x01\x12 \x01\x12(#\
\x01\x0f\xb1a\xae\x99\x9d\xf9\x9f+\xe6;nM\xdf\xad\
B\xb1L<\x14s)\xa2\xfc\xd3{u\x0e\x0b9\xfe\
\xb38g^X&XF\xfa\xac\x8a\x04H\x80\x04H\
\x80\x04jD /\xbaMt\x9c\xe8:\xd1y5j\
\xc7\x92\xd3\x86\xc2\x00\xb0@\x90\xd6q\xac\xaf\xf3G*\
;\xf7\xb8\xbb\xb1=\x05W\x90\x04}\xb0\x90\x00\x09\x90\
\x00\x09\x90@t\x09@\x97Y\x9d\x06\xdd&:NR\
\x18\x8b\xce\x0b\x83@\xa10\x00\x04D\xba\xf5\x1d\x1b\x10\
\xefy\xfe3\xfe\xe4x\x1a\xeb\xea%\x0e@\xa6\x02X\
H\x80\x04H\x80\x04H \x8a\x04<\xd1e\xa2\xd3D\
\xb7\x89\x00\x81\xae\x0b\x830\xa11\x00$;\x9e,\x0b\
<z\xd7\x96\xb4\xef\x03\x14\x96\x7f\xa0p* \x0cW\
\x09\xdb@\x02$@\x02$\xb0\x12\x02y\xd1e\xa2\xd3\
D\xb7\x89\x8e\x0bS&\xd8\xf0\x18\x00@+[:J\
d\xe4\xc4\xee\xad\x8fc\xe7\xbd'\xdc\x0dm\xe2\x05\x98\
\x8fS\x18\xe8J\xae ~\x87\x04H\x80\x04H J\
\x04l|\xfd\xbc\xd5a\xd0e\xa2\xd3l\xd4\x7fq\xdb\
\xe2\xb0H\x12*\x03@\xa0\x0c_\xf1;;\xea\xf7\xf3\
\xfeO\xf3\x93\x13\x83\xc8\xae\xd7\x88e \xf4\x04\x84\xe5\
\x8aa;H\x80\x04H\x80\x04\x96'\x00\x9d%\xbaK\
t\x98\xe8298\xd0m\xcb\x7f\xb1\xba\x9f\x86c\x19\
\xe092\xf7<il\x90D\xfb\xb3c\xd7\xc2w\xf2\
:>\x96\xed\x82\xb1\x82>F+B\xcf\x91\x99/I\
\x80\x04H\x80\x04b@@4\x95\xfc\x93\xcc\x85\x8es\
\x9d\xac\xf9\x0ftZ\xd8\xa4\x0b\x9d\x07@\x00I\x84\xe4\
\xd6\xa7\xdfm\x14p\xc8\x0b\xdd\xef\xaeo\xc3$Ja\
\x0b\xc8\xb0\x01d{H\x80\x04H\x80\x04H`\x81\x00\
t\x95\xe8,\xd1]\xa2\xc3D\x97\x85%\xea\x7f\xa1\x8d\
\xc5'\xa1\xf4\x00,4\xd2\x18\xad\x1eT\xba\xed\x13c\
\xff\xed6\xaf\xbe\x05;@ai\xa0\xec\x18\xb84W\
\xd4\xc2\xf1|B\x02$@\x02$@\x025! \xea\
\xd4d\x9c\xe65)o\xf6\xf4\xcb\x13\xeft\xfc\xb9\xfa\
.\x94\x95^\x94\xd9\xb8&\xed\xba\xf0Ik\x9b\x0a\xf8\
\xc2\xed*|\x02\xe5/\xe9\x82'\x94\xba\xb5}`\xf4\
\x10r\xe8_\x83|\xd1\xf3\x00\xda(\xbb\xf0\xb1\x90\x00\
\x09\x90\x00\x09\x90@\xcd\x09 \xc3\x0ft\xd2<tT\
#t\xd4o&\xfa\xban-\xb4\xc9\x88\x97=\xb4\xca\
*\x94S\x00\x0b\x9d\x09\xe5\xaf^3\xd6H\xf1\x95\xb7\
\xc7?=\xf9\xb6\xd3\xb2V\x94\x7f\x96+\x03\x16(\xf1\
\x09\x09\x90\x00\x09\x90@\xcd\x08X\xe5\x9f\x15\xdd$:\
\xcaW\xfe\x1e\xdb\x14\xd1]\xa2\xc3B\x5c\xc2m\x00\x08\
\xb8\x1bt\xbe\xfb\xc0`\xc3\xd1\xbe\xado\x19\x9d\xb8\xcd\
\x9f9\xf9\x96nhj\x80Q\xc5\x95\x01!\xbe\xb0\xd8\
4\x12 \x01\x12\xa8\x0f\x02&/:It\x93\xe8(\
\xd1U\xa2\xb3Dw\x85]~\x99\xb4\x88D\x91@\x8a\
\xf7\xf6\x5c9\xdf1\xf0\xee5\xaa\xa1\xe5\x90\xc9\xc1\x09\
`\x0c2\x05\x9aP\xe4T\x8e\x04D6\x92\x04H\x80\
\x04H\xa0\x8c\x04\xb4l\xea\xe3\xea$\xc6\xa4\xd9\x99k\
\xc7\xfa\xae\xfcM\xa0\xab\xcax\x92\x8aU\x15~\x0f@\
QtQ\xfe\x92HA\x00\xfb\xf3\xf37\xeb\x04f\x06\
\x1c\xec\x13\xad\xd0\x01,$@\x02$@\x02$PU\
\x02\xd0=\xd0A\xa2\x8bD'\x89n\x12\x1d%\xba\xaa\
\xaa\xcd\xb8\x84\x93E\xc6\x03\x10\xc8\x18\xac\xa7\xdc<0\
r\xb3\x9blx\xd9\xe4\xe1e1>\xfehX\x04\xa1\
\x8d\xb5\x08\x9a\xcfG\x12 \x01\x12 \x81H\x13\x10\xb5\
\x89)h\xed$D\xf9{\xb9\xec-G\xfb\xba\x0e\x06\
\xba)J\xa2E\xc6\x03\x10@\x95\xf5\x94\x85\x98\x80\xae\
\x83~&{\xb3\xb8^0\xff\x22\xca?+{-\xb2\
\x90\x00\x09\x90\x00\x09\x90@E\x08X\x1dc\xb2\xa2s\
D\xf7\x88\x0e\x12\xe5/:)\xack\xfd\x97\xe3\x109\
\x03@\x84\x19\xec\xed\xce\x8a\xb55qW\xd7\xafd\xde\
\xc5d\xe7\xdeB\x04&z\xc3\xcf\xd0\x08X\xae\xbb\xf9\
\x19\x09\x90\x00\x09\x90\xc0\x8a\x08\x88\xf2\x87\x8e\x11]#\
:Gt\x8f\xe8 \xd1E\xa2\x93VTg\x8d\xbf\x14\
\xe9!\xb3\xdd\x5c\xe1\xde\xab2m\xfb\xc7?\xa5\x8d\xff\
s\xa7e\xcd\xa7\x10\x89)\x9b\x075r:\xa0\xc6W\
\x16OO\x02$@\x02\xb1!`\xdd\xfe\xf3v\xa9\xdf\
\xcc\xa9\xb7\x8dvn\x9b\xd8\xd5\xfev\xa0\x83\xa2*f\
\xa4\x0d\x00\x81\x1eD\x5c\xb6\xed\x7f\x07F\x80\xfbsg\
\xf5\xc6Oa-\xa6\x04a\xc0\x08`!\x01\x12 \x01\
\x12 \x81K&\x80$?\x1b\xb0\xce\xffC(\x7f\x0f\
\xca\xff\x13o\x07\xba\xe7\x92k\xaea\x05\x917\x00\x84\
\x9d\xec\xb1,[\x09o\x1e\x98\xf8\x8cc\xf2?u\xd7\
m\xba\xd6;y,\x07O\x80Lqp\x99`\x0d/\
0\x9e\x9a\x04H\x80\x04\x22L@\x96\x9a\xfb\xee\xda\xcb\
\x92\xde\xf4\xf1C\xbeN|\xe5h_\xdb[\x81\xce\x89\
\xb0\x5c\xb6\xe9\xb10\x00D\x12\x09\xc2\x08\xe6a\xda\x07\
F\xbe\x8f|\xcc\xdf2\xf9,23\xcf\xe5`\x07$\
9%\x10\xf5K\x95\xed'\x01\x12 \x81j\x11\x80j\
4~N\xa7\x9a\x92:\x81\xf0\xb2\xd9S?\x18\xef\xeb\
\xfa\xb6\x9c}\xb1\xae\xa9Vk*u\x9e\xd8\x18\x00\x16\
P\xffkH\xbdx\x83\xcd\xbe\xd460\xf25\xc4l\
|\xc5Y\xb3\xe9\xf3\xfe\xc9\xe3\x9c\x12\xa8\xd4\x15\xc4z\
I\x80\x04H ^\x04$}o\xc6Y\xbb\xa9\x09\xba\
\xe3\xb7X\x5c\xfeS\xe4\xf6\x7f\xc2\x8a\xb8H\xc7\xc4A\
\xe4x\x19\x00\xd2#\xd8A\xb0\xfb\xc5!\x1b\x95\xd9\xf5\
\xcc\x91n\xcfq\xfe\x05S\x02\xd7y\xd3\xc7$I\x00\
\xa6\x05\x14R6\xb1\x90\x00\x09\x90\x00\x09\x90\xc0G\x08\
d0\xe2OaS\x1f\xe5M\x1d}\xdd\xf5\xd5\xdf\x8f\
\xdc\xb5e\xd0\x8e\xfao\xdf\x0eorxw\xf6\xfb\x88\
$\x17\xf1F\xfc\x0c\x80\xa2\xd0\x8b\x034:\xf6\x1d\xe9\
7Z\xff#,:\x0d\x8b\xae\x18\x1b\xc0\x14\xc2\x17q\
}\xf0\x10\x12 \x01\x12\xa8\x03\x02\x92Q\xd6\xe4\xdd\x8d\
\x1d\xa9\xfc\x87coj\xe5\xfc\xdbxc\xfb\x8fU\xaf\
\xf6\x16\xeb\x92\xb8\x81\x88\xad\x01`;\xea\x00\x94\xfc\xd0\
\x83F\xf5\xf7\xfb\xed\x03c7\x1a\xe5\xdd\xe64\xae\xba\
\x17s;\x12\x1b \xd3\x02\xe2\x0d\x88d.\x84\xb8]\
\x88\x94\x87\x04H\x80\x04j@@\xdc\xfdY\xcc\xf57\
\xda\x98\xf1\xcc\xcc\xe3\x9eg\x9e9z\xd7\x96\xb4:p\
\x00\x01\xe4\xb7+1\x02j\xd0\xae\xaa\x9c2\xde\x06@\
\x11\xe1\xe2\xa0\x8d\xb6}\xef\xdd\xe3hg\xb7{Y\xe7\
\x17\xbc\xc9\xf7a\xf3\xe5\x90<H!H\x90\x86@U\
\xae8\x9e\x84\x04H\x80\x04jO\x00\xa3@\x95\xd3\x89\
d\xca\xddp\x85\xf2\x8e\x8d\xbe\xe9\x1b\x7f\xdf\xc4\xee\xad\
\x8fK\xd3\xe2\x12\xe5\xffq\x98\xeb\xc2\x00\xb0\x10\xe0\x0d\
\xe8\xc6\x92\xc0\xc1^\x9dm\x7f\xfa\xddkM\x22q3\
fsnN\x5c\xd6q\x1d\x0d\x81\x8f\xbbL\xf89\x09\
\x90\x00\x09\xc4\x82\xc0\x12\xc5\x9f?6\xf6\xba\xd1\xea\xa0\
\xce\xe7\x0f\x8e\xef\xb9\xf2\x90M\xecs\xc5\xef\xf2\xaa\xb7\
7\xb6\xa3\xfe\xc5\xbdX?\x06@Q\xea\xc5\x99\x9b\xda\
\xf7\xbdw\x9dq\xdc\x9b>b\x08(x\x040\x09\xb4\
\x18\x14\x9f\x93\x00\x09\x90\x00\x09D\x96\x80\xac\x0e\xf3\xb4\
[\x18\xf1/(~\xdf\xfb\xd5\xf8\xee\xad\xaf\x8bT\x8b\
uCd\xa5,\xb1\xe1ug\x00X>\xfd\xc6\xd9v\
\xf5pR\x92\x07\xc9\xeb\x05C\xc07\xb7$.\xef\xbc\
\x16\x09\x1f\xb0\xb5\xd0\xbc\xe4v\xd6p\x13\xb94\x06,\
5\xfe!\x01\x12 \x81\xe8\x100\xca\xc7\xbd[\x14\xbf\
\x8b\x14\xbe.r\xc3\xa8\xfc\xb1\xd1C\xc6\xd1/\xeb\xc5\
\x8a_\x12\xc9\x1d\xde\x96S\xfdZ\xe2\x01\xea\xaa\xd4\xa7\
\x01\x10t\xf1\xb9\x86\xc0\xb3c\xd7*\xcf\xdf\x09\x97\xd0\
\x8e\xc4\xfa\xcd\xb7\x98\x1c\x12\x09\xcd\x9fQ&\x97\x11C\
\xc1\xa11\x10\x80\xe3#\x09\x90\x00\x09\x84\x90@A\xe9\
\x8b\xfb\xde\xd7\xc9T\x0a\x8a_\xf9\xf33\xca\xcc\xcd<\
\xa45\xb6\x8cw\xd5Kc\x7f\xd3yXZn\xe7\xf9\
\xebT\xf1\x07=W\xdf\x06@@\xe1\x1cC@!^\
\xa0-3\x82\xacOz\x06\xd3\x03\xb7\xbb\x9b:\xaf6\
r\x11\xc9\xff\x821\xe0\x02\x9cAb\x01\x09\x1ed!\
\x01\x12 \x01\x12\xa8\x11\x01\xdc\x8bs\xb8\x17\x8b.\xf3\
D\xe9\xeb\xc6\x16l\x07\xd7\xa2\xbc\xe3\xa3\x87\x8d2/\
\x89\xe2\x1f\xdf\xd5\xf5P\xd0<*\xfe\x80D\x01\xda\xd9\
W\xf5\xfe\x0c\x86@\xf7\xf6\xa1D\x90RXpt>\
;\xb2\xc3\xf7\xd5\x1dp&\x8d\xc2\x07p\x07\x8c\x81\x1d\
f\xee4>\xd1\xca?3%kG}\x8d\xe7\xb8\xd0\
\xf0Ts\xba\xa0\xde\xaf!\xcaO\x02$P1\x02E\
e_\xac_r\xbbi\xc7Y\xd5\x8a\xe5zF\xe9\xa6\
\xd5\xa2\xf4\xdf\xc0\xbd\xfay\xdc\xab;\x1dG=?z\
g\xd7\x1b\xf6`\x1b\x04>\xe4\x0e\x0em\xcf\xd7\xa3\xab\
\xffB\x1d\x22V\x13\xcbG\x08`\x12\xe05\xe5n\xfb\
\xfd\xb0;\x8c\xed\x86\x83\x8f\x8b\xc6\xc0\x97\xa1\xefO\x18\
\xdf\xacq\x9aV\xdd\x8f\xf5\xa3\xb2G\xb4\x5c\x87\xc8-\
\x00\x0fAfN\xe6\x91\x18@\x18@\xe3#\x09\x90\x00\
\x09\x94\x83\x00r\xbb;-\xeb\xec\xbdV\x14\xbe\x82\x86\
\xc7\xfdV\xf9sg\x1e\xd5\x8e>\x85\xb7\xd6\xe3\xad\x17\
\x16\x94>\xcei\x03\xfb>\xbb\xcdS7h\x9b\x22\xbe\
\x1c\xcd\x88S\x1d4\x00>\xae7\x8dq\xd4Siw\
[f\xad\xb3\xd8\x18\x90\xafu\xec\x1f\xbd\x1f\x86@\x0b\
\x5cLxPg\xf0\xb0\x13\x06\xc1\xf5f\x1eF\x00W\
\x11|\x1cY~N\x02$@\x02\x17G@6v5\
\xbe\x0c\xc6\xfe\x19\xde\xd6y\x0c\xb8\xb4\xf6\x8d\x8b\x87\x99\
\xb1]\x9d\x8f.\xae\xc4*\xfd\xd4I_\xdd\xdd\xe3!\
uo\xdd\x05\xf6-f\xf1q\xcf\xff\x1f@\xaa\x07\x9a\
\xfab*\x8b\x00\x00\x00\x00IEND\xaeB`\x82\
ic10\x00\x00mc\x89PNG\x0d\x0a\x1a\x0a\
\x00\x00\x00\x0dIHDR\x00\x00\x04\x00\x00\x00\x04\x00\
\x08\x06\x00\x00\x00\x7f\x1d+\x83\x00\x00\x01\x93iCC\
PICC Profile\x00\x00(\x91\
}\x90\xbbK\xc3P\x14\x87\x7fM-\x15\xa9\x8a\xe8\xe0\
\xe0\x10\xb0:\xb5R\xea\xa0\xa3m\x85R\xa8Pj\x05\
\xab\x0e&i\xfa\x806\x0dI\x8a\x0a\x8e\x82\x8bC\xc1\
\xc1\xc7\xe2kpq\xd6\xb5\x83\xab (\x8a N\xfe\
\x05\xbe\x16)\xf1\xdc&\xd2\xaa\xd8\x03\x97\xfbq\xee9\
\xe7\xde\xfb\x01\xdc\x96\xa0\xaa\xc5\x8e\x00PR\x0c-\x19\
\x0d\xf3\xf3\xe9\x05\xde\xfd\x0c\x17\xfa\xd0\x03\x07&\x04I\
WC\x89D\x1c\x14\xdf\xfb\xcf\xf8\xb8\xa3:\x8a\x1b?\
\x9b\xf5\xf7\xbcmtgd]\x02\x1c<\xf1\x94\xa4j\
\x06\xf12\xf1\xf0\x8a\xa12\xde \x1e\xd0\xe8Q\xc4\xbb\
\x8cs\x16\x9f1\x16-\xae5jR\xc9\x08\xf1-1\
/\xe5\x85\x0c\xf1\x1b\xb1O\xcak%\x80c\xf3\xbd\x99\
R\x86\xf2\xdc\xb4\xc5\x0a\xe3<c\xb1\xa57\xd7\xc2\xa5\
bE\xb2\xdf\xc9~\xe8\x91\x95\xb9YVOk\x08Q\
\xc40\x83\x04x\x88\xa8\xa0\x80\x22\x0c\xf8iW(\xa3\
#I\xe7aC^5Xs\xa4\xac\xaei\x85\x5c\xde\
\xe0CdH\xe6c\x8a4\xe6\xe3\x83\x81 yg\xbe\
\x7f{l\xe6\xca\x87\xc0\xe4;\xe0\xac6s\xe2\x0ep\
\xb1\x09\x0c>4s\xde\x03\xa0\x97\x5c\x9d_\xaa\x82&\
4RNZ\x5c6\x0b\xbc\x9c\x92\xe64\xd0\x7f\x0dt\
-\xea\xd9\xf1\xa0\xf5#O\x18p=\x99\xe6\xeb\x08\xe0\
\xde\x06\xeaU\xd3\xfc<2\xcd\xfa15?\x025\xc5\
rg\xcf\xc2\xc9=\x90Z\x07\xe2W\xc0\xde>0\x9a\
\xa3;\x97\xfeq\xd4\xd9pd{h[c{\xfc\x02\
e\x7fw\xd1\x0f\xb22\x9b\x00\x00\x008eXIf\
MM\x00*\x00\x00\x00\x08\x00\x01\x87i\x00\x04\x00\x00\
\x00\x01\x00\x00\x00\x1a\x00\x00\x00\x00\x00\x02\xa0\x02\x00\x04\
\x00\x00\x00\x01\x00\x00\x04\x00\xa0\x03\x00\x04\x00\x00\x00\x01\
\x00\x00\x04\x00\x00\x00\x00\x00\xf0\x15\xc8'\x00\x00@\x00\
IDATx\x01\xec\xdd\x01n\x1b\xb9\xb2\x05\xd0\xf8\
\xc3\xbb\x08\x90\xa5eqYZ\x80\xac\xc3\xff)3\xf2\
\xc8\xb2$w\xab\xc9\xaa\x22y\x1e\xf00\xb6\xd4\x22\x8b\
\xa7\xda\xb2\xfa\x8aV^\xbe\xf9\x1f\x81\xa2\x02\xdf\x7f\xfd\
~+Z\x9a\xb2\x08\x10 @\x80\x00\x01\x02\x04\x08\xdc\
\x15\xf8\xf3\xf3\xc7\xcb\xdd;\xddA Q\xc0\x89\x99\x88\
\xbf\xf2\xd4.\xeeW\xee\xbe\xb5\x13 @\x80\x00\x01\x02\
\x04\x08\x08\x09\x9c\x03\x19\x02\xff\x971\xa99\x09\x10 \
@\x80\x00\x01\x02\x04\x08\x10 @\x80\x00\x81X\x01;\
\x00b\xbd\x97\x9a\xcd\xbb\xfcK\xb5\xdbb\x09\x10 @\
\x80\x00\x01\x02\x04\x1a\x09\xd8\x1d\xd0\x08\xd20\x9f\x04\xec\
\x00\xf8D\xe2\x06\x02\x04\x08\x10 @\x80\x00\x01\x02\x04\
\x08\x10 0\x9f\x80\x1d\x00\xf3\xf54|E\xde\xe9\x0f\
'7!\x01\x02\x04\x08\x10 @\x80\xc0\x82\x02v\x06\
,\xd8\xf4\xc6K\xb6\x03\xa01\xa8\xe1\x08\x10 @\x80\
\x00\x01\x02\x04\x08\x10 @\x80@E\x01;\x00*v\
\xa5pM\xde\xed/\xdc\x1c\xa5\x11 @\x80\x00\x01\x02\
\x04\x08,'`W\xc0r-?\xb4`;\x00\x0e\xf1\
\xad\xf5`\x17\xffk\xf5\xdbj\x09\x10 @\x80\x00\x01\
\x02\x04\x08\x10\x98K\xc0\x0e\x80\xb9\xfa\xd9t5.\xf8\
\x9br\x1a\x8c\x00\x01\x02\x04\x08\x10 @\x80@\x88\x80\
]\x01!\xccCNb\x07\xc0\x90mS4\x01\x02\x04\
\x08\x10 @\x80\x00\x01\x02\x04\x08\x10\xd8'`\x07\xc0\
>\xaf\xa9\x8f\xf6\x8e\xff\xd4\xed\xb58\x02\x04\x08\x10 \
@\x80\x00\x81E\x05\xec\x08X\xb4\xf17\x96m\x07\xc0\
\x0d\x147\x11 @\x80\x00\x01\x02\x04\x08\x10 @\x80\
\x00\x81\xd9\x04\xec\x00\x98\xad\xa3;\xd6\xe3\x1d\xff\x1dX\
\x0e%@\x80\x00\x01\x02\x04\x08\x10 0\x89\x80\x1d\x01\
\x934\xf2\x89e\xd8\x01\xf0\x04\x9a\x87\x10 @\x80\x00\
\x01\x02\x04\x08\x10 @\x80\x00\x81\xd1\x04\xec\x00\x18\xad\
c\x07\xea\xf5\x8e\xff\x01<\x0f%@\x80\x00\x01\x02\x04\
\x08\x10 0\xa9\x80\x1d\x01\x936\xf6\xc6\xb2\xec\x00\xb8\
\x81\xe2&\x02\x04\x08\x10 @\x80\x00\x01\x02\x04\x08\x10\
 0\x9b\x80\x1d\x00\xb3u\xf4j=\xde\xf5\xbf\x02\xf1\
-\x01\x02\x04\x08\x10 @\x80\x00\x01\x02w\x05\xec\x06\
\xb8K3\xc5\x1dv\x00L\xd1F\x8b @\x80\x00\x01\
\x02\x04\x08\x10 @\x80\x00\x01\x02\x8f\x05\xec\x00x\xec\
3\xe4\xbd\xde\xf5\x1f\xb2m\x8a&@\x80\x00\x01\x02\x04\
\x08\x10 PJ\xc0n\x80R\xedhR\x8c\x1d\x00M\
\x18\xeb\x0c\xe2\xe2\xbfN/TB\x80\x00\x01\x02\x04\x08\
\x10 @`2\x01o \x0f\xdeP\x0d\x1c\xbc\x81\xe7\
\xf2]\xf8\x9f%\xfc\x97\x00\x01\x02\x04\x08\x10 @\x80\
\x00\x81\xd6\x02v\x03\xb4\x16\xcd\x19\xcf\x0e\x80\x1cw\xb3\
\x12 @\x80\x00\x01\x02\x04\x08\x10 @`\x18\x01o\
8\x0e\xd3\xaa\x87\x85\xda\x01\xf0\x90\xa7\xf6\x9d~\x08k\
\xf7Gu\x04\x08\x10 @\x80\x00\x01\x02\x04f\x14\xb0\
\x1b`\xdc\xae\xda\x010n\xefTN\x80\x00\x01\x02\x04\
\x08\x10 @\x80\x00\x01\x02\x046\x0b\xd8\x01\xb0\x99\xaa\
\xc6\x81\xde\xf5\xaf\xd1\x07U\x10 @\x80\x00\x01\x02\x04\
\x08\x10 \xf0\xed\x9b\xdd\x00c\x9d\x05v\x00\xd4\xef\x97\
\x90\xa6~\x8fTH\x80\x00\x01\x02\x04\x08\x10 @\x80\
\xc0\xb7o\xae]\x8a\x9f\x05\x1aT\xbcA\xe7\xf2\xbc\xf3\
\x7f\x96\xf0_\x02\x04\x08\x10 @\x80\x00\x01\x02\x04\xaa\
\x09\xd8\x09P\xad#\xb7\xeb\x11\x00\xdcv)u\xab\x8b\
\xffR\xedP\x0c\x01\x02\x04\x08\x10 @\x80\x00\x01\x02\
7\x04\x84\x007P\x8a\xdd$\x00(\xd6\x90\xcbr\x5c\
\xf8_j\xf8\x9a\x00\x01\x02\x04\x08\x10 @\x80\x00\x81\
\x11\x04\x04\x01u\xbb\xe43\x00\xea\xf6Fe\x04\x08\x10\
 @\x80\x00\x01\x02\x04\x08\x10 @\xa0\x99\x80\x1d\x00\
\xcd(\xdb\x0d\xe4\x9d\xffv\x96F\x22@\x80\x00\x01\x02\
\x04\x08\x10 @ G\xc0N\x80\x1c\xf7G\xb3\xda\x01\
\xf0H\xc7}\x04\x08\x10 @\x80\x00\x01\x02\x04\x08\x10\
 @`\x12\x01;\x00\x0a5\xd2;\xff\x85\x9a\xa1\x14\
\x02\x04\x08\x10 @\x80\x00\x01\x02\x04\x9a\x08\xd8\x09\xd0\
\x84\xb1\xc9 v\x004a4\x08\x01\x02\x04\x08\x10 \
@\x80\x00\x01\x02\x04\x08\x10\xa8-`\x07@\x81\xfex\
\xe7\xbf@\x13\x94@\x80\x00\x01\x02\x04\x08\x10 @\x80\
@W\x01;\x01\xba\xf2n\x1a\x5c\x00\xb0\x89\xa9\xdfA\
.\xfe\xfb\xd9\x1a\x99\x00\x01\x02\x04\x08\x10 @\x80\x00\
\x81Z\x02B\x80\xdc~\x08\x00\x12\xfd]\xfc'\xe2\x9b\
\x9a\x00\x01\x02\x04\x08\x10 @\x80\x00\x81\x14\x01!@\
\x0a\xfb\xdfI\x05\x00I\xf6.\xfe\x93\xe0MK\x80\x00\
\x01\x02\x04\x08\x10 @\x80@\xba\x80\x10 \xa7\x05\x02\
\x80\x04w\x17\xff\x09\xe8\xa6$@\x80\x00\x01\x02\x04\x08\
\x10 @\xa0\x94\x80\x10 \xbe\x1d\x02\x80`s\x17\xff\
\xc1\xe0\xa6#@\x80\x00\x01\x02\x04\x08\x10 @\xa0\xac\
\x80\x10 \xb65\x02\x80@o\x17\xff\x81\xd8\xa6\x22@\
\x80\x00\x01\x02\x04\x08\x10 @`\x08\x01!@\x5c\x9b\
\xfe/n\xaa\xb5gr\xf1\xbfv\xff\xad\x9e\x00\x01\x02\
\x04\x08\x10 @\x80\x00\x01\x02\xd9\x02v\x00\x04t\xc0\
\xc5\x7f\x00\xb2)\x08\x10 @\x80\x00\x01\x02\x04\x08\x10\
\x18Z\xc0N\x80\xfe\xed\xb3\x03\xa0\xbf\xb1\x19\x08\x10 \
@\x80\x00\x01\x02\x04\x08\x10 @\x80@\xba\x80\x1d\x00\
\x1d[\xe0\x9d\xff\x8e\xb8\x86&@\x80\x00\x01\x02\x04\x08\
\x10 @`J\x01;\x01\xfa\xb5\xd5\x0e\x80~\xb6F\
&@\x80\x00\x01\x02\x04\x08\x10 @\x80\x00\x01\x02e\
\x04\xec\x00\xe8\xd0\x0a\xef\xfcw@5$\x01\x02\x04\x08\
\x10 @\x80\x00\x01\x02K\x09\xd8\x09\xd0\xbe\xddv\x00\
\xb475\x22\x01\x02\x04\x08\x10 @\x80\x00\x01\x02\x04\
\x08\xb4\x13\xf0\xc6u#K\x90\x8d \xcf\xc3x\xf7\xff\
,\xe1\xbf\x04\x08\x10 @\x80\x00\x01\x02\x04\x08\x108\
&`\x17\xc01\xbf\xebG\x0b\x00\xaeE\x0e|\xef\xe2\
\xff\x00\x9e\x87\x12 @\x80\x00\x01\x02\x04\x08\x10 @\
\xe0\x86\x80\x10\xe0\x06\xca\x937\xf9\x13\x80'\xe1\xae\x1f\
\xe6\xe2\xffZ\xc4\xf7\x04\x08\x10 @\x80\x00\x01\x02\x04\
\x08\x10 PI\xc0\x0e\x80\x06\xddp\xf1\xdf\x00\xd1\x10\
\x04\x08\x10 @\x80\x00\x01\x02\x04\x08\x10x `'\
\xc0\x03\x9c\x8dw\xd9\x01\xb0\x11\xcaa\x04\x08\x10 @\
\x80\x00\x01\x02\x04\x08\x10 @`d\x01;\x00\x0ev\
\xcf\xbb\xff\x07\x01=\x9c\x00\x01\x02\x04\x08\x10 @\x80\
\x00\x01\x02\x1b\x05\xec\x02\xd8\x08u\xe70\x01\xc0\x1d\x98\
-7\xbb\xf8\xdf\xa2\xe4\x18\x02\x04\x08\x10 @\x80\x00\
\x01\x02\x04\x08\xb4\x13\x10\x02<o\xe9O\x00\x9e\xb7\xf3\
H\x02\x04\x08\x10 @\x80\x00\x01\x02\x04\x08\x10 0\
\x8c\x80\x1d\x00O\xb4\xca;\xffO\xa0y\x08\x01\x02\x04\
\x08\x10 @\x80\x00\x01\x02\x04\x1a\x0a\xd8\x09\xb0\x1f\xd3\
\x0e\x80\xfdf\x1eA\x80\x00\x01\x02\x04\x08\x10 @\x80\
\x00\x01\x02\x04\x86\x13\x10\x00\x0c\xd72\x05\x13 @\x80\
\x00\x01\x02\x04\x08\x10 @\x80\x00\x81\xfd\x02\xfe\x04`\
\x87\x99\xad\xff;\xb0\x1cJ\x80\x00\x01\x02\x04\x08\x10 \
@\x80\x00\x81\x00\x01\x7f\x0a\xb0\x1d\xd9\x0e\x80\xedV\x8e\
$@\x80\x00\x01\x02\x04\x08\x10 @\x80\x00\x01\x02\xc3\
\x0a\x08\x00\x86m\x9d\xc2\x09\x10 @\x80\x00\x01\x02\x04\
\x08\x10 @\x80\xc0v\x01\x7f\x02\xb0\xc1\xca\xd6\xff\x0d\
H\x0e!@\x80\x00\x01\x02\x04\x08\x10 @\x80@\xa2\
\x80?\x05\xf8\x1a\xdf\x0e\x80\xaf\x8d\x1cA\x80\x00\x01\x02\
\x04\x08\x10 @\x80\x00\x01\x02\x04\x86\x17\x10\x00\x0c\xdf\
B\x0b @\x80\x00\x01\x02\x04\x08\x10 @\x80\x00\x01\
\x02_\x0b\xf8\x13\x80\x07F\xb6\xfe?\xc0q\x17\x01\x02\
\x04\x08\x10 @\x80\x00\x01\x02\x04\x0a\x0a\xf8S\x80\xfb\
M\xb1\x03\xe0\xbe\x8d{\x08\x10 @\x80\x00\x01\x02\x04\
\x08\x10 @\x80\xc04\x02\x02\x80iZi!\x04\x08\
\x10 @\x80\x00\x01\x02\x04\x08\x10 @\xe0\xbe\x80\x00\
\xe0\x8e\x8d\xed\xffw`\xdcL\x80\x00\x01\x02\x04\x08\x10\
 @\x80\x00\x01\x02C\x0a\xf8\x0c\x80\x1bms\xf1\x7f\
\x03\xc5M\x04\x08\x10 @\x80\x00\x01\x02\x04\x08\x10\x18\
H\xc0g\x01|n\x96\x1d\x00\x9fM\xdcB\x80\x00\x01\
\x02\x04\x08\x10 @\x80\x00\x01\x02\x04\xa6\x13\x10\x00L\
\xd7R\x0b\x22@\x80\x00\x01\x02\x04\x08\x10 @\x80\x00\
\x01\x02\x9f\x05\xfc\x09\xc0\x85\x89\xad\xff\x17\x18\xbe$@\
\x80\x00\x01\x02\x04\x08\x10 @\x80\xc0\x04\x02\xfe\x14\xe0\
\xbf&\xda\x01\xf0\x9f\x85\xaf\x08\x10 @\x80\x00\x01\x02\
\x04\x08\x10 @\x80\xc0\xb4\x02\xaf\xd3\xae\xcc\xc2\x08\x5c\
\x08H\xfd.0|I\x80\x00\x01\x02\x04\x08\x10 \xf0\
I\xc0n\xe0O$n\x98P\xc0\x0e\x80\x09\x9bjI\
\x1f\x05\x5c\xfc\x7f\xf4\xf0\x1d\x01\x02\x04\x08\x10 @\x80\
\xc0g\x01\xaf\x19?\x9b\xb8e>\x01\x9f\x01\xf0\xbf\x9e\
J\xfb\xc6:\xb1=9\x8f\xd5/\xd5\x12 @\x80\x00\
\x01\x02\x04f\x15p\x1d1Vg]G|\xfbf\x07\
\xc0X\xe7\xacj\x09\x10 @\x80\x00\x01\x02\x04\x08\x10\
 @\x80\xc0S\x02>\x03\xe0)6\x0f\x8a\x10\x90\xd0\
E(\x9b\x83\x00\x01\x02\x04\x08\x10 @\xe0Y\x81{\
\xafW\xed\x0cxV\xd4\xe3z\x0b\xd8\x01\xd0[\xd8\xf8\
\x04\x08\x10 @\x80\x00\x01\x02\x04\x08\x10 @\xa0\x80\
\xc0\xd2\x9f\x01 \x99+p\x06\xfe[\xc2\xbd\xf4\xb4N\
\x85*!@\x80\x00\x01\x02\x04\x08\x10 \xf0\xbc\x80k\
\x8f\xe7\xedZ?r\xe5k\x0f;\x00Z\x9fM\xc6#\
@\x80\x00\x01\x02\x04\x08\x10 @\x80\x00\x01\x02\x05\x05\
|\x06@\xc1\xa6\xacP\xd2\xca\xa9\xdb\x0a\xfd\xb5F\x02\
\x04\x08\x10 @\x80\x00\x81\x8f\x02\xd7\xaf\x7f\xed\x08\xf8\
\xe8\xe3\xbb\x18\x01;\x00b\x9c\xcdB\x80\x00\x01\x02\x04\
\x08\x10 @\x80\x00\x01\x02\x04R\x05\x96\xfd\x0c\x00\x89\
[\xfcyw\x9dz\xc6W`F\x02\x04\x08\x10 @\
\x80\x00\x01\x02\xf5\x04\x5c\x9b\xc4\xf6d\xe5\xeb\x92%w\
\x00\xf8\x01\x8b\xfd\x013\x1b\x01\x02\x04\x08\x10 @\x80\
\x00\x01\x02\x04\xaa\x08\x9c\xae\x07W\xbd&\xf4\x19\x00U\
\xce\xc2I\xebX9]\x9b\xb4\xa5\x96E\x80\x00\x01\x02\
\x04\x08\x10 \xd0X\xe0\xf25\xf3\xaa\x17\xa6\x8dI\x0d\
wG`\xc9\x1d\x00w,\xdcL\x80\x00\x01\x02\x04\x08\
\x10 @\x80\x00\x01\x02\x04\xa6\x15\xb0\x03`\xda\xd6\xe6\
-\xec2\xc1\xcc\xab\xc2\xcc\x04\x08\x10 @\x80\x00\x01\
\x02\x04\xc6\x13\xb8|-m7\xc0x\xfd\xab^\xf1R\
;\x00V\xfe[\x8f\xea'\xa2\xfa\x08\x10 @\x80\x00\
\x01\x02\x04\x08\x10 \x10)\xb0b\xc0\xb2\xd4\xbf\x02\xb0\
b\x83#\x7f\x80.\xd3\xca\xc8y\xcdE\x80\x00\x01\x02\
\x04\x08\x10 @`f\x01\xd71}\xbb\xbb\xd2u\xcc\
R;\x00\xfa\x9e6k\x8f\xbe\xd2\x0f\xcd\xda\x9d\xb6z\
\x02\x04\x08\x10 @\x80\x00\x01\x02\x04F\x15\x10\x00\x8c\
\xda\xb9Bu\xbb\xf8/\xd4\x0c\xa5\x10 @\x80\x00\x01\
\x02\x04\x08L'pz\xbd\xed5\xf7tmMY\x90\
\x00 \x85}\x9eI=\x11\xcd\xd3K+!@\x80\x00\
\x01\x02\x04\x08\x10\xa8-\xe0\xb5w\xed\xfe\x8cP\x9d\x00\
`\x84.\x15\xad\xf1\xe2\x09h\xa9\xcf\x92(\xda\x0ee\
\x11 @\x80\x00\x01\x02\x04\x08, p\xf1\x1a|\x81\
\xd5Zbk\x81%.\xdc|hF\xeb\xd3\xe6\xdb7\
O<\xedM\x8dH\x80\x00\x01\x02\x04\x08\x10 @`\
\xab\x80k\x9c\xadR\xdb\x8f[\xe1\x1a\xc7\x0e\x80\xed\xe7\
\x83#\xff\x15\xb8\xf8\xc1X\x22@\xd2x\x02\x04\x08\x10\
 @\x80\x00\x01\x02\xd5\x04.^\x93W+M=\x85\
\x05\x04\x00\x85\x9b3@io\x03\xd4\xa8D\x02\x04\x08\
\x10 @\x80\x00\x01\x02\x04\x08\x10\xf8\x9f\xc0+\x05\x02\
[\x05\xa4\x8c[\xa5\x1cG\x80\x00\x01\x02\x04\x08\x10 \
@\xa0\xbf\xc0\xf9\xf5\xb9?\x07\xe8o=\xcb\x0cv\x00\
\xcc\xd2I\xeb @\x80\x00\x01\x02\x04\x08\x10 @\x80\
\x00\x01\x02\x0f\x04\xec\x00x\x80\xe3\xae\x7f\x04\xce\xc9\x22\
\x0f\x02\x04\x08\x10 @\x80\x00\x01\x02\x04\xea\x09\x9c_\
\xaf\xdb\x09P\xaf7\xd5*\x9a:\x00\xf0\x03P\xedt\
S\x0f\x01\x02\x04\x08\x10 @\x80\x00\x01\x02\x04j\x0a\
\x9c\xaf\x1f\xcf\x81J\xcd*\x8fU\xe5O\x00\x8e\xf9y\
4\x01\x02\x04\x08\x10 @\x80\x00\x01\x02\x04\x08\x10\x18\
B`\xea\x1d\x00Ct\xa0p\x913'_\x85\xd9\x95\
F\x80\x00\x01\x02\x04\x08\x10 @\xe0)\x81\xf3\xeb\xf7\
\xf3;\xd9O\x0d\xe2AS\x0b\xd8\x010u{-\x8e\
\x00\x01\x02\x04\x08\x10 @\x80\x00\x01\x02\x04\x08\xfc#\
 \x00p&\xdc\x148\xa7\x877\xeft#\x01\x02\x04\
\x08\x10 @\x80\x00\x01\x02\x04\x08\x0c' \x00\x18\xae\
e\xfd\x0bv\xf1\xdf\xdf\xd8\x0c\x04\x08\x10 @\x80\x00\
\x01\x02\x04z\x09\x9c^\xcf{M\xdfKw\xecq\x05\
\x00c\xf7O\xf5\x04\x08\x10 @\x80\x00\x01\x02\x04\x08\
\x10 @`\x93\xc0\x94\x01\xc0\xe9C/|\xf0\xc5\xa6\
\xfe;\x88\x00\x01\x02\x04\x08\x10 @\x80\x00\x01\x02\x04\
.\x04f\xbe\x96|\xb9X\xe74_\xce\xdc\xb0\x9eM\
\xb2M\xa8\xa7\xae\xb1\x09\x10 @\x80\x00\x01\x02\x04\x08\
\xe4\x08\xb8>z\xce}\xc6\xeb\xa3)w\x00<\xd7^\
\x8f\x22@\x80\x00\x01\x02\x04\x08\x10 @\x80\x00\x01\x02\
\xf3\x0a\x08\x00\xe6\xed\xad\x95\x11 @\x80\x00\x01\x02\x04\
\x08\x10 @\x80\x00\x81w\x01\x01\xc0;\x85/\x08\x10\
 @\x80\x00\x01\x02\x04\x08\x10 @\x80\xc0\xbc\x02\xaf\
\xf3.\xcd\xca\xb6\x0a\xcc\xf8\xb7-[\xd7\xee8\x02\x04\
\x08\x10 @\x80\x00\x01\x02\xb3\x0b\x9c_\xef\xfb,\x80\
\xd9;\xfd\xf5\xfa\xec\x00\xf8\xda\xc8\x11\x04\x08\x10 @\
\x80\x00\x01\x02\x04\x08\x10 @`x\x01\x01\xc0\xf0-\
\xb4\x00\x02\x04\x08\x10 @\x80\x00\x01\x02\x04\x08\x10 \
\xf0\xb5\x80\x00\xe0k#G\x10 @\x80\x00\x01\x02\x04\
\x08\x10 @\x80\x00\x81\xe1\x05^\x86_\xc1\xc5\x02\xfc\
M\xcb\x05\xc6\x86/\xcf\x7f\x0b\xb4\xe1P\x87\x10 @\
\x80\x00\x01\x02\x04\x08\x10 0\x89\x80\xeb\xa6}\x8d\x9c\
\xe9\xba\xc9\x0e\x80}\xbdw4\x01\x02\x04\x08\x10 @\
\x80\x00\x01\x02\x04\x08\x10\x18R@\x000d\xdb\x14M\
\x80\x00\x01\x02\x04\x08\x10 @\x80\x00\x01\x02\x04\xf6\x09\
\x08\x00\xf6y9\x9a\x00\x01\x02\x04\x08\x10 @\x80\x00\
\x01\x02\x04\x08\x0c) \x00\x18\xb2m\x8a&@\x80\x00\
\x01\x02\x04\x08\x10 @\x80\x00\x01\x02\xfb\x04\x04\x00\xfb\
\xbc\xa69z\xa6\x0f\xb2\x98\xa6)\x16B\x80\x00\x01\x02\
\x04\x08\x10 @\x80\x00\x81\x8e\x02\x02\x80\x8e\xb8U\x87\
v\xf1_\xb53\xea\x22@\x80\x00\x01\x02\x04\x08\x10 \
\xd0_\xe0t=\xe0\x9a\xa0\xbfs\xc5\x19^+\x16\xa5\
&\x02\xb3\x08\xf8'Vf\xe9\xa4u\x10 @\x80\x00\
\x01\x02\x15\x04\x5c\xb4V\xe8\x82\x1aF\x16\xb0\x03`\xe4\
\xee\xa9\x9d\x00\x01\x02\x04\x08\x10 @\x80\xc0B\x02\xde\
\x5cY\xa8\xd9\x96\xdaE\xc0\x0e\x80.\xac\x06\x9d]\xc0\
/\x9f\xd9;l}\x04\x08\x10 @\x80@U\x81\xaf\
^\x87\xd9%P\xb5s\xea\xaa `\x07@\x85.\xa8\
a(\x81\xaf~\xe9\x0c\xb5\x18\xc5\x12 @\x80\x00\x01\
\x02\x04&\x13\xf0Zm\xb2\x86ZNS\x01;\x00\x9a\
r\x1al6\x01\xbf@f\xeb\xa8\xf5\x10 @\x80\x00\
\x01\x02+\x08\x5c\xbf\x86\xb3+`\x85\xae[\xe3\x16\x01\
;\x00\xb6(Mt\x8c'\xbf\xed\xcd\xbc\xfe\xc5\xb1\xfd\
\x91\x8e$@\x80\x00\x01\x02\x04\x08\x10 @\x80@=\
\x81\x97z%=_\x91\x0b\xb6\xc7v.\xfe\x1f\xfb8\
\x7f\x1e\xfb\xb8\x97\x00\x01\x02\x04\x08\x10 0\x8b\x80\xd7\
\xc5\x1f;\xe9u\xf0G\x8f\xeb\xeff:_\xa6\xd8\x01\
p:a\x9d\xb4\xd7\xa7\xa9\xef\x09\x10 @\x80\x00\x01\
\x02\x04\x08\x10 @\xe0\xa8\xc0L\xd7\x9a>\x03\xe0\xe8\
\xd9\xe0\xf1C\x0b\xcc\xf4\xc3<t#\x14O\x80\x00\x01\
\x02\x04\x08\x10\x08\x14\xb8|\x0d8\xd3\xbb\xbb\x81\x84\xcb\
Mu:gf8W\xa6\xd8\x01\xb0\xdc\xd9g\xc1\x04\
\x08\x10 @\x80\x00\x01\x02\x04\x08\x10 @`\xa7\x80\
\x1d\x00;\xc1\x1c>\xbe\xc0e\xe2;\xfej\xac\x80\x00\
\x01\x02\x04\x08\x10 @\xe0\x88\xc0\xf9\xb5\xe1\x0c\xef\xee\
\x1eq\xf0\xd85\x04\xec\x00X\xa3\xcfVI\x80\x00\x01\
\x02\x04\x08\x10 @\x80\xc0\x03\x81s\x10\xf0\xe0\x10w\
\x11\x18^@\x000|\x0b-`\xab\xc0\xe9I\xdd\x13\
\xfbV-\xc7\x11 @\x80\x00\x01\x02\x04\xd6\x13\xf0Z\
q\xbd\x9e\xaf\xb6b\x01\xc0j\x1d_t\xbd\x9e\xcc\x17\
m\xbce\x13 @\x80\x00\x01\x02\x04v\x0ax\xdd\xb8\
\x13\xcc\xe1C\x09\x08\x00\x86j\x97b\x9f\x11\xf0$\xfe\
\x8c\x9a\xc7\x10 @\x80\x00\x01\x02\x04\x08\x10 0\x9b\
\x80\x00`\xb6\x8eZ\xcf\x07\x01\x17\xff\x1f8|C\x80\
\x00\x01\x02\x04\x08\x10 \xb0A\xc0k\xc8\x0dH\x0e\x19\
R@\x000d\xdb\x14\xbdE\xc0\x13\xf7\x16%\xc7\x10\
 @\x80\x00\x01\x02\x04\x08\xdc\x12\xf0Z\xf2\x96\x8a\xdb\
F\x17\x10\x00\x8c\xdeA\xf5\xdf\x14\xf0\x84}\x93\xc5\x8d\
\x04\x08\x10 @\x80\x00\x01\x02\x04\x08,,\xf0\xba\xf0\
\xda-}R\x01\x17\xff\x936\xd6\xb2\x08\x10 \xb0A\
\xa0\xd5\xbf\xe3\xedw\xc9\x06l\x87\xec\x12pn\xee\xe2\
*s\xf0\xe9\xb9\xa0U\xef\xca,J!K\x0b\xd8\x01\
\xb0t\xfb-\x9e\x00\x01\x02\x04\x08\x10 @\x80\x00\x81\
G\x02\x02\xc1G:\xee\x1bM\xc0\x0e\x80\xd1:\xa6\xde\
\xbb\x02\x9e\x9c\xef\xd2\xb8\x83\x00\x01\x02\xc3\x0bD\xbf\x03\
\xb7g>\xbf\x7f\x86?\xbd\x0e-`\xcf\xb9rh\xa2\
\x7f\x1f\xbcg>\xe7f\x0bqc\x10\x98K\xc0\x0e\x80\
\xb9\xfai5\x04\x08\x10 @`:\x81=\x17<\xd3\
-\xde\x82J\x0b87K\xb7Gq\x04\x08\xdc\x10\xb0\
\x03\xe0\x06\xca\x8c7\xf9\x055cW\xad\x89\x00\x01\x02\
s\x09\x8c\xfa\xbb\xea^\xdd\xde}\x9d\xe7\xfc\xbc\xd7\xe3\
\xea+\xbcW\xb7ss\x7f\xe7\xcef\xf7L\xf7\x8f\xe8\
\x11\x04r\x04\x04\x009\xeefm(p~Bn8\
\xa4\xa1\x08\x10 @\x80\x00\x01\x02\x04\x08\x10 0\x9d\
\x80\x00`\xba\x96Z\x10\x01\x02\x04\x08\x10\x18C`\xf6\
w\xd2\xae\xd7'\xb0\x1e\xe3\xbc<Uy\xdd\xbbq*\
\xdfV\xe9\xf5\xfa\x9c\x9b\xdb\xdc\x1cE`\x06\x01\x9f\x01\
0C\x17\xad\x81\x00\x01\x02\x04\x08\x10 @\x80\x00\x01\
\x02\x04\x08|!`\x07\xc0\x17@\xee&@\x80\x00\x01\
\x02\x04\xda\x09\x5c\xbf\xf3\xd8n\xe4\xfa#]\xaf\xdd\xbb\
\xae\xb5zv\xdd\x9fZ\xd5\xf5\xad\xe6z\xed\xce\xcd\xfb\
\xde'\x9bk\xaf\xfbG\xbb\x87@=\x01;\x00\xea\xf5\
DE\x1b\x05NO\xc0~Am\xc4r\x18\x01\x02\x04\
\x0a\x08x\xd1\x5c\xa0\x09J\xb8)\xe0\xdc\xbc\xc9\xe2\xc6\
;\x02^\x7f\xde\x81q\xf3\x10\x02v\x00\x0c\xd1&E\
\x12 @\x80\x00\x81q\x05\x5c\x5c\xdd\xee\xdd\xa5\x8b\x0b\
\x8a\xdbF\xbdo\xbd\xecA\xef\xb9F\x1a\xff\xd2\xc5\xb9\
9R\xe7\xd4J\xe0k\x01;\x00\xbe6r\x04\x01\x02\
\x04\x08\x10 \xf0\xa4\xc0\xe5\x85\xc4\x93Cx\x18\x01\x02\
\x04\x08\x10 \xd0H\xc0\x0e\x80F\x90\x86!@\x80\x00\
\x01\x02\x04\xfe\x13p\xe1\xff\x9f\xc5\x96\xaf.\xbd\xbc\xe3\
\xbaE\xec\xf9c.\xad\x9f\x1fe\x9dG^z97\
\xd7\xe9\xbb\x95\xce+`\x07\xc0\xbc\xbd\xb52\x02\x04\x08\
\x10 @\x80\x00\x01\x02\x04\x08\x10 \xf0.`\x07\xc0\
;\x85/F\x12\x90@\x8f\xd4-\xb5\x12 \xb0\x92\xc0\
\xe5\xbb\x85+\xad\xbb\xe5Z\xcf\x86~\xd7\xb5T\xfd\xf6\
\xed\xec\xdav\xd4\xb5F;\x1b:7\xd7\xea\xbb\xd5\xce\
%`\x07\xc0\x5c\xfd\x5cb5~\xe9,\xd1f\x8b$\
@`@\x81\xf3\xc5\xc1\x80\xa5\x97,\x99g\xc9\xb6(\
\xea\x7f\x02\xce\xcdo\xdfN\xafG\xbd&\xf5\xe30\xa2\
\x80\x00`\xc4\xae\xa9\x99\x00\x01\x02\x04\x08\x10XB\xc0\
\x85\xd6\xf16\x9f\x0c9\x1ew\xbc\x1e\x81\xe9\xb5\x88\xef\
\x09\x8c! \x00\x18\xa3O\xaa$@\x80\x00\x01\x02e\
\x05\x5c`\x95m\x8d\xc2\x08t\x15\x10\x02t\xe558\
\x81.\x02>\x03\xa0\x0b\xabA\x09\x10 @\x80\x00\x01\
\x02m\x04\xce\x17Y\xb6\x1b\xef\xf3<\xbb\xed{\x94\xa3\
\x09\x10 0\xb7\x80\x1d\x00s\xf7\xd7\xea\x08\x10 @\
\x80@W\x01\x17Y]y\x0dN\xa0\xbc\xc0\xe99\xc0\
\xf3@\xf96)\x90\xc0\xbb\x80\x00\xe0\x9d\xc2\x17\x04\x08\
\x10 @\x80\xc0\x1e\x81\x8b\x17\xfd/{\x1e\xe7\xd8\xe7\
\x04.\xbc\x9f\x1b\xc0\xa3\x08\x10 @`y\x01\x01\xc0\
\xf2\xa7\x00\x00\x02\x04\x08\x10 pX\xe0\xed\xf0\x08\x06\
\xd8$ \x04\xf8\x9a\xe9d\xc4\xe9k'G\x10 \xb0\
\xa6\x80\xcf\x00X\xb3\xefVM\x80\x00\x01\x02\x04\x0e\x09\
d^`U\xf8[\xf8\xcc\xf5\x1fj\x9c\x07w\x15\xc8\
>73\xcf\xcb\xf3\xdc\xd9\x06]\x1blp\x02\x13\x08\
\xd8\x010A\x13-\x81\x00\x01\x02\x04\x08D\x0a\x9c_\
\xe8G\xcei\xae\xff\x04\xf8\xffg\xe1\xab\x8f\x02.\xbe\
?z\xf8\x8e\x00\x81\xcf\x02v\x00|6q\x0b\x01\x02\
\x04\x08\x10 \x90(0\xc2E\xcc\xa3\x1a#.\xd0O\
s<\xaa!\xb1}SO=\x82\xf9\xa3\x1a#\xce\xcd\
\xa9O\x00\x8b#0\x81\x80\x1d\x00\x134\xd1\x12\x08\x10\
 @\x80\xc0\xc0\x02\xd3}\x80\xe0\x8d\x0b\xb0\xe9\xd6X\
\xf1|;]\xdc\xba\xc0\xcd\xef\x8c\x1e\xe4\xf7@\x05\x04\
\x1e\x09\xd8\x01\xf0H\xc7}\xe5\x04n\xbc\xa8*W\xa3\
\x82\x08\x10 @`\x97\xc0\xdb\x8c\xcf\xed\x97krA\
\xb4\xeb|(w\xf0e/\xcb\x15\xb7\xb3\xa0\xeb\xb5\xf4\
:7O\xe3^\xcf\xb5\xb3T\x87\x13 \xd0I\xc0\x0e\
\x80N\xb0\x86m/\xe0\x17I{S#\x12 @`\
\x8f\xc0\xe9E}\xc3\x0b\x06\xef\x8a\xef\xc1\xbfql\xc3\
^\xdc\x18\xddM'\x01\xaf=\x9c\x07\x04\x08\xcc& \
\x00\x98\xad\xa3\xd6C\x80\x00\x01\x02\x04\xc6\x10\xf8\xfb\xce\
\xff\x0a\x17X\xa75\xf6Z\xa7\x10\xa0\xdf\xc9\xde\xabg\
\xfd*\xde?\xf2\x0ak\xdc\xaf\xe2\x11\x04\xe6\x16\x10\x00\
\xcc\xdd_\xab#@\x80\x00\x01\x02\x04\x08\x10 @\x80\
\x00\x01\x02\x7f\x05|\x06\x80\x13\x81\x00\x01\x02\x04\x08\x10\
 @`X\x81\xd6\xbb V{W\xfc\xbc\xde\xd6\x8e\
\xe7\xf1\xce\xe3\x0f{\x82)\x9c\xc0d\x02\x02\x80\xc9\x1a\
j9\x04\x08\x10 @\xa0\xba\x80\x0b\x82\xea\x1dR\x1f\
\x01\x02\x04\x08\xcc*\xe0O\x00f\xed\xacu\x11 @\
\x80\x00\x01\x02\xa5\x04N\xc1\x87\xf0\xa3TK\x14C\x80\
\x00\x81\xe5\x04\x04\x00\xcb\xb5\xdc\x82\x09\x10 @\x80\xc0\
~\x81\xf3v\xde\xfd\x8f\xf4\x88\xde\x02\xa7\xde\xe8\xcfq\
e\x01\xcdq\xc3\x15G\x10\xea\xad\xd8\xf5\xb1\xd7,\x00\
\x18\xbb\x7f\xaa'@\x80\x00\x01\x02\xdd\x05\x5c\x5cv'\
6\x01\x01\x02\x04\x08\x10\x08\x11\x10\x00\x840\x9b\x84\x00\
\x01\x02\x04\x08\x10 @\x80@]\x01; \xea\xf6F\
e\x04Z\x0a\x08\x00Zj\x1a\x8b\x00\x01\x02\x04\x08\x10\
x(`\xbb\xecC\x1ew\x12\x98N\xc0\x0e\xa2\xe9Z\
jA\x83\x0b\x08\x00\x06o\xa0\xf2\x09\x10 @\x80\xc0\
(\x02.\xfeG\xe9\x94:\x09\xb4\x15\x10\x02\xb4\xf54\
\x1a\x81#\x02\x02\x80#z\x1eK\x80\x00\x01\x02\x04\x08\
\x10 @\x80\x00\x01\x02\x04\x06\x11x\x1d\xa4Ne\x12\
 @\x80\x00\x01\x02\x04\x08\x10x\x17\xf0\xae\xf2;\x85\
/\x08\x10 \xb0Y\xc0\x0e\x80\xcdT\x0e$@\x80\x00\
\x01\x02\x04\x08\x10 @\x80\x00\x01\x02\xe3\x0a\x08\x00\xc6\
\xed\x9d\xca\x09\x10 @\x80\x00\x81\x01\x05|\xdaz\xbd\
\xa6\xf9|\x8az=Q\x11\x01\x02}\x04\x04\x00}\x5c\
\x8dJ\x80\x00\x01\x02\x04\x08\x10 0\x80\x80\x8b\xff\x01\
\x9a\xa4D\x02\x04\x9a\x09\x08\x00\x9aQ\x1a\x88\x00\x01\x02\
\x04\x08\x10 @\x80\x00\x01\x02\x04\x08\xd4\x15\x10\x00\xd4\
\xed\x8d\xca\x08\x10 @\x80\x00\x01\x02\x9b\x05N\x1f\x8a\
\xe7\x83\xf16s9\x90\x00\x01\x02K\x0a\x08\x00\x96l\
\xbbE\x13 @\x80\x00\x81m\x02.(\xb799\x8a\
\x00\x01\x02\x04\x08\x8c  \x00\x18\xa1Kj$@\x80\
\x00\x01\x02\x09\x02.\xfe\x13\xd0MI\x80\x00\x01\x02\x04\
:\x0a\x08\x00:\xe2\x1a\x9a\x00\x01\x02\x04\x08\x10 @\
\x80\x00\x01\x02\x04\x08T\x11\x10\x00T\xe9\x84:\x08\x10\
 @\x80\x00\x01\x02\x04\x08\x10 @\x80@G\x01\x01\
@G\x5cC\x13 @\x80\x00\x01\x02\x04\x08\x10 @\
\x80\x00\x81*\x02\x02\x80*\x9dP\x07\x01\x02\x04\x08\x10\
 @\x80\x00\x01\x02\x04\x08\x10\xe8( \x00\xe8\x88k\
h\x02\x04\x08\x10 @\x80\x00\x01\x02\x04\x08\x10 P\
E@\x00P\xa5\x13\xea @\x80\x00\x01\x02\x04\x08\x10\
 @\x80\x00\x01\x02\x1d\x05\x04\x00\x1dq\x0dM\x80\x00\
\x01\x02\x04\x08\x10 @\x80\x00\x01\x02\x04\xaa\x08\x08\x00\
\xaatB\x1d\x04\x08\x10 @\x80\x00\x01\x02\x04\x08\x10\
 @\xa0\xa3\x80\x00\xa0#\xae\xa1\x09\x10 @\x80\x00\
\x01\x02\x04\x08\x10 @\x80@\x15\x01\x01@\x95N\xa8\
\x83\x00\x01\x02\x04\x08\x10 @\x80\x00\x01\x02\x04\x08t\
\x14\x10\x00t\xc454\x01\x02\x04\x08\x10 @\x80\x00\
\x01\x02\x04\x08\x10\xa8\x22 \x00\xa8\xd2\x09u\x10 @\
\x80\x00\x01\x02\x04\x08\x10 @\x80\x00\x81\x8e\x02\x02\x80\
\x8e\xb8\x86&@\x80\x00\x01\x02\x04\x08\x10 @\x80\x00\
\x01\x02U\x04\x04\x00U:\xa1\x0e\x02\x04\x08\x10 @\
\x80\x00\x01\x02\x93\x0a\xfc\xf9\xf9\xe3e\xd2\xa5Y\x16\x81\
\xa1\x04\x04\x00C\xb5K\xb1\x04\x08\x10 @\x80\x00\x01\
\x02\x04\x08\x10 @\xe09\x01\x01\xc0sn\x1eE\x80\
\x00\x01\x02\x04\x08\x10 @\x80\x00\x01\x02\x04\x86\x12\x10\
\x00\x0c\xd5.\xc5\x12 @\x80\x00\x01\x02\x04\x08\x10 \
@\x80\x00\x81\xe7\x04\x04\x00\xcf\xb9y\x14\x01\x02\x04\x08\
\x10 @\x80\x00\x01\x02;\x04|\x0e\xc0\x0e,\x87\x12\
\xe8$ \x00\xe8\x04kX\x02\x04\x08\x10 @\x80\x00\
\x81>\x02.$\xfb\xb8\x1a\x95\x00\x81\xf9\x05\x04\x00\xf3\
\xf7\xd8\x0a\x09\x10 @\x80\x00\x01\x02\x04\x08\x10 @\
\x80\xc07\x01\x80\x93\x80\x00\x01\x02\x04\x08\x10 @\x80\
\x00\x01\x02\x04\x08,  \x00X\xa0\xc9\x96H\x80\x00\
\x01\x02\x04\x08\x10\x98E\xc0\xf6\xffY:i\x1d\x04\x08\
d\x08\x08\x002\xd4\xcdI\x80\x00\x01\x02\x04\x08\x10 \
@\x80\x00\x01\x02\x04\x82\x05\x04\x00\xc1\xe0\xa6#@\x80\
\x00\x01\x02\x04\x08\x10 @\x80\x00\x01\x02\x19\x02\x02\x80\
\x0cus\x12 @\x80\x00\x01\x02\x04\x08\x10 @\x80\
\x00\x81`\x01\x01@0\xb8\xe9\x08\x10 @\x80\x00\x01\
\x02\x04\x08\x10 @\x80@\x86\x80\x00 C\xdd\x9c\x04\
\x08\x10 @\x80\x00\x01\x02\x04\x08\x10 @ X@\
\x00\x10\x0cn:\x02\x04\x08\x10 @\x80\x00\x01\x02\x04\
\x08\x10 \x90! \x00\xc8P7'\x01\x02\x04\x08\x10\
 @\x80\x00\x01\x02\x04\x08\x10\x08\x16\x10\x00\x04\x83\x9b\
\x8e\x00\x01\x02\x04\x08\x10 @\x80\x00\x01\x02\x04\x08d\
\x08\x08\x002\xd4\xcdI\x80\x00\x01\x02\x04\x08\x10 @\
\x80\x00\x01\x02\x04\x82\x05\x04\x00\xc1\xe0\xa6#@\x80\x00\
\x01\x02\x04\x08\x10 @\x80\x00\x01\x02\x19\x02\x02\x80\x0c\
us\x12 @\x80\x00\x01\x02\x04\x08\x10 @\x80\x00\
\x81`\x01\x01@0\xb8\xe9\x08\x10 @\x80\x00\x01\x02\
\x04\x08\x10 @\x80@\x86\x80\x00 C\xdd\x9c\x04\x08\
\x10 @\x80\x00\x01\x02\x04\x08\x10 @ X@\x00\
\x10\x0cn:\x02\x04\x08\x10 @\x80\x00\x01\x02\x04\x08\
\x10 \x90! \x00\xc8P7'\x01\x02\x04\x08\x10 \
@\x80\x00\x01\x02\x04\x08\x10\x08\x16\x10\x00\x04\x83\x9b\x8e\
\x00\x01\x02\x04\x08\x10 @\x80\x00\x01\x02\x04\x08d\x08\
\x08\x002\xd4\xcdI\x80\x00\x01\x02\x04\x08\x10 @\x80\
\x00\x01\x02\x04\x82\x05\x04\x00\xc1\xe0\xa6#@\x80\x00\x01\
\x02\x04\x08\x10 @\x80\x00\x01\x02\x19\x02\x02\x80\x0cu\
s\x12 @\x80\x00\x01\x02\x04\x08\x10 @\x80\x00\x81\
`\x01\x01@0\xb8\xe9\x08\x10 @\x80\x00\x01\x02\x04\
\x08\x10 @\x80@\x86\x80\x00 C\xdd\x9c\x04\x08\x10\
 @\x80\x00\x01\x02\x04\x08\x10 @ X@\x00\x10\
\x0cn:\x02\x04\x08\x10 @\x80\x00\x01\x02\x04\x08\x10\
 \x90! \x00\xc8P7'\x01\x02\x04\x08\x10 @\
\x80\x00\x01\x02\x04\x08\x10\x08\x16\x10\x00\x04\x83\x9b\x8e\x00\
\x01\x02\x04\x08\x10 @\x80\x00\x01\x02\x04\x08d\x08\x08\
\x002\xd4\xcdI\x80\x00\x01\x02\x04\x08\x10 @\x80\x00\
\x01\x02\x04\x82\x05\x04\x00\xc1\xe0\xa6#@\x80\x00\x01\x02\
\x04\x08\x10 @\x80\x00\x01\x02\x19\x02\x02\x80\x0cus\
\x12 @\x80\x00\x01\x02\x04\x08\x10 @\x80\x00\x81`\
\x01\x01@0\xb8\xe9\x08\x10 @\x80\x00\x01\x02\x04\x08\
\x10 @\x80@\x86\x80\x00 C\xdd\x9c\x04\x08\x10 \
@\x80\x00\x01\x02\x04\x08\x10 @ X@\x00\x10\x0c\
n:\x02\x04\x08\x10 @\x80\x00\x01\x02\x04\x08\x10 \
\x90! \x00\xc8P7'\x01\x02\x04\x08\x10 @\x80\
\x00\x01\x02\x04\x08\x10\x08\x16\x10\x00\x04\x83\x9b\x8e\x00\x01\
\x02\x04\x08\x10 @\x80\x00\x01\x02\x04\x08d\x08\x08\x00\
2\xd4\xcdI\x80\x00\x01\x02\x04\x08\x10 @\x80\x00\x01\
\x02\x04\x82\x05\x04\x00\xc1\xe0\xa6#@\x80\x00\x01\x02\x04\
\x08\x10 @\x80\x00\x01\x02\x19\x02\x02\x80\x0cus\x12\
 @\x80\x00\x01\x02\x04\x08\x10 @\x80\x00\x81`\x01\
\x01@0\xb8\xe9\x08\x10 @\x80\x00\x01\x02\x04\x08\x10\
 @\x80@\x86\x80\x00 C\xdd\x9c\x04\x08\x10 @\
\x80\x00\x01\x02\x04\x08\x10 @ X@\x00\x10\x0cn\
:\x02\x04\x08\x10 @\x80\x00\x01\x02\x04\x08\x10 \x90\
! \x00\xc8P7'\x01\x02\x04\x08\x10 @\x80\x00\
\x01\x02\x04\x08\x10\x08\x16\x10\x00\x04\x83\x9b\x8e\x00\x01\x02\
\x04\x08\x10 @\x80\x00\x01\x02\x04\x08d\x08\x08\x002\
\xd4\xcdI\x80\x00\x01\x02\x04\x08\x10 @\x80\x00\x01\x02\
\x04\x82\x05\x04\x00\xc1\xe0\xa6#@\x80\x00\x01\x02\x04\x08\
\x10 @\x80\x00\x01\x02\x19\x02\x02\x80\x0cus\x12 \
@\x80\x00\x01\x02\x04\x08\x10 @\x80\x00\x81`\x01\x01\
@0\xb8\xe9\x08\x10 @\x80\x00\x01\x02\x04\x08\x10 \
@\x80@\x86\x80\x00 C\xdd\x9c\x04\x08\x10 @\x80\
\x00\x01\x02\x04\x08\x10 @ X@\x00\x10\x0cn:\
\x02\x04\x08\x10 @\x80\x00\x01\x02\x04\x08\x10 \x90!\
 \x00\xc8P7'\x01\x02\x04\x08\x10 @\x80\x00\x01\
\x02\x04\x08\x10\x08\x16\x10\x00\x04\x83\x9b\x8e\x00\x01\x02\x04\
\x08\x10 @\x80\x00\x01\x02\x04\x08d\x08\x08\x002\xd4\
\xcdI\x80\x00\x01\x02\x04\x08\x10 @\x80\x00\x01\x02\x04\
\x82\x05\x04\x00\xc1\xe0\xa6#@\x80\x00\x01\x02\x04\x08\x10\
 @\x80\x00\x01\x02\x19\x02\x02\x80\x0cus\x12 @\
\x80\x00\x01\x02\x04\x08\x10 @\x80\x00\x81`\x01\x01@\
0\xb8\xe9\x08\x10 @\x80\x00\x01\x02\x04\x08\x10 @\
\x80@\x86\x80\x00 C\xdd\x9c\x04\x08\x10 @\x80\x00\
\x01\x02\x04\x08\x10 @ X@\x00\x10\x0cn:\x02\
\x04\x08\x10 @\x80\x00\x01\x02\x04\x08\x10 \x90! \
\x00\xc8P7'\x01\x02\x04\x08\x10 @\x80\x00\x01\x02\
\x04\x08\x10\x08\x16\x10\x00\x04\x83\x9b\x8e\x00\x01\x02\x04\x08\
\x10 @\x80\x00\x01\x02\x04\x08d\x08\x08\x002\xd4\xcd\
I\x80\x00\x01\x02\x04\x08\x10 @\x80\x00\x01\x02\x04\x82\
\x05\x04\x00\xc1\xe0\xa6#@\x80\x00\x01\x02\x04\x08\x10 \
@\x80\x00\x01\x02\x19\x02\x02\x80\x0cus\x12 @\x80\
\x00\x01\x02\x04\x08\x10 @\x80\x00\x81`\x01\x01@0\
\xb8\xe9\x08\x10 @\x80\x00\x01\x02\x04\x08\x10 @\x80\
@\x86\x80\x00 C\xdd\x9c\x04\x08\x10 @\x80\x00\x01\
\x02\x04\x08\x10 @ X@\x00\x10\x0cn:\x02\x04\
\x08\x10 @\x80\x00\x01\x02\x04\x08\x10 \x90! \x00\
\xc8P7'\x01\x02\x04\x08\x10 @\x80\x00\x01\x02\x04\
\x08\x10\x08\x16\x10\x00\x04\x83\x9b\x8e\x00\x01\x02\x04\x08\x10\
 @\x80\x00\x01\x02\x04\x08d\x08\x08\x002\xd4\xcdI\
\x80\x00\x01\x02\x04\x08\x10 @\x80\x00\x01\x02\x04\x82\x05\
\x04\x00\xc1\xe0\xa6#@\x80\x00\x01\x02\x04\x08\x10x^\
\xe0\xfb\xaf\xdfo\xcf?\xda#\x09\x10 \xb0\xb6\x80\x00\
`\xed\xfe[=\x01\x02\x04\x08\x10 @\x80\x00\x01\x02\
\x04\x08,\x22 \x00X\xa4\xd1\x96I\x80\x00\x01\x02\x04\
\x08\x10 @ S\xc0\xee\x8dL}s\x13\xf8G@\
\x00\xe0L @\x80\x00\x01\x02\x04\x08\x10 @\x80\x00\
\x01\x02\x0b\x08\x08\x00\x16h\xb2%\x12 @\x80\x00\x01\
\x02\x04\x08\x10 @\x80\x00\x01\x01\x80s\x80\x00\x01\x02\
\x04\x08\x10 @`(\x01[\xc9\x87j\xd7\xdfb\xf5\
l\xbc\x9e\xa9xN\x01\x01\xc0\x9c}\xb5*\x02\x04\x08\
\x10 @\x80\x00\x01\x02\x04\x08\x10 \xf0A@\x00\xf0\
\x81\xc37\x04\x08\x10 @\x80\x00\x01\x02\x04\x08\x10 \
@`N\x01\x01\xc0\x9c}\xb5*\x02\x04\x08\x10 @\
\x80\x00\x01\x02\x04\x08\x10 \xf0A@\x00\xf0\x81\xc37\
\x04\x08\x10 @\x80\x00\x01\x02\x04\x08\x10 @`N\
\x01\x01\xc0\x9c}\xb5*\x02\x04\x08\x10 @\x80\x00\x01\
\x02\x04\x08\x10 \xf0A@\x00\xf0\x81\xc37\x04\x08\x10\
 @\x80\x00\x01\x02\x04\x08\x10 @`N\x01\x01\xc0\
\x9c}\xb5*\x02\x04\x08\x10 @\x80\x00\x01\x02\x04\x08\
\x10 \xf0A@\x00\xf0\x81\xc37\x04\x08\x10 @\x80\
\x00\x01\x02\x04\x08\x10 @`N\x01\x01\xc0\x9c}\xb5\
*\x02\x04\x08\x10 @\x80\x00\x01\x02\x04\x08\x10 \xf0\
A@\x00\xf0\x81\xc37\x04\x08\x10 @\x80\x00\x01\x02\
\x04\x08\x10 @`N\x01\x01\xc0\x9c}\xb5*\x02\x04\
\x08\x10 @\x80\x00\x01\x02\x04\x08\x10 \xf0A@\x00\
\xf0\x81\xc37\x04\x08\x10 @\x80\x00\x01\x02\x04\x08\x10\
 @`N\x01\x01\xc0\x9c}\xb5*\x02\x04\x08\x10 \
@\x80\x00\x01\x02\x04\x08\x10 \xf0A@\x00\xf0\x81\xc3\
7\x04\x08\x10 @\x80\x00\x01\x02\x04\x08\x10 @`\
N\x01\x01\xc0\x9c}\xb5*\x02\x04\x08\x10 @\x80\x00\
\x01\x02\x04\x08\x10 \xf0A\xe0\xf5\xc3w\xbe!@\x80\
\x00\x01\x02\x04\x08\xfc+\xf0\xfd\xd7\xef\xb7\xd3\x97\x7f~\
\xfex\x81R_\xe0\xdc\xaf\xfa\x95\xaa\x90\x00\x01\x02\x04\
\xb2\x04\xec\x00\xc8\x927/\x01\x02\x04\x08\x10 @\x80\
\x00\x01\x02\x04\x08\x10\x08\x14\x10\x00\x04b\x9b\x8a\x00\x01\
\x02\x04\x08\x10 @\x80\x00\x01\x02\x04\x08d\x09\x08\x00\
\xb2\xe4\xcdK\x80\x00\x01\x02\x04\x08\x10 @\x80\x00\x01\
\x02\x04\x02\x05\x04\x00\x81\xd8\xa6\x22@\x80\x00\x01\x02\x04\
\x08\x10\xa8%\xe03.j\xf5C5\x04\x08\xf4\x15\x10\
\x00\xf4\xf55:\x01\x02\x04\x08\x10 @\xe0\x83\xc0\xe9\
\x82\xd3E\xe7\x07\x92\xf4o\xf4#\xbd\x05\x0a @ \
H@\x00\x10\x04m\x1a\x02\x04\x08\x10 @\x80\x00\x81\
v\x02\xa7\x7f\xf5\xc0\xbf|\xd0\xce\xd3H\x04\x08\xac!\
\xe0\x9f\x01\x5c\xa3\xcfVI\x80\x00\x01\x02\x04\x08\x10 \
@ \x5c@H\x13NnB\x02\x0f\x05\xec\x00x\xc8\
\xe3N\x02\x04\x08\x10 @\x80\x00\x01\x02\x04\x08\x10 \
0\x87\x80\x00`\x8e>Z\x05\x01\x02\x04\x08\x10 @\
\x80\x00\x01\x02\x04\x08\x10x( \x00x\xc8\xe3N\x02\
\x04\x08\x10 @\xa0\xd5\xdfZ\xfb\xa05\xe7\x12\x81\xba\
\x02>\x9c\xb2noTF\xa0\xa5\x80\x00\xa0\xa5\xa6\xb1\
\x08\x10 @\x80\x00\x81\x87\x02B\x80\x87<O\xdd\xd9\
*\xa0yjr\x0f\x22@\x80\x00\x81\xa1\x04\x04\x00C\
\xb5K\xb1\x04\x08\x10 @\x80\x00\x01\x02\x04\x08\x10 \
@\xe09\x01\xff\x0a\xc0sn\x1eE\x80\x00\x01\x02\x04\
\x08\x10\xd8%`\xf7\xc3.\xae\xcd\x07\x9f?e\x9e\xef\
f2\x07\x12 \xb0\xb0\x80\x00`\xe1\xe6[:\x01\x02\
\x04\x08\x10 @\x80\xc0?\x02\xe7\x00\xe1\x1c(p9\
&\xc0\xf1\x98\x9fG\x13\xe8% \x00\xe8%k\x5c\x02\
\x04\x08\x10 0\x99\xc0\xf9\x05\xfd\xf9Bi\xb2\xe5Y\
\x0e\x81%\x05\xfc</\xd9v\x8b^X@\x00\xb0p\
\xf3-\x9d\x00\x01\x02\x04\x08d\x08\x9c/8\xce\x81B\
F\x0d3\xcc\xc9o\x86.Z\x03\x01\x02\x04b\x05|\
\x08`\xac\xb7\xd9\x08\x10 @\x80\x00\x81\xc5\x04N\x81\
\xc79\xf4Xl\xe9\xa1\xcb=\x05\x22-B\x11\xbd\x0a\
m\x9b\xc9\x08\x10\x08\x16\x10\x00\x04\x83\x9b\x8e\x00\x01\x02\
\x04\x08\x10 @\xa0\xb6\xc0*!@\xafu\xb6\x08b\
j\x9f!\xaa#0\xae\x80?\x01\x18\xb7w*'@\
\x80\x00\x01\x02)\x02\xe7\x17\xf7\x07/\x1e\xde\xdf\x15?\
\x8f\x97\xb2\x98\x8e\x93\x1e\xf4\xe9X\x99\xa1\xb7\x08\x9c\xfb\
7\xe3\xf9y^\xdb\x16\x87\xbd\xc7\xcc\xe8\xb5\xd7\xc0\xf1\
\x04*\x0b\xd8\x01P\xb9;j#@\x80\x00\x01\x02\xf3\
\x0a\xbc\x9d\x97\xd6\xf3b\xe4<G\xf4\x7f{\xae\xe9t\
\x81\xe5\x22+\xba\xa3\xf3\xcc\xd7\xf3\xdc\x9cG\xc9J\x08\
\xcc+`\x07\xc0\xbc\xbd\xb52\x02\x04\x08\x10 0\x8c\
\xc0\xf5E\xc9H\x17\xb8\xd7\xb5\x0f\x83>i\xa1\xe7s\
\xa7U_\xae\xc79\x8f?\x02\xdfu\xed#\xd4\xacF\
\x02\x04\xfa\x0a\xd8\x01\xd0\xd7\xd7\xe8\x04\x08\x10 @`\
Z\x81\x91.\x84\xa6m\x82\x85\x85\x0b\xb8\xa8\xbeM~\
z>\xf0\x9cp\xdb\xc6\xad\x04*\x09\xd8\x01P\xa9\x1b\
j!@\x80\x00\x01\x02\x83\x09\x9c^\xf0\xf7\xb8 :\
:\xe6\x9e\x0b\x91\xa3sE\xb5l\xcf\x9a\xa2jZu\
\x9e\xa3\xe7\xcc\xd6^\x1e\x9dg\xd5\xfeX7\x01\x02\xf7\
\x05\xec\x00\xb8o\xe3\x1e\x02\x04\x08\x10 @`P\x81\
\xd3\x85\xd3\x96\x8b\xa7-\xc7$\x13\xbc$\xcf?\xec\xf4\
\xa7\x8b\xec\xad\x17\xda\x15\x179\xc0\xb9Y\x91MM\x04\
\x08|!`\x07\xc0\x17@\xee&@\x80\x00\x01\x02\x04\
\x1e\x0b\x9c.\xb2\xaa^\xacT\xad\xeb\xb1\xe8\x87{\xff\
~X\xe2\xc8\x17\xb2\x1fV\xe3\x9b\xbf\x02\x13\x9c\x97\xef\
\x9dtn\xbeS\xf8\x82\xc0\x10\x02v\x00\x0c\xd1&E\
\x12 @\x80\x00\x81\xda\x02W\x17\x01\xde\xb5n\xd8\xae\
+\xdb\x86#\x1b\x8a\x00\x01\x02\x04V\x13\x10\x00\xac\xd6\
q\xeb%@\x80\x00\x01\x02\x9d\x04..T\xdf\xff\x89\
\xbfNS-3\xec\x85\xe92kn\xbd\xd0\x93!\xc7\
\xd6\xaa\xdf\xbeqmojD\x02\x11\x02\x02\x80\x08e\
s\x10 @\x80\x00\x81E\x04\x5ch\xb5k4\xcbv\
\x96F\x22@\x80\x00\x81\x7f\x04\x04\x00\xce\x04\x02\x04\x08\
\x10 @\xa0\xa9\x80\x0b\xd7\xe3\x9c\x0c\x8f\x1b^\x8fp\
2\xe5z\xad\xb2\xff{\x8e\xfb\xcd<\x82@%\x01\x01\
@\xa5n\xa8\x85\x00\x01\x02\x04\x08L\x22\xe0Bkw\
#}n\xc2n2\x0f @\x80\x00\x81\xbd\x02\xfe\x15\
\x80\xbdb\x8e'@\x80\x00\x01\x02\x046\x09\x9cB\x80\
\x99>\xed|\xd3\xa2\x9f?\xc8\xa7\xfd?o\xb7\xeb\x91\
\x97\xe1\x94\xf3s;\xdd\xa5\xdb\xf6G9\x92\x00\x81j\
\x02v\x00T\xeb\x88z\x08\x10 @\x80\xc0D\x02.\
\x1a\xb67\x93\xd5v+G\x12 @\x80\xc0s\x02v\
\x00<\xe7\xe6Q\x04\x08\x10 @\x80\xc0F\x81\xf3\x85\
\xadw[o\x83\x9d}n\xdf\xeb\xd6\x9e\x02g{\xe7\
\xe6m\xe5\xb3\xcf\xed{\xddJ\x80\xc0\x88\x02v\x00\x8c\
\xd855\x13 @\x80\x00\x01\x02\x04\x084\x13p\xa1\
\xdb\x8c\xd2@\x04\x08\x14\x17\xb0\x03\xa0x\x83\x94G\x80\
\x00\x01\x02\x04f\x11\xb8\xbe\xc8Z\xf9]\xd7k\x8bY\
z<\xf2:.{\xe2\xdc\x1c\xb9\x93j'@\xe0\x91\
\x80\x1d\x00\x8ft\xdcG\x80\x00\x01\x02\x04\x08\x10 @\
\x80\x00\x01\x02\x04&\x11\xb0\x03`\x92FZ\x06\x01\x02\
\x04\x08\x10\x18M\xe0\xf2\x1d\xd7S\xed3\xbf\xebz\xbd\
\xd6\xd1z\xb5Z\xbd\xd7\xfdrn\xaev\x06X/\x81\
y\x05\xec\x00\x98\xb7\xb7VF\x80\x00\x01\x02\x04\x86\x12\
\xb8\xbe\xe8\x1a\xaa\xf8\x07\xc5\xce\xba\xae\x07K\x9e\xee\xae\
Y{8\xeb\xba\xa6;\x01-\x88@C\x01;\x00\x1a\
b\x1a\x8a\x00\x01\x02\x04\x08\x108&p\xef\x82d\x94\
w`\xef\xd5\x7fL\xc5\xa3+\x08\xdc\xeb\xads\xb3B\
w\xd4@\x80\xc0V\x01;\x00\xb6J9\x8e\x00\x01\x02\
\x04\x08\x10 \xf0@\xe0\xde\x05\xe2\x83\x87\xb8\x8b@\x88\
\x80s3\x84\xd9$\x04\x86\x10\xb0\x03`\x886)\x92\
\x00\x01\x02\x04\x08\xac-\xf0\xec\x05\xcc\xd1wg\x9f\x9d\
w\xedn\xad\xb5\xfag\xce\x91\xa3\xe7\xe5I\xf8\x99y\
\xd7\xea\x8c\xd5\x12 pK\xc0\x0e\x80[*n#@\
\x80\x00\x01\x02\x04\x96\x17p\x81\xb5\xfc)\xd0\x0d\xe0\xe8\
\xb9u\xf4\xf1\xdd\x16f`\x02\x04\xca\x0b\xd8\x01P\xbe\
E\x0a$@\x80\x00\x01\x02\x04\x9e\x15p\xa1\xf4\xac\x9c\
\xc7\xf5\x16pn\xf6\x166>\x01\x02\xb7\x04\xec\x00\xb8\
\xa5\xe26\x02\x04\x08\x10 @\x80\x00\x01\x02\x04\x08\x10\
 0\x99\x80\x00`\xb2\x86Z\x0e\x01\x02\x04\x08\x10 \
@\x80\x00\x01\x02\x04\x08\x10\xb8% \x00\xb8\xa5\xe26\
\x02\x04\x08\x10 @\x80\x00\x01\x02\x04\x08\x10 0\x99\
\x80\x00`\xb2\x86Z\x0e\x01\x02\x04\x08\x10 @\x80\x00\
\x01\x02\x04\x08\x10\xb8% \x00\xb8\xa5\xe26\x02\x04\x08\
\x10 @\x80\x00\x01\x02\x04\x08\x10 0\x99\x80\x00`\
\xb2\x86Z\x0e\x01\x02\x04\x08\x10 @\x80\x00\x01\x02\x04\
\x08\x10\xb8% \x00\xb8\xa5\xe26\x02\x04\x08\x10 @\
\x80\x00\x01\x02\x04\x08\x10 0\x99\x80\x00`\xb2\x86Z\
\x0e\x01\x02\x04\x08\x10 @\x80\x00\x01\x02\x04\x08\x10\xb8\
% \x00\xb8\xa5\xe26\x02\x04\x08\x10 @\x80\x00\x01\
\x02\x04\x08\x10 0\x99\x80\x00`\xb2\x86\xce\xbc\x9c?\
?\x7f\xbc\xcc\xbc>k#@\x80\x00\x01\x02\x04\x08\x10\
 @\x80@O\x01\x01@O]c7\x17\x10\x024\
'5 \x01\x02\x04\x08\x10 @\x80\x00\x01\x02\x8b\x08\
\x08\x00\x16i\xb4e\x12 @\x80\x00\x01\x02\x04\x08\x10\
 @\x80\xc0\xda\x02\x02\x80\xb5\xfbo\xf5\x04\x08\x10 \
@\x80\x00\x01\x02\x04\x08\x10 \xb0\x88\x80\x00`\x91F\
[&\x01\x02\x04\x08\x10 @\x80\x00\x01\x02m\x05\xfc\
yj[O\xa3\xf5\x17\x10\x00\xf476\x03\x01\x02\x04\
\x08\x10 @\x80\x00\x01\x02\x04\x08\x10H\x17\x10\x00\xa4\
\xb7@\x01\x04\x08\x10 @\x80\x00\x01\x02\x04\x08\x10 \
@\xa0\xbf\x80\x00\xa0\xbf\xb1\x19\x08\x10 @\x80\x00\x01\
\x02\x04\x08\x10 @\x80@\xba\x80\x00 \xbd\x05\x0a \
@\x80\x00\x01\x02\x04\x08\x10 @\x80\x00\x01\x02\xfd\x05\
\x04\x00\xfd\x8d\xcd@\x80\x00\x01\x02\x04\x08\x10 @\x80\
\x00\x01\x02\x04\xd2\x05\x04\x00\xe9-P\x00\x01\x02\x04\x08\
\x10 @\x80\x00\x01\x02\x04\x08\x10\xe8/ \x00\xe8o\
l\x06\x02\x04\x08\x10 @\x80\x00\x01\x02\x04\x08\x10 \
\x90. \x00Ho\x81\x02\x08\x10 @\x80\x00\x01\x02\
\x04\x08\x10 @\x80@\x7f\x01\x01@\x7fc34\x16\
\xf8\xf3\xf3\xc7\xcb\xe9\xff\x8d\x875\x1c\x01\x02\x04\x08\x10\
 @\x80\x00\x01\x02\x04\xa6\x16\x10\x00L\xdd^\x8b#\
@\x80\x00\x01\x02\x04\x08\x10 @\x80\x00\x01\x02\xff\x08\
\x08\x00\x9c\x09\x04\x08\x10 @\x80\x00\x01\x02\x04\x08\x10\
 @`\x01\x01\x01\xc0\x02M\xb6D\x02\x04\x08\x10 \
@\x80\x00\x01\x02\x04\xda\x0a\xf8\x93\xd4\xb6\x9eF\x8b\x11\
\x10\x00\xc48\x9b\x85\x00\x01\x02\x04\x08\x10 @\x80\x00\
\x81I\x04\x5c\xfcO\xd2\xc8\x05\x97!\x00X\xb0\xe9\xb3\
,\xd9\x87\x01\xce\xd2I\xeb @\x80\x00\x01\x02\x04\x08\
\x10 @ B@\x00\x10\xa1l\x0e\x02\x04\x08\x10 \
@\x80\x00\x01\x02\x04\x08\x10 \x90, \x00Hn\x80\
\xe9\x09\x10 @\x80\x00\x01\x02\x04\x08\x10 @\x80@\
\x84\xc0k\xc4$\xe6 \xd0S\xe0\xfc7X\xdf\x7f\xfd\
~\xeb9\x8f\xb1\x09\x10 @\x80\x00\x01\x02\x04\xd6\x16\
8\xbf\xee\x5c[\xc1\xeaG\x16\xb0\x03`\xe4\xee\xa9\x9d\
\x00\x01\x02\x04\x08\x10 @\x80\x00\x01\x02\x04\x08l\x14\
\x10\x00l\x84r\x18\x01\x02\x04\x08\x10 @\x80\x00\x01\
\x02\x04\x08\x10\x18Y@\x000r\xf7\xd4\xfeA\xc0\xbf\
\x0a\xf0\x81\xc37\x04\x08\x10 @\x80\x00\x01\x02\x0d\x05\
l\xffo\x88i\xa84\x01\x01@\x1a\xbd\x89\x09\x10 \
@\x80\x00\x01\x02\x04\x08\x10\x18A\xc0\xc5\xff\x08]R\
\xe3\x16\x01\x01\xc0\x16%\xc7\x0c%`'\xc0P\xedR\
,\x01\x02\x04\x08\x10 @\x80\x00\x01\x02A\x02\x02\x80\
 h\xd3\x10 @\x80\x00\x01\x02\x04\x08\x10 0\x9e\
\x80w\xff\xc7\xeb\x99\x8a\xef\x0b\xf8g\x00\xef\xdb\xb8g\
p\x81\xf3\x93\xb5\x7f\x1ep\xf0F*\x9f\x00\x01\x02\x04\
\x08\x10 \x90 p~-\x990\xb5)\x09t\x13\xb0\
\x03\xa0\x1b\xad\x81\x09\x10 @\x80\x00\x01\x02\x04\x08\x10\
 @\x80@\x1d\x01;\x00\xea\xf4B%\x9d\x04.\xd3\
[\xbb\x01:!\x1b\x96\x00\x01\x02\x04\x08\x10 0\x81\
\xc0\xe5\xeb\xc6\x09\x96c\x09\x04>\x09\xd8\x01\xf0\x89\xc4\
\x0d\x04\x08\x10 @\x80\x00\x01\x02\x04\x08\x10 @`\
>\x01;\x00\xe6\xeb\xa9\x15=\x10\xb8Nu\xed\x08x\
\x80\xe5.\x02\x04\x08\x10 @\x80\xc0\x02\x02\xd7\xaf\x0f\
\x17X\xb2%.,`\x07\xc0\xc2\xcd\xb7t\x02\x04\x08\
\x10 @\x80\x00\x01\x02\x04\x08\x10XG\xc0\x0e\x80u\
zm\xa57\x04n%\xbev\x05\xdc\x80r\x13\x01\x02\
\x04\x08\x10 @`\x02\x81[\xaf\xfd&X\x96%\x10\
\xd8,`\x07\xc0f*\x07\xae\x22\xe0\x17\xc3*\x9d\xb6\
N\x02\x04\x08\x10 @`%\x01\xaf\xf1V\xea\xb6\xb5\
\xde\x13\xb0\x03\xe0\x9e\x8c\xdb\x97\x16\xd8\xfa\x0b\xc2n\x81\
\xa5O\x13\x8b'@\x80\x00\x01\x02\x04\x0a\x08l}\xdd\
V\xa0T%\x10H\x17\xb0\x03 \xbd\x05\x0a\x18Y\xc0\
/\x9c\x91\xbb\xa7v\x02\x04\x08\x10 @\x80\x00\x01\x02\
k\x09\xd8\x01\xb0V\xbf\xad\xb6\x83\x80\x10\xa0\x03\xaa!\
\x09\x10 @\x80\x00\x01\x02\x04\x08\x10h.`\x07@\
sR\x03\x12 @\x80\x00\x01\x02\x04\x08\x10 @\x80\
\x00\x81z\x02\x02\x80z=Q\x11\x01\x02\x04\x08\x10 \
@\x80\x00\x01\x02\x04\x08\x10h. \x00hNj@\
\x02\x04\x08\x10 @\x80\x00\x01\x02\x04\x08\x10 PO\
@\x00P\xaf'*\x22@\x80\x00\x01\x02\x04\x08\x10 \
@\x80\x00\x01\x02\xcd\x05\x04\x00\xcdI\x0dH\x80\x00\x01\
\x02\x04\x08\x10 @\x80\x00\x01\x02\x04\xea\x09\x08\x00\xea\
\xf5DE\x04\x08\x10 @\x80\x00\x01\x02\x04\x08\x10 \
@\xa0\xb9\x80\x00\xa09\xa9\x01\x09\x10 @\x80\x00\x01\
\x02\x04\x08\x10 @\x80@=\x01\x01@\xbd\x9e\xa8\x88\
\x00\x01\x02\x04\x08\x10 @\x80\x00\x01\x02\x04\x084\x17\
\x10\x004'5 \x01\x02\x04\x08\x10 @\x80\x00\x01\
\x02\x04\x08\x10\xa8' \x00\xa8\xd7\x13\x15\x11 @\x80\
\x00\x01\x02\x04\x08\x10 @\x80\x00\x81\xe6\x02\x02\x80\xe6\
\xa4\x06$@\x80\x00\x01\x02\x04\x08\x10 @\x80\x00\x01\
\x02\xf5\x04\x04\x00\xf5z\xa2\x22\x02\x04\x08\x10 @\x80\
\x00\x01\x02\x04\x08\x10 \xd0\x5c@\x00\xd0\x9c\xd4\x80\x04\
\x08\x10 @\x80\x00\x01\x02\x04\x08\x10 @\xa0\x9e\x80\
\x00\xa0^OTD\x80\x00\x01\x02\x04\x08\x10 @\x80\
\x00\x01\x02\x04\x9a\x0b\x08\x00\x9a\x93\x1a\x90\x00\x01\x02\x04\
\x08\x10 @\x80\x00\x01\x02\x04\x08\xd4\x13\x10\x00\xd4\xeb\
\x89\x8a\x08\x10 @\x80\x00\x01\x02\x04\x08\x10 @\x80\
@s\x01\x01@sR\x03\x12 @\x80\x00\x01\x02\x04\
\x08\x10 @\x80\x00\x81z\x02\x02\x80z=Q\x11\x01\
\x02\x04\x08\x10 @\x80\x00\x01\x02\x04\x08\x10h. \
\x00hNj@\x02\x04\x08\x10 @\x80\x00\x01\x02\x04\
\x08\x10 PO@\x00P\xaf'*\x22@\x80\x00\x01\
\x02\x04\x08\x10 @\x80\x00\x01\x02\xcd\x05\x04\x00\xcdI\
\x0dH\x80\x00\x01\x02\x04\x08\x10 @\x80\x00\x01\x02\x04\
\xea\x09\x08\x00\xea\xf5DE\x04\x08\x10 @\x80\x00\x01\
\x02\x04\x08\x10 @\xa0\xb9\x80\x00\xa09\xa9\x01\x09\x10\
 @\x80\x00\x01\x02\x04\x08\x10 @\x80@=\x01\x01\
@\xbd\x9e\xa8\x88\x00\x01\x02\x04\x08\x10 @\x80\x00\x01\
\x02\x04\x084\x17\x10\x004'5 \x01\x02\x04\x08\x10\
 @\x80\x00\x01\x02\x04\x08\x10\xa8' \x00\xa8\xd7\x13\
\x15\x11 @\x80\x00\x01\x02\x04\x08\x10 @\x80\x00\x81\
\xe6\x02\x02\x80\xe6\xa4\x06$@\x80\x00\x01\x02\x04\x08\x10\
 @\x80\x00\x01\x02\xf5\x04^\xeb\x95\xa4\x22\x02\xe3\x09\
|\xff\xf5\xfbm\xbc\xaaUL`m\x81??\x7f\xbc\
\xac-`\xf5\x04\x08\x10 @\x80\xc0j\x02v\x00\xac\
\xd6q\xeb%@\x80\x00\x01\x02\x04\x08\x10 @\x80\x00\
\x81%\x05\xec\x00X\xb2\xed\x16\xbdG\xc0\xbb\xfb{\xb4\
\x1cK`\x1c\x81\xaf~\xb6\xed\x10\x18\xa7\x97*%@\
\x80\x00\x01\x02\x04\xb6\x09\xd8\x01\xb0\xcd\xc9Q\x04\x08\x10\
 \xb0\x98\xc0W\x01\xc1b\x1c\x96K\x80\x00\x01\x02\x04\
\x08L `\x07\xc0\x04M\xb4\x84\xb6\x02^\xf4\xb7\xf5\
4\x1a\x81\x91\x05\xae\x9f\x0f\xec\x0a\x18\xb9\x9b5j\xbf\
>\xa7jT\xa5\x0a\x02k\x08x\x0e_\xa3\xcfV\xf9\
X\xc0\x0e\x80\xc7>\xee\x9d_\xc0\x87\x80\xcd\xdfc+\
$@\x80@\x09\x01\x17\xff%\xda\xa0\x88\x85\x05\xfc\x0c\
.\xdc|K\x7f\x17\xb0\x03\xe0\x9d\xc2\x17\x8b\x0a\xfc\xfd\
\xf4~\xbf\x10\x16\xed\xbee\x13\xd8)p\xf9\x5c\xe1\x9d\
\xa4\x9dx\x13\x1e~y>L\xb8<K\x220\xa5\xc0\
\x9e\x9f[\xcf\xf3S\x9e\x02\xcb/\xca\x0e\x80\xe5O\x81\
e\x01\xde\xdf\xf9\xdf\xf3\x8b`Y-\x0b'@\x80\x00\
\x01\x02\x04\x08,&\xe05\xe2b\x0d_d\xb9v\x00\
,\xd2h\xcb\xfc$\xe0\x9d\xffO$n @`\x8f\
\xc0\xf9\x85\xa1w\x88\xf6\xa8\x8dy\xec\xb9\xd7cV\xaf\
j\x02\x04\x8e\x08\x5c\xff\xfc{\xce?\xa2\xe9\xb1\x15\x04\
\xec\x00\xa8\xd0\x055D\x0ax\xe7?R\xdb\x5c\x04\x16\
\x10\xb8~q\xb8\xc0\x92-\x91\x00\x01\x02\x04\x08\x10\x18\
T\xc0\x0e\x80A\x1b\xa7\xec\xa7\x05\xbc\xf3\xff4\x9d\x07\
\x12 @`\x1d\x01\xc1\xce:\xbd\xb6R\x02{\x04.\
\x9f\x1b\xec\x06\xd8#\xe7\xd8*\x02v\x00T\xe9\x84:\
\xc2\x04.\x9f\xb8\xc3&5\x11\x01\x02S\x0b\x9c\x9eW\
<\xb7\xcc\xd3b\xbd\x9c\xa7\x97VB P\xe0}\x97\
i\xe0\x9c\xa6\x22\xb0[\xc0\x0e\x80\xddd\x1e@\x80\x00\
\x01\x02\x04\x08\xcc(\xe0\xc2\x7f\xc6\xaeZ\x13\x81~\x02\
\xe7\xe7\x8c\x7fw\x02\xfc\xdde\xdao6#\x13h#\
`\x07@\x1bG\xa3\x0c pz\x92>?Q\x0fP\
\xae\x12\x09\x10 @\x80\x00\x01\x02\x04\x06\x10\xf0\xfar\
\x80&)\xf1]@\x00\xf0N\xe1\x0b\x02\x04\x08\x10 \
pL@\xd0x\xcc/\xeb\xd1\xfa\x96%o^\x02\xf3\
\x08\x08\x01\xe6\xe9\xe5\xec+\x11\x00\xcc\xdea\xeb#@\
\x80\x00\x01\x02\x04\xee\x0ax\xd1~\x97\xc6\x1d\x04\x08\xec\
\x14\xf0|\xb2\x13\xcc\xe1)\x02\x02\x80\x14v\x93\x12 \
@\x80\x00\x01\x02\xd9\x02^\xacgw\xc0\xfc\x04\x08\x10\
 \x10-\xe0C\x00\xa3\xc5\xcd\x17.\xe0\x05^8\xb9\
\x09\x09\x10 @\x80\x00\x01\x02\x04\x08\x10(( \x00\
(\xd8\x14%\x11 @\x80\xc0\xd8\x02\xe7\xe0\xd1\xbf\x11\
]\xb3\x8f\xe7\xfe\xd4\xacNU\x04\x08\x8c,p~~\
\xf1\xfc?r\x17\xe7\xae\xdd\x9f\x00\xcc\xdd_\xab#@\
\x80\x00\x01\x02\x04\x08\x10 @\x80\x00\x01\x02\x7f\x05\x04\
\x00N\x04\x02\x04\x08\x10 @\x80\x00\x01\x02\x04\x08\x10\
 \xb0\x80\x80?\x01X\xa0\xc9\x96H\x80\x00\x01\x02\x04\
\x08|\xfbv\xde\x9a\xcb\x82\x00\x01\x02\x04\x08\xac*`\
\x07\xc0\xaa\x9d_d\xdd^\xec-\xd2h\xcb$@\x80\
\x00\x01\x02\x04\x08\x14\x128\xbd\x06\xf5:\xb4PC\x94\
\xf2. \x00x\xa7\xf0\xc5l\x02\x9etg\xeb\xa8\xf5\
\x10 @\x80\x00\x01\x02\x04\x08\x10 pD@\x00p\
D\xcfc\x09\x10 @\x80\xc0\x03\x01A\xe4\x03\x1cw\
\x11 @\x80\x00\x01\x02\xe1\x02\x02\x80pr\x13\x12 \
@\x80\xc0J\x02B\x80\xfcn\x9fz\xa0\x0f\xf9}P\
\x01\x01\x02\x04\x08\xe4\x0b\x08\x00\xf2{\xa0\x02\x02\x04\x08\
\x10 @\x80\x00\x01\x02\x04\x08\x10 \xd0]@\x00\xd0\
\x9d\xd8\x04\x04\x08\x10 @\x80\x00\x01\x02\x04\x08\xac(\
`\xf7\xd1\x8a]\xaf\xbdf\xff\x0c`\xed\xfe\xa8\x8e\x00\
\x81\x1d\x02\x7f~\xfex\xd9qx\xb9C\xbdH(\xd7\
\x12\x05\x11 @\x80\x00\x81\xc3\x02\xa7\xdf\xef\xa3\xbfF\
9\x8c`\x802\x02v\x00\x94i\x85B\x08\x10XY\
\xc0\xc5\xff\xca\xdd\xb7v\x02\x04\x08\x10 @\x80@\x8c\
\x80\x00 \xc6\xd9,\x04\x08\x04\x08\xb8\x88\x0e@6\x05\
\x01\x02\x04\x08\x10 @\x80\xc0\xb0\x02\xfe\x04`\xd8\xd6\
)\x9c\x00\x01\x02\x04\x08\x10x$ \x14|\xa4\xe3>\
\x02\x04\x08\x10XQ\xc0\x0e\x80\x15\xbbn\xcd\x04\x08\x10\
 @\x80\x00\x01\x02\x04\x08\x10 \xb0\x9c\x80\x00`\xb9\
\x96[0\x01\x02\x04\x08\x10 @\x80\x00\x01\x02\x04\x08\
\xac( \x00X\xb1\xeb\x0b\xac\xd9\xb6\xcf\x05\x9al\x89\
\x04\x08\x10 @\x80\x00\x01\x02\x04\x08\xec\x12\x10\x00\xec\
\xe2r\xf0\x08\x02.\xfeG\xe8\x92\x1a\x09\x10 @\x80\
\x00\x01\x02\x04\x08\x10\x88\x16\x10\x00D\x8b\x9b\x8f\x00\x01\
\x02\x04\x08\x10 @\x80\x00\x01\x02\x04\x08$\x08\x08\x00\
\x12\xd0MI\x80\x00\x01\x02\x04\x08\x10 @\x80\xc0:\
\x02v\xa8\xae\xd3\xeb\xea+\x15\x00T\xef\x90\xfa\x08\x10\
 @\x80\x00\x01\x02\x04\x08\x10\x18^@\x080|\x0b\
\xa7X\x80\x00`\x8a6Z\x04\x01\x02\x04\x08\x10 @\
\x80\x00\x01\x02\x04\x08\x10x, \x00x\xec\xe3^\x02\
\x04\x08\x10 @\x80\x00\x01\x02\x04\x08\x10 0\x85\x80\
\x00`\x8a6Z\x04\x01\x02\x04\x08\x10 @\x80\x00\x01\
\x02\x04\x08\x10x, \x00x\xec\xe3^\x02\x04\x08\x10\
 @\x80\x00\x01\x02\x04\x08\x10 0\x85\x80\x00`\x8a\
6Z\x04\x01\x02\x04\x08\x10 @\x80\x00\x01\x02\x04\x08\
\x10x, \x00x\xec\xe3^\x02\x04\x08\x10 pX\
\xc0'?\x1f&4\x00\x01\x02\x04\x08\x10 \xd0@@\
\x00\xd0\x00\xd1\x10\x04\x08\x10 @\x80\x00\x01\x02\x04\x08\
\x10 @\xa0\xba\x80\x00\xa0z\x87\xd4G\x80\x00\x01\x02\
\x04\x08\x10 @\x80\x00\x01\x02\x04\x1a\x08\x08\x00\x1a \
\x1a\x82\x00\x01\x02\x04\x08\x10 @\x80\x00\x01\x02\x04\x08\
T\x17\x10\x00T\xef\x90\xfa\x08\x10 @\x80\x00\x01\x02\
\x04\x08\x10 @\x80@\x03\x01\x01@\x03DC\x10 \
@\x80\x00\x01\x02\x04\x08\x10 @\x80\x00\x81\xea\x02\x02\
\x80\xea\x1dR\x1f\x01\x02\x04\x08\x10 @\x80\x00\x01\x02\
\x04\x08\x10h  \x00h\x80h\x08\x02\x04\x08\x10 \
@\x80\x00\x01\x02\x04\x08\x10 P]@\x00P\xbdC\
\xea#@\x80\x00\x01\x02\x04\x08\x10 @\x80\x00\x01\x02\
\x0d\x04\x04\x00\x0d\x10\x0dA\x80\x00\x01\x02\x04\x08\x10 \
@\x80\x00\x01\x02\x04\xaa\x0b\x08\x00\xaawH}\x04\x08\
\x10 @\x80\x00\x01\x02\x04\x08\x10 @\xa0\x81\x80\x00\
\xa0\x01\xa2!\x08\x10 @\x80\x00\x01\x02\x04\x08\x10 \
@\x80@u\x01\x01@\xf5\x0e\xa9\x8f\x00\x01\x02\x04\x08\
\x10 @\x80\x00\x01\x02\x04\x084\x10\x10\x004@4\
\x04\x01\x02\x04\x08\x10 @\x80\x00\x01\x02\x04\x08\x10\xa8\
. \x00\xa8\xde!\xf5\x11 @\x80\x00\x01\x02\x04\x08\
\x10 @\x80\x00\x81\x06\x02\x02\x80\x06\x88\x86 @\x80\
\x00\x01\x02\x04\x08\x10 @\x80\x00\x01\x02\xd5\x05\x04\x00\
\xd5;\xa4>\x02\x04\x08\x10 @\x80\x00\x01\x02\x04\x08\
\x10 \xd0@@\x00\xd0\x00\xd1\x10\x04\x08\x10 @\x80\
\x00\x01\x02\x04\x08\x10 @\xa0\xba\x80\x00\xa0z\x87\xd4\
G\x80\x00\x01\x02\x04\x08\x10 @\x80\x00\x01\x02\x04\x1a\
\x08\x08\x00\x1a \x1a\x82\x00\x01\x02\x04\x08\x10 @\x80\
\x00\x01\x02\x04\x08T\x17\x10\x00T\xef\x90\xfa\x08\x10 \
@\x80\x00\x01\x02\x04\x08\x10 @\x80@\x03\x01\x01@\
\x03DC\x10 @\x80\x00\x01\x02\x04\x08\x10 @\x80\
\x00\x81\xea\x02\x02\x80\xea\x1dR\x1f\x01\x02\x04\x08\x10 \
@\x80\x00\x01\x02\x04\x08\x10h  \x00h\x80h\x08\
\x02\x04\x08\x10 @\x80\x00\x01\x02\x04\x08\x10 P]\
@\x00P\xbdC\xea#@\x80\x00\x01\x02\x04\x08\x10 \
@\x80\x00\x01\x02\x0d\x04\x04\x00\x0d\x10\x0dA\x80\x00\x01\
\x02\x04\x08\x10 @\x80\x00\x01\x02\x04\xaa\x0b\x08\x00\xaa\
wH}\x04\x08\x10 @\x80\x00\x01\x02\x04\x08\x10 \
@\xa0\x81\x80\x00\xa0\x01\xa2!\x08\x10 @\x80\x00\x01\
\x02\x04\x08\x10 @\x80@u\x01\x01@\xf5\x0e\xa9\x8f\
\x00\x01\x02\x04\x08\x10 @\x80\x00\x01\x02\x04\x084\x10\
\x10\x004@4\x04\x01\x02\x04\x08\x10 @\x80\x00\x01\
\x02\x04\x08\x10\xa8. \x00\xa8\xde!\xf5\x11 @\x80\
\x00\x01\x02\x04\x08\x10 @\x80\x00\x81\x06\x02\x02\x80\x06\
\x88\x86 @\x80\x00\x01\x02\x04\x08\x10 @\x80\x00\x01\
\x02\xd5\x05\x04\x00\xd5;\xa4>\x02\x04\x08\x10 @\x80\
\x00\x01\x02\x04\x08\x10 \xd0@@\x00\xd0\x00\xd1\x10\x04\
\x08\x10 @\x80\x00\x01\x02\x04\x08\x10 @\xa0\xba\x80\
\x00\xa0z\x87\xd4G\x80\x00\x01\x02\x04\x08\x10 @\x80\
\x00\x01\x02\x04\x1a\x08\x08\x00\x1a \x1a\x82\x00\x01\x02\x04\
\x08\x10 @\x80\x00\x01\x02\x04\x08T\x17\x10\x00T\xef\
\x90\xfa\x08\x10 @\x80\x00\x01\x02\x04\x08\x10 @\x80\
@\x03\x01\x01@\x03DC\x10 @\x80\x00\x01\x02\x04\
\x08\x10 @\x80\x00\x81\xea\x02\x02\x80\xea\x1dR\x1f\x01\
\x02\x04\x08\x10 @\x80\x00\x01\x02\x04\x08\x10h  \
\x00h\x80h\x08\x02\x04\x08\x10 @\x80\x00\x01\x02\x04\
\x08\x10 P]@\x00P\xbdC\xea#@\x80\x00\x01\
\x02\x04\x08\x10 @\x80\x00\x01\x02\x0d\x04\x04\x00\x0d\x10\
\x0dA\x80@\x0d\x81??\x7f\xbc\xd4\xa8D\x15\x04\x08\
\x10 @\x80\x00\x01\x02\x04\xea\x09\xbc\xd6+IE\x04\
\x08\xb4\x12pA\xdcJ\xb2\xff8\xab\xf5\xea\xfb\xaf\xdf\
o\xfdU\xcd@\x80\x00\x01\x02\x04\x08\x10 p)`\
\x07\xc0\xa5\x86\xaf\x09L&\xe0\x22k\xb2\x86Z\x0e\x01\
\x02\x04\x08\x10 @\x80\x00\x81\x03\x02\x02\x80\x03x\x1e\
J\x80\x00\x01\x02\x04\x08\x10 @\x80\x00\x01\x02\x04F\
\x11\x10\x00\x8c\xd2)u\x12 @\x80\x00\x01\x02\x04\x08\
\x10 @\x80\x00\x81\x03\x02\x02\x80\x03x\x1eJ\x80\x00\
\x01\x02\x04\x08\x10 @\x80\x00\x01\x02\x04F\x11\x10\x00\
\x8c\xd2)u\x12 @\x80\x00\x01\x02\x04\x08\x10 @\
\x80\x00\x81\x03\x02\x02\x80\x03x\x1eJ\x80\x00\x01\x02\x04\
\x08\x10 @\x80\x00\x01\x02\x04F\x11\x10\x00\x8c\xd2)\
u\x12 @\x80\x00\x01\x02\x04\x08\x10 @\x80\x00\x81\
\x03\x02\x02\x80\x03x\x1eJ\x80\x00\x01\x02\x04\x08\x10 \
@\x80\x00\x01\x02\x04F\x11\x10\x00\x8c\xd2)u\x12 \
@\x80\x00\x01\x02\x04\x08\x10 @\x80\x00\x81\x03\x02\x02\
\x80\x03x\x1eJ\x80\x00\x01\x02\x04\x08\x10 @\x80\x00\
\x01\x02\x04F\x11\x10\x00\x8c\xd2)u\x12 @\x80\x00\
\x01\x02\x04\x08\x10 @\x80\x00\x81\x03\x02\x02\x80\x03x\
\x1eJ\x80\x00\x01\x02\x04\x08\x10 @\x80\x00\x01\x02\x04\
F\x11\x10\x00\x8c\xd2)u\x12 @\x80\x00\x01\x02\x04\
\x08\x10 @\x80\x00\x81\x03\x02\x02\x80\x03x\x1eJ\x80\
\x00\x01\x02\x04\x08\x10 @\x80\x00\x01\x02\x04F\x11\x10\
\x00\x8c\xd2)u\x12 @\x80\x00\x01\x02\x04\x08\x10 \
@\x80\x00\x81\x03\x02\x02\x80\x03x\x1eJ\x80\x00\x01\x02\
\x04\x08\x10 @\x80\x00\x01\x02\x04F\x11\x10\x00\x8c\xd2\
)u\x12 @\x80\x00\x01\x02\x04\x08\x10 @\x80\x00\
\x81\x03\x02\x02\x80\x03x\x1eJ\x80\x00\x01\x02\x04\x08\x10\
 @\x80\x00\x01\x02\x04F\x11\x10\x00\x8c\xd2)u\x12\
 @\x80\x00\x01\x02\x04\x08\x10 @\x80\x00\x81\x03\x02\
\x02\x80\x03x\x1eJ\x80\x00\x01\x02\x04\x08\x10 @\x80\
\x00\x01\x02\x04F\x11\x10\x00\x8c\xd2)u\x12 @\x80\
\x00\x01\x02\x04\x08\x10 @\x80\x00\x81\x03\x02\x02\x80\x03\
x\x1eJ\x80\x00\x01\x02\x04\x08\x10 @\x80\x00\x01\x02\
\x04F\x11\x10\x00\x8c\xd2)u\x12 @\x80\x00\x01\x02\
\x04\x08\x10 @\x80\x00\x81\x03\x02\x02\x80\x03x\x1eJ\
\x80\x00\x01\x02\x04\x08\x10 @\x80\x00\x01\x02\x04F\x11\
\x10\x00\x8c\xd2)u\x12 @\x80\x00\x01\x02\x04\x08\x10\
 @\x80\x00\x81\x03\x02\x02\x80\x03x\x1eJ\x80\x00\x01\
\x02\x04\x08\x10 @\x80\x00\x01\x02\x04F\x11\x10\x00\x8c\
\xd2)u\x12 @\x80\x00\x01\x02\x04\x08\x10 @\x80\
\x00\x81\x03\x02\x02\x80\x03x\x1eJ\x80\x00\x01\x02\x04\x08\
\x10 @\x80\x00\x01\x02\x04F\x11\x10\x00\x8c\xd2)u\
\x12 @\x80\x00\x01\x02\x04\x08\x10 @\x80\x00\x81\x03\
\x02\x02\x80\x03x\x1eJ\x80\x00\x01\x02\x04\x08\x10 @\
\x80\x00\x01\x02\x04F\x11\x10\x00\x8c\xd2)u\x12 @\
\x80\x00\x01\x02\x04\x08\x10 @\x80\x00\x81\x03\x02\x02\x80\
\x03x\x1eJ\x80\x00\x01\x02\x04\x08\x10 @\x80\x00\x01\
\x02\x04F\x11\x10\x00\x8c\xd2)u\x12 @\x80\x00\x01\
\x02\x04\x08\x10 @\x80\x00\x81\x03\x02\x02\x80\x03x\x1e\
J\x80\x00\x01\x02\x04\x08\x10 @\x80\x00\x01\x02\x04F\
\x11\x10\x00\x8c\xd2)u\x12 @\x80\x00\x01\x02\x04\x08\
\x10 @\x80\x00\x81\x03\x02\x02\x80\x03x\x1eJ\x80\x00\
\x01\x02\x04\x08\x10 @\x80\x00\x01\x02\x04F\x11\x10\x00\
\x8c\xd2)u\x12 @\x80\x00\x01\x02\x04\x08\x10 @\
\x80\x00\x81\x03\x02\x02\x80\x03x\x1eJ\x80\x00\x01\x02\x04\
\x08\x10 @\x80\x00\x01\x02\x04F\x11\x10\x00\x8c\xd2)\
u\x12 @\x80\x00\x01\x02\x04\x08\x10 @\x80\x00\x81\
\x03\x02\x02\x80\x03x\x1eJ\x80\x00\x01\x02\x04\x08\x10 \
@\x80\x00\x01\x02\x04F\x11\x10\x00\x8c\xd2)u\x12 \
@\x80\x00\x01\x02\x04\x08\x10 @\x80\x00\x81\x03\x02\x02\
\x80\x03x\x1eJ\x80\x00\x01\x02\x04\x08\x10 @\x80\x00\
\x01\x02\x04F\x11\x10\x00\x8c\xd2)u\x12 @\x80\x00\
\x01\x02\x04\x08\x10 @\x80\x00\x81\x03\x02\x02\x80\x03x\
\x1eJ\x80\x00\x01\x02\x04\x08\x10 @\x80\x00\x01\x02\x04\
F\x11\x10\x00\x8c\xd2)u\x12 @\x80\x00\x01\x02\x04\
\x08\x10 @\x80\x00\x81\x03\x02\x02\x80\x03x\x1eJ\x80\
\x00\x01\x02\x04\x08\x10 @\x80\x00\x01\x02\x04F\x11\x10\
\x00\x8c\xd2)u\x12 @\x80\x00\x01\x02\x04\x08\x10 \
@\x80\x00\x81\x03\x02\xaf\x07\x1e\xeb\xa1\x04\x08\x0c \xf0\
\xfd\xd7\xef\xb7\x01\xcalR\xe2\x9f\x9f?^\x9a\x0c\x94\
0\xc8J}J\xe05%\x01\x02\x04\x08\x10 @\x80\
\xc0\xff\x04\xec\x00p\x1a\x10 0\x8d\x80\x8b\xe8iZ\
i!\x04\x08\x10 @\x80\x00\x01\x02\x1d\x04\x04\x00\x1d\
P\x0dI\x80\x00\x01\x02\x04\x08\x10 @\x80\x00\x01\x02\
\x04\xaa\x09\x08\x00\xaauD=\x04\x08\x10 @\x80\x00\
\x01\x02\x04\x08\x10 @\xa0\x83\x80\x00\xa0\x03\xaa!\x09\
\x10 @\x80\x00\x01\x02\x04\x08\x10 @\x80@5\x01\
\x01@\xb5\x8e\xa8\x87\x00\x01\x02\x04\x08\x10 @\x80\x00\
\x01\x02\x04\x08t\x10\x10\x00t@5$\x01\x02\x04\x08\
\x10 @\x80\x00\x01\x02\x04\x08\x10\xa8& \x00\xa8\xd6\
\x11\xf5\x10 @\x80\x00\x01\x02\x04\x08\x10 @\x80\x00\
\x81\x0e\x02\x02\x80\x0e\xa8\x86$@\x80\x00\x01\x02\x04\x08\
\x10 @\x80\x00\x01\x02\xd5\x04\x04\x00\xd5:\xa2\x1e\x02\
\x04\x08\x10 @\x80\x00\x01\x02\x04\x08\x10 \xd0A\xe0\
\xb5\xc3\x98\x86$@\x80\x00\x01\x02\x04\x08\x10(*\xf0\
\xe7\xe7\x8f\x97\xa2\xa5)\x8b\xc0_\x81\xef\xbf~\xbf\xa1\
 @\xa0\x8f\x80\x1d\x00}\x5c\x8dJ\x80\x00\x01\x02\x04\
\x08\x10 @\x80\x00\x01\x02\x04J\x09\x08\x00J\xb5C\
1\x04\x08\x10 @\x80\x00\x01\x02\x04\xd6\x15\xf0\xee\xff\
\xba\xbd\xb7\xf2\x18\x01\x01@\x8c\xb3Y\x08\x10 @\x80\
\x00\x01\x02\x04\x08\x10 @\x80@\xaa\x80\x00 \x95\xdf\
\xe4\x04\x08\x10 @\x80\x00\x01\x02\x04\x08\x10 @ \
F@\x00\x10\xe3l\x16\x02\x04\x08\x10 @\x80\x00\x01\
\x02\x04\x08\x10 \x90* \x00H\xe579\x01\x02\x04\
\x08\x10 @\x80\x00\x01\x02\x04\x08\x10\x88\x11\x10\x00\xc4\
8\x9b\x85\x00\x01\x02\x04\x08\x10 @\x80\x00\x01\x02\x04\
\x08\xa4\x0a\x08\x00R\xf9MN\x80\x00\x01\x02\x04\x08\x10\
 @\x80\x00\x01\x02\x04b\x04\x04\x001\xcef!@\
\x80\x00\x01\x02\x04\x08\x10 @\x80\x00\x01\x02\xa9\x02\x02\
\x80T~\x93\x13 @\x80\x00\x01\x02\x04\x08\x10 @\
\x80\x00\x81\x18\x01\x01@\x8c\xb3Y\x08\x10 @\x80\x00\
\x01\x02\x04\x08\x10 @\x80@\xaa\x80\x00 \x95\xdf\xe4\
\x04\x08\x10 @\x80\x00\x01\x02\x04\x08\x10 @ F\
@\x00\x10\xe3l\x16\x02\x04\x08\x10 @\x80\x00\x01\x02\
\x04\x08\x10 \x90* \x00H\xe579\x01\x02\x04\x08\
\x10 @\x80\x00\x01\x02\x04\x08\x10\x88\x11\x10\x00\xc48\
\x9b\x85\x00\x01\x02\x04\x08\x10 @\x80\x00\x01\x02\x04\x08\
\xa4\x0a\x08\x00R\xf9MN\x80\x00\x01\x02\x04\x08\x10 \
@\x80\x00\x01\x02\x04b\x04\x04\x001\xcef!@\x80\
\x00\x01\x02\x04\x08\x10 @\x80\x00\x01\x02\xa9\x02\x02\x80\
T~\x93\x13 @\x80\x00\x01\x02\x04\x08\x10 @\x80\
\x00\x81\x18\x01\x01@\x8c\xb3Y\x08\x10 @\x80\x00\x01\
\x02\x04\x08\x10 @\x80@\xaa\x80\x00 \x95\xdf\xe4\x04\
\x08\x10 @\x80\x00\x01\x02\x04\x08\x10 @ F@\
\x00\x10\xe3l\x16\x02\x04\x08\x10 @\x80\x00\x01\x02\x04\
\x08\x10 \x90* \x00H\xe579\x01\x02\x04\x08\x10\
 @\x80\x00\x01\x02\x04\x08\x10\x88\x11\x10\x00\xc48\x9b\
\x85\x00\x01\x02\x04\x08\x10 @\x80\x00\x01\x02\x04\x08\xa4\
\x0a\x08\x00R\xf9MN\x80\x00\x01\x02\x04\x08\x10 @\
\x80\x00\x01\x02\x04b\x04\x04\x001\xcef!@\x80\x00\
\x01\x02\x04\x08\x10 @\x80\x00\x01\x02\xa9\x02\x02\x80T\
~\x93\x13 @\x80\x00\x01\x02\x04\x08\x10 @\x80\x00\
\x81\x18\x01\x01@\x8c\xb3Y\x08\x10 @\x80\x00\x01\x02\
\x04\x08\x10 @\x80@\xaa\x80\x00 \x95\xdf\xe4\x04\x08\
\x10 @\x80\x00\x01\x02\x04\x08\x10 @ F@\x00\
\x10\xe3l\x16\x02\x04\x08\x10 @\x80\x00\x01\x02\x04\x08\
\x10 \x90* \x00H\xe579\x01\x02\x04\x08\x10 \
@\x80\x00\x01\x02\x04\x08\x10\x88\x11\x10\x00\xc48\x9b\x85\
\x00\x01\x02\x04\x08\x10 @\x80\x00\x01\x02\x04\x08\xa4\x0a\
\x08\x00R\xf9MN\x80\x00\x01\x02\x04\x08\x10 @\x80\
\x00\x01\x02\x04b\x04\x04\x001\xcef!@\x80\x00\x01\
\x02\x04\x08\x10 @\x80\x00\x01\x02\xa9\x02\x02\x80T~\
\x93\x13 @\x80\x00\x01\x02\x04\x08\x10 @\x80\x00\x81\
\x18\x01\x01@\x8c\xb3Y\x08\x10 @\x80\x00\x01\x02\x04\
\x08\x10 @\x80@\xaa\x80\x00 \x95\xdf\xe4\x04\x08\x10\
 @\x80\x00\x01\x02\x04\x08\x10 @ F@\x00\x10\
\xe3l\x16\x02\x04\x08\x10 @\x80\x00\x01\x02\x04\x08\x10\
 \x90* \x00H\xe579\x01\x02\x04\x08\x10 @\
\x80\x00\x01\x02\x04\x08\x10\x88\x11\x10\x00\xc48\x9b\x85\x00\
\x01\x02\x04\x08\x10 @\x80\x00\x01\x02\x04\x08\xa4\x0a\x08\
\x00R\xf9M\xdeC\xe0\xcf\xcf\x1f/=\xc65&\x01\
\x02\x04\x08\x10\x80\x86^\x19\x00\x00+3IDAT\
 @\x80\x00\x01\x02\x04F\x16\x10\x00\x8c\xdc=\xb5\x13\
 @\x80\x00\x01\x02\x04\x08\x10 @\x80\x00\x81\x8d\x02\
\x02\x80\x8dP\x0e\x1bK\xc0.\x80\xb1\xfa\xa5Z\x02+\
\x08|\xff\xf5\xfbm\x85uZ#\x01\x02\x04\x08\x10 \
PW@\x00P\xb77*#@\x80\x00\x01\x02\x04\x08\
\x10 @\x80\x00\x01\x02\xcd\x04\x04\x00\xcd(\x0dD\x80\
\x00\x01\x02\x04\x08\x10 @\x80\x00\x01\x02\x04\xea\x0a\x08\
\x00\xea\xf6Fe\x04\x08\x10 @\x80\x00\x01\x02\x04\x08\
\x10 @\xa0\x99\x80\x00\xa0\x19\xa5\x81\x08\x10 @\x80\
\x00\x01\x02\x04\x08\x10 @\x80@]\x01\x01@\xdd\xde\
\xa8\x8c\x00\x01\x02\x04&\x12\xf0\xe1\xa4\x135\xd3R\x08\
\x10 @\x80\xc0\xa0\x02\x02\x80A\x1b\xa7l\x02\x04\x08\
\x10 @\x80\x00\x01\x02\x04\x08\x10 \xb0G@\x00\xb0\
G\xcb\xb1\x04\x08\x94\x16\x18\xf9\x1d\xd6\x91k/}R\
(\x8e\x00\x01\x02\x04\x08\x10 @\xe0]\xe0\xf5\xfd+\
_\x10 @`p\x01\xff\xce\xfa\xe0\x0d\x9c\xb8|\x01\
\xcf\xc4\xcd\xb54\x02\x04\x08\x10 0\x90\x80\x1d\x00\x03\
5K\xa9\x04\x08\x10 @\x80\x00\x01\x02\x04\x08\x10 \
@\xe0Y\x01\x01\xc0\xb3r\x1eG\x80\x00\x01\x02\x04\x08\
\x10 @\x80\x00\x01\x02\x04\x06\x12\x10\x00\x0c\xd4,\xa5\
\x12 @\x80\x00\x01\x02\x04\x08\x10 @\x80\x00\x81g\
\x05\x04\x00\xcf\xcay\x1c\x01\x02\x04\x08\x10 @\x80\x00\
\x01\x02\x04\x08\x10\x18H@\x000P\xb3\x94J\x80\x00\
\x01\x02\x04\x08\x10 @\x80\x00\x01\x02\x04\x9e\x15\x10\x00\
<+\xe7q\x04\x08\x10 @\x80\x00\x01\x02\x04\x08\x10\
 @` \x01\x01\xc0@\xcdR\xea>\x81\xd3?\xbb\
\xe5\x9f\xde\xdag\xe6h\x02\x04\x08\x10 @\x80\x00\x01\
\x02\x04\xe6\x15\x10\x00\xcc\xdb[+#@\x80\x00\x01\x02\
\x04\x08\x10 @\x80\x00\x01\x02\xef\x02\x02\x80w\x0a_\
\x10 @\x80\x00\x01\x02\x04\x08\x10 @\x80\x00\x81y\
\x05\x04\x00\xf3\xf6\xd6\xca\x08\x10 @\x80\x00\x01\x02\x04\
\x08\x0c%\xe0\xcf7\x87j\x97b\x07\x14\x10\x00\x0c\xd8\
4%\x13 @\x80\x00\x01\x02\x04\x08\x10\x98U@\x08\
0kg\xad\xab\x82\xc0k\x85\x22\xd4@\x80\x00\x01\x02\
\x04\x08\x10 \x10#\xf0\xfd\xd7\xef\xb7\x98\x99\xccB\x80\
\x00\x01\x02\xd5\x04\x04\x00\xd5:\xa2\x9e\xe6\x02\xe7\x14\xd9\
\x0b\x9e\xe6\xb4\x06$@\xe0\x0b\x81\xf3\xf3\xcf\x17\x87\xb9\
\x9b\x00\x01\x02\x04\x08\x10 \x10\x22\xe0O\x00B\x98M\
B\x80\x00\x01\x02\x04\x08\x10 @\x80\x00\x01\x02\x04r\
\x05\x04\x00\xb9\xfef'@\x80\x00\x01\x02\x04\x08\x10 \
@\x80\x00\x01\x02!\x02\x02\x80\x10f\x93\x10 @\x80\
\x00\x01\x02\x04\x08\x10 @\x80\x00\x81\x5c\x01\x01@\xae\
\xbf\xd9\x03\x05\xfc-n \xb6\xa9\x08\x10\xf8\xe69\xc7\
I@\x80\x00\x01\x02\x04\x08T\x13\x10\x00T\xeb\x88z\
\xba\x0axA\xde\x95\xd7\xe0\x04\x08\xfc+\xe0\xb9\xc6\xa9\
@\x80\x00\x01\x02\x04\x08T\x14\x10\x00T\xec\x8a\x9a\x08\
\x10 @\x80\x00\x01\x02\x04\x08\x10 @\x80@c\x01\
\x01@cP\xc3\xd5\x17\xf0\xce\x5c\xfd\x1e\xa9\x90\x00\x01\
\x02\x04\x08\x10 @\x80\x00\x81\xf6\x02\x02\x80\xf6\xa6F\
\x1c@@\x080@\x93\x94H`@\x81\xd3s\x8b\xe7\
\x97\x01\x1b\xa7d\x02\x04\x08\x10 \xb0\x88\x80\x00`\x91\
F[&\x01\x02\x04\x08\x10 @\x80\x00\x01\x02\x04\x08\
\xac- \x00X\xbb\xffK\xaf\xde\xbbtK\xb7\xdf\xe2\
\x094\x17\xf0\x9c\xd2\x9c\xd4\x80\x04\x08\x10 @\x80@\
c\x81\xd7\xc6\xe3\x19\x8e\xc0P\x02\xe7\x17\xec\xdf\x7f\xfd\
~\x1b\xaap\xc5\x12 PF\xe0\xfc<R\xa6 \x85\
\x10 @\x80\x00\x01\x02\x04\xee\x08\xd8\x01p\x07\xc6\xcd\
\x04\x08\x10 @\x80\x00\x01\x02\x04\x08\x10 @`&\
\x01;\x00f\xea\xa6\xb5<-p\xf9\x0e\x9e\xdd\x00O\
3z \x81e\x04.\x9f3\x96Y\xb4\x85\x12 @\
\x80\x00\x01\x02\xc3\x0b\xd8\x010|\x0b-\x80\x00\x01\x02\
\x04\x08\x10 @\x80\x00\x01\x02\x04\x08|-`\x07\xc0\
\xd7F\x8eXL\xe0\xf2\x9d=\xbb\x01\x16k\xbe\xe5\x12\
\xb8#p\xf9\xbcp\xe7\x107\x13 @\x80\x00\x01\x02\
\x04\xca\x0b\xd8\x01P\xbeE\x0a\xcc\x14\xf0\xa2?S\xdf\
\xdc\x04\x08\x10 @\x80\x00\x01\x02\x04\x08\xb4\x14\xb0\x03\
\xa0\xa5\xa6\xb1\xa6\x14\xb8\x15\x02\xd8\x190e\xab-\x8a\
\xc0\xb7[?\xefX\x08\x10 @\x80\x00\x01\x02\xb3\x08\
\xd8\x010K'\xad\x83\x00\x01\x02\x04\x08\x10 @\x80\
\x00\x01\x02\x04\x08<\x10\xb0\x03\xe0\x01\x8e\xbb\x08\xdc\x13\
\xf0.\xe1=\x19\xb7\x13 @\x80\x00\x01\x02\x04\x08\x10\
 PU\xc0\x0e\x80\xaa\x9dQ\x17\x01\x02\x04\x08\x10 \
@\x80\x00\x01\x02\x04\x08\x10h( \x00h\x88i(\
\x02\x04\x08\x10 @\x80\x00\x01\x02\x04\x08\x10 PU\
@\x00P\xb53\xea\x22@\x80\x00\x01\x02\x04\x08\x10 \
@\x80\x00\x01\x02\x0d\x05\x04\x00\x0d1\x0dE\x80\x00\x01\
\x02\x04\x08\x10 @\x80\x00\x01\x02\x04\xaa\x0a\x08\x00\xaa\
vF]\x04\x08\x10 @\x80\x00\x01\x02\x04\x08\x10 \
@\xa0\xa1\x80\x00\xa0!\xa6\xa1\x08\x10 @\x80\x00\x01\
\x02\x04\x08\x10 @\x80@U\x01\x01@\xd5\xce\xa8\x8b\
\x00\x01\x02\x04\x08\x10 @\x80\x00\x01\x02\x04\x084\x14\
\x10\x004\xc44\x14\x01\x02\x04\x08\x10 @\x80\x00\x01\
\x02\x04\x08\x10\xa8* \x00\xa8\xda\x19u\x11 @\x80\
\x00\x01\x02\x04\x08\x10 @\x80\x00\x81\x86\x02\x02\x80\x86\
\x98\x86\x22@\x80\x00\x01\x02\x04\x08\x10 @\x80\x00\x01\
\x02U\x05\x04\x00U;\xa3.\x02\x04\x08\x10 @\x80\
\x00\x01\x02\x04\x08\x10 \xd0P@\x00\xd0\x10\xd3P\x04\
\x08\x10 @\x80\x00\x01\x02\x04\x08\x10 @\xa0\xaa\x80\
\x00\xa0jg\xd4E\x80\x00\x01\x02\x04\x08\x10 @\x80\
\x00\x01\x02\x04\x1a\x0a\x08\x00\x1ab\x1a\x8a\x00\x01\x02\x04\
\x08\x10 @\x80\x00\x01\x02\x04\x08T\x15\x10\x00T\xed\
\x8c\xba\x08\x10 @\x80\x00\x01\x02\x04\x08\x10 @\x80\
@C\x01\x01@CLC\x11 @\x80\x00\x01\x02\x04\
\x08\x10 @\x80\x00\x81\xaa\x02\x02\x80\xaa\x9dQ\x17\x01\
\x02\x04\x08\x10 @\x80\x00\x01\x02\x04\x08\x10h( \
\x00h\x88i(\x02\x04\x08\x10 @\x80\x00\x01\x02\x04\
\x08\x10 PU@\x00P\xb53\xea\x22@\x80\x00\x01\
\x02\x04\x08\x10 @\x80\x00\x01\x02\x0d\x05\x04\x00\x0d1\
\x0dE\x80\x00\x01\x02\x04\x08\x10 @\x80\x00\x01\x02\x04\
\xaa\x0a\x08\x00\xaavF]\x04\x08\x10 @\x80\x00\x01\
\x02\x04\x08\x10 @\xa0\xa1\x80\x00\xa0!\xa6\xa1\x08\x10\
 @\x80\x00\x01\x02\x04\x08\x10 @\x80@U\x01\x01\
@\xd5\xce\xa8\x8b\x00\x01\x02\x04\x08\x10 @\x80\x00\x01\
\x02\x04\x084\x14\x10\x004\xc44\x14\x01\x02\x04\x08\x10\
 @\x80\x00\x01\x02\x04\x08\x10\xa8* \x00\xa8\xda\x19\
u\x11 @\x80\x00\x01\x02\x04\x08\x10 @\x80\x00\x81\
\x86\x02\x02\x80\x86\x98\x86\x22@\x80\x00\x01\x02\x04\x08\x10\
 @\x80\x00\x01\x02U\x05\x04\x00U;\xa3.\x02\x04\
\x08\x10 @\x80\x00\x01\x02\x04\x08\x10 \xd0P\xe0\xb5\
\xe1X\x86\x22@\xe0B\xe0\xfb\xaf\xdfo\x17\xdf\xfa\x92\
\x00\x81 \x81??\x7f\xbc\x04Me\x1a\x02\xc3\x0a\xf8\
9\x19\xb6u\xcb\x14\xeeu\xd42\xad\xb6\xd0`\x01;\
\x00\x82\xc1M\xb7\x86\x80_Zk\xf4\xd9*k\x0a\x9c\
~\xfe\xfc\x0c\xd6\xec\x8d\xaa\xea\x08\xf8\x19\xa9\xd3\x0b\x95\
\x10 @ R\xc0\x0e\x80Hms\x0d'\xe0\x05\xd2\
p-S0\x81w\x81g~~\xbd+\xfa\xce\xe7\x0b\
\x02\x04\x08\x10 @`B\x01;\x00&l\xaa%\x11\
 @\x80\x00\x01\x02\x04\x08\x10 @\x80\x00\x81k\x01\
;\x00\xaeE|\xbf\xb4\xc03\xef\x18.\x0df\xf1\x04\
&\x13\xb8\xf5\x1c`W\xc0dM\xb6\x1c\x02\x04\x08\x10\
 \xb0\xb0\x80\x1d\x00\x0b7\xdf\xd2?\x0a\xdcz\xe1\xff\
\xf1\x08\xdf\x11 @\x80\x00\x01\x02\x04\x08\x10 @`\
\x5c\x01;\x00\xc6\xed\x9d\xca\x1b\x08\xb8\xe8o\x80h\x08\
\x02\x93\x0b\x5c>O\xd8\x0d0y\xb3-\x8f\x00\x01\x02\
\x04\x08L.`\x07\xc0\xe4\x0d\xb6\xbcO\x02\xfey\xb0\
O$n @\x80\x00\x01\x02\x04\x08\x10 @`\x05\
\x01;\x00V\xe8\xb25^\x0a\xbc\x9d\xbe\xb9|G\xef\
\xf2N_\x13 @\xe0\x91\xc0\xf9\xb9\xc3N\x80GJ\
\xee#@\x80\x00\x01\x02\x04\xaa\x0a\xd8\x01P\xb53\xea\
\xea&p~\x01\xdfm\x02\x03\x13 @\x80\x00\x01\x02\
\x04\x08\x10 @\xa0\xa0\x80\x00\xa0`S\x94\xd4O\xc0\
\xc5\x7f?[#\x13XI\xe0\xf4\x5c\xe2\xf9d\xa5\x8e\
[+\x01\x02\x04\x08\x10\x98C@\x000G\x1f\xadb\
\x83\x80\x17\xeb\x1b\x90\x1cB\x80\x00\x01\x02\x04\x08\x10 \
@\x80\xc0\xb4\x02\x02\x80i[ka\x04\x08\x10 \xd0\
[\xc0N\x80\xde\xc2\xc6'@\x80\x00\x01\x02\x04Z\x0a\
\x08\x00Zj\x1a\xab\xac\x80w\xff\xcb\xb6Fa\x04\x08\
\x10 @\x80\x00\x01\x02\x04\x08\x04\x09\x08\x00\x82\xa0M\
\x93'\xe0\xe2?\xcf\xde\xcc\x04\x08\x10 @\x80\x00\x01\
\x02\x04\x08\xd4\x11\x10\x00\xd4\xe9\x85J\x08\x10 @`\
P\x01\x7f\x0a0h\xe3\x94M\x80\x00\x01\x02\x04\x16\x13\
\x10\x00,\xd6p\xcb%@\x80\x00\x01\x02\x04\x08\x10 \
@\x80\x00\x815\x05^\xd7\x5c\xb6U\xaf `\xeb\xff\
\x0a]\xb6F\x02\x04\x08\x10 @\x80\x00\x01\x02\x04\xb6\
\x0a\xd8\x01\xb0U\xcaq\x04\x08\x10 @\x80\x00\x01\x02\
\x04\x08\x10 @``\x01\x01\xc0\xc0\xcdS:\x01\x02\
\x04\x08\xd4\x12\xf0Y\x00\xb5\xfa\xa1\x1a\x02\x04\x08\x10 \
@\xe0\xa3\x80\x00\xe0\xa3\x87\xef\x08\x10 @\x80\x00\x01\
\x02\x04\x08\x10 @\x80\xc0\x94\x02\x02\x80)\xdbjQ\
\x04\x08\x10 @\x80\x00\x01\x02\x04\x08\x10 @\xe0\xa3\
\x80\x00\xe0\xa3\x87\xef&\x11\xf0\x01\x80\x934\xd22\x08\
\x10 @\x80\x00\x01\x02\x04\x08\x10h& \x00hF\
i\xa0*\x02.\xfe\xabtB\x1d\x04\x08\x10 @\x80\
\x00\x01\x02\x04\x08T\x12\x10\x00T\xea\x86Z\x08\x10 \
@\x80\x00\x01\x02\x04\x08\x10 @\x80@'\x01\x01@\
'X\xc3\x12 @\x80\x00\x01\x02\x04\x08\x10 @\x80\
\x00\x81J\x02\x02\x80J\xddP\x0b\x01\x02\x04\x08L!\
\xe0\x9f\x03\x9c\xa2\x8d\x16A\x80\x00\x01\x02\x04\xa6\x13\x10\
\x00L\xd7R\x0b\x22@\x80\x00\x01\x02\x04\x08\x10 @\
\x80\x00\x01\x02\x9f\x05\x04\x00\x9fM\xdcB\x80\x00\x01\x02\
\x04\x08\x10 @\x80\x00\x01\x02\x04\xa6\x13\x10\x00L\xd7\
R\x0b\x22@\x80\x00\x01\x02\x04\x08\x10 @\x80\x00\x01\
\x02\x9f\x05\x04\x00\x9fM\xdcB\x80\x00\x01\x02\x04\x08\x10\
 @\x80\x00\x01\x02\x04\xa6\x13\x10\x00L\xd7R\x0b\x22\
@\x80\x00\x01\x02\x04\x08\x10 @\x80\x00\x01\x02\x9f\x05\
\x04\x00\x9fM\xdcB\x80\x00\x01\x02\x04\x08\x10 @\x80\
\x00\x01\x02\x04\xa6\x13\x10\x00L\xd7\xd2\xb5\x17t\xfa\xa7\
\xb7\xd6\x16\xb0z\x02\x04\x08\x10 @\x80\x00\x01\x02\x04\
\x08\xdc\x16\x10\x00\xdcvq\xeb\x80\x02.\xfe\x07l\x9a\
\x92\x09\x10 @\x80\x00\x01\x02\x04\x08\x10\x08\x13\x10\x00\
\x84Q\x9b\x88\x00\x01\x02\x04\x08\x10 @\x80\x00\x01\x02\
\x04\x08\xe4\x09\x08\x00\xf2\xec\xcdL\x80\x00\x01\x02\x04\x08\
\x10 @\x80\x00\x01\x02\x04\xc2\x04\x04\x00a\xd4&\x22\
@\x80\x00\x01\x02\x04\x08\x10 @\x80\x00\x01\x02y\x02\
\x02\x80<{3\x13 @\x80\x00\x01\x02\x04\x08\x10 \
@\x80\x00\x810\x01\x01@\x18\xb5\x89\x08\x10 @\x80\
\x00\x01\x02\x04\x08\x10 @\x80@\x9e\x80\x00 \xcf\xde\
\xcc\x04\x08\x10 @\x80\x00\x01\x02\x04\x08\x10 @ \
L@\x00\x10Fm\x22\x02\x04\x08\x10 @\x80\x00\x01\
\x02\x04\x08\x10 \x90' \x00\xc8\xb373\x01\x02\x04\
\x08\x10 @\x80\x00\x01\x02\x04\x08\x10\x08\x13\x10\x00\x84\
Q\x9b\x88\x00\x01\x02\x04\x08\x10 @\x80\x00\x01\x02\x04\
\x08\xe4\x09\x08\x00\xf2\xec\xcdL\x80\x00\x01\x02\x04\x08\x10\
 @\x80\x00\x01\x02\x04\xc2\x04\x04\x00a\xd4&\x22@\
\x80\x00\x01\x02\x04\x08\x10 @\x80\x00\x01\x02y\x02\x02\
\x80<{3\x13 @\x80\x00\x01\x02\x04\x08\x10 @\
\x80\x00\x810\x01\x01@\x18\xb5\x89\x08\x10 @\x80\x00\
\x01\x02\x04\x08\x10 @\x80@\x9e\x80\x00 \xcf\xde\xcc\
\x04\x08\x10 @\x80\x00\x01\x02\x04\x08\x10 @ L\
@\x00\x10Fm\x22\x02\x04\x08\x10 @\x80\x00\x01\x02\
\x04\x08\x10 \x90' \x00\xc8\xb373\x01\x02\x04\x08\
\x10 @\x80\x00\x01\x02\x04\x08\x10\x08\x13\x10\x00\x84Q\
\x9b\x88\x00\x01\x02\x04\x08\x10 @\x80\x00\x01\x02\x04\x08\
\xe4\x09\x08\x00\xf2\xec\xcdL\x80\x00\x01\x02\x04\x08\x10 \
@\x80\x00\x01\x02\x04\xc2\x04\x04\x00a\xd4&\x22@\x80\
\x00\x01\x02\x04\x08\x10 @\x80\x00\x01\x02y\x02\x02\x80\
<{3\x13 @\x80\x00\x01\x02\x04\x08\x10 @\x80\
\x00\x810\x01\x01@\x18\xb5\x89\x08\x10 @\x80\x00\x01\
\x02\x04\x08\x10 @\x80@\x9e\x80\x00 \xcf\xde\xcc\x04\
\x08\x10 @\x80\x00\x01\x02\x04\x08\x10 @ L@\
\x00\x10Fm\x22\x02\x04\x08\x10 @\x80\x00\x01\x02\x04\
\x08\x10 \x90' \x00\xc8\xb373\x01\x02\x04\x08\x10\
 @\x80\x00\x01\x02\x04\x08\x10\x08\x13\x10\x00\x84Q\x9b\
\x88\x00\x01\x02\x04\x08\x10 @\x80\x00\x01\x02\x04\x08\xe4\
\x09\x08\x00\xf2\xec\xcdL\x80\x00\x01\x02\x04\x08\x10H\x11\
\xf8\xf3\xf3\xc7K\xca\xc4&%@\x80\x00\x81T\x01\x01\
@*\xbf\xc9\x09\x10 @\x80\x00\x01\x02\x04\x08\x10 \
@\x80@\x8c\xc0k\xcc4f!@\x80\x00\x01\x02\x04\
\x08\x10\xa8\x22\xf0\xfd\xd7\xef\xb7*\xb5\xa8\x83\x00\x01\x02\
\x04\xe2\x04\xec\x00\x88\xb36\x13\x01\x02\x04\x08\x10 @\
\x80\x00\x01\x02\x04\x08\x10H\x13\x10\x00\xa4\xd1\x9b\x98\x00\
\x01\x02\x04\x08\x10 @\x80\x00\x01\x02\x04\x08\xc4\x09\x08\
\x00\xe2\xac\xcdD\x80\x00\x01\x02\x04\x08\x10 @\x80\x00\
\x01\x02\x04\xd2\x04\x04\x00i\xf4&&@\x80\x00\x01\x02\
\x04\x08\x10 @\x80\x00\x01\x02q\x02\x02\x808k3\
\x11 @\x80\x00\x01\x02\x04\x08\x10 @\x80\x00\x814\
\x01\x01@\x1a\xbd\x89\x09\x10 @\x80\x00\x01\x02\x04\x08\
\x10 @\x80@\x9c\x80\x00 \xce\xdaL\x04\x08\x10 \
@\x80\x00\x01\x02\x04\x08\x10 @ M@\x00\x90F\
ob\x02\x04\x08\x10 @\x80\x00\x01\x02\x04\x08\x10 \
\x10' \x00\x88\xb36\x13\x01\x02\x04\x08\x10 @\x80\
\x00\x01\x02\x04\x08\x10H\x13\x10\x00\xa4\xd1\x9b\x98\x00\x01\
\x02\x04\x08\x10 @\x80\x00\x01\x02\x04\x08\xc4\x09\x08\x00\
\xe2\xac\xcdD\x80\x00\x01\x02\x04\x08\x10 @\x80\x00\x01\
\x02\x04\xd2\x04\x04\x00i\xf4&&@\x80\x00\x01\x02\x04\
\x08\x10 @\x80\x00\x01\x02q\x02\x02\x808k3\x11\
 @\x80\x00\x01\x02\x04\x08\x10 @\x80\x00\x814\x01\
\x01@\x1a\xbd\x89\x09\x10 @\x80\x00\x01\x02\x04\x08\x10\
 @\x80@\x9c\x80\x00 \xce\xdaL\x04\x08\x10 @\
\x80\x00\x01\x02\x04\x08\x10 @ M@\x00\x90Fo\
b\x02\x04\x08\x10 @\x80\x00\x01\x02\x04\x08\x10 \x10\
' \x00\x88\xb36\x13\x01\x02\x04\x08\x10 @\x80\x00\
\x01\x02\x04\x08\x10H\x13\x10\x00\xa4\xd1\x9b\x98\x00\x01\x02\
\x04\x08\x10 @\x80\x00\x01\x02\x04\x08\xc4\x09\x08\x00\xe2\
\xac\xcdD\x80\x00\x01\x02\x04\x08\x10 @\x80\x00\x01\x02\
\x04\xd2\x04\x04\x00i\xf4&&@\x80\x00\x01\x02\x04\x08\
\x10 @\x80\x00\x01\x02q\x02\x02\x808k3\x11 \
@\x80\x00\x01\x02\x04\x08\x10 @\x80\x00\x814\x01\x01\
@\x1a\xbd\x89\x09\x10 @\x80\x00\x01\x02\x04\x08\x10 \
@\x80@\x9c\x80\x00 \xce\xdaL\x04\x08\x10 @\x80\
\x00\x01\x02\x04\x08\x10 @ M@\x00\x90Fob\
\x02\x04\x08\x10 @\x80\x00\x01\x02\x04\x08\x10 \x10'\
 \x00\x88\xb36\x13\x01\x02\x04\x08\x10 @\x80\x00\x01\
\x02\x04\x08\x10H\x13\x10\x00\xa4\xd1\x9b\x98\x00\x01\x02\x04\
\x08\x10 @\x80\x00\x01\x02\x04\x08\xc4\x09\x08\x00\xe2\xac\
\xcdD\x80\x00\x01\x02\x04\x08\x10 @\x80\x00\x01\x02\x04\
\xd2\x04\x04\x00i\xf4&&@\x80\x00\x01\x02\x04\x08\x10\
 @\x80\x00\x01\x02q\x02\x02\x808k3\x11 @\
\x80\x00\x01\x02\x04\x08\x10 @\x80\x00\x814\x01\x01@\
\x1a\xbd\x89\x09\x10 @\x80\x00\x01\x02\x04\x08\x10 @\
\x80@\x9c\x80\x00 \xce\xdaL\x04\x08\x10 @\x80\x00\
\x01\x02\x04\x08\x10 @ M@\x00\x90Fob\x02\
\x04\x08\x10 @\x80\x00\x01\x02\x04\x08\x10 \x10' \
\x00\x88\xb36\x13\x01\x02\x04\x08\x10 @\x80\x00\x01\x02\
\x04\x08\x10H\x13\x10\x00\xa4\xd1\x9b\x98\x00\x01\x02\x04\x08\
\x10 @\x80\x00\x01\x02\x04\x08\xc4\x09\x08\x00\xe2\xac\xcd\
D\x80\x00\x01\x02\x04\x08\x10 @\x80\x00\x01\x02\x04\xd2\
\x04\x04\x00i\xf4&&@\x80\x00\x01\x02\x04\x08\x10 \
@\x80\x00\x01\x02q\x02\x02\x808k3\x11 @\x80\
\x00\x01\x02\x04\x08\x10 @\x80\x00\x814\x81\xd7\xb4\x99\
ML\x80\xc0\x97\x02\x7f~\xfex\xf9\xf2 \x07\x10H\
\x16\xf8\xfe\xeb\xf7[r\x09\xa6'@\x80\x00\x01\x02\x04\
\x08\x10\xd8 `\x07\xc0\x06$\x87\x10\xc8\x12pa\x95\
%o\xde\xad\x02\xce\xd1\xadR\x8e#@\x80\x00\x01\x02\
\x04\x08\xe4\x0b\x08\x00\xf2{\xa0\x02\x02\x04\x08\x10 @\
\x80\x00\x01\x02\x04\x08\x10 \xd0]@\x00\xd0\x9d\xd8\x04\
\x04\x08\x10 @\x80\x00\x01\x02\x04\x08\x10 @ _\
@\x00\x90\xdf\x03\x15\x10 @\x80\x00\x01\x02\x04\x08\x10\
 @\x80\x00\x81\xee\x02\x02\x80\xee\xc4& @\x80\x00\
\x01\x02\x04\x08\x10 @\x80\x00\x01\x02\xf9\x02\x02\x80\xfc\
\x1e\xa8\x80\x00\x01\x02\x04\x08\x10 @\x80\x00\x01\x02\x04\
\x08t\x17\x10\x00t'6\x01\x01\x02\x04\x08\x10 @\
\x80\x00\x01\x02\x04\x08\x10\xc8\x17\x10\x00\xe4\xf7@\x05\x04\
\x08\x10 @\x80\x00\x01\x02\x04\x08\x10 @\xa0\xbb\x80\
\x00\xa0;\xb1\x09\x08\x10 @\x80\x00\x01\x02\x04\x08\x10\
 @\x80@\xbe\x80\x00 \xbf\x07* @\x80\x00\x01\
\x02\x04\x08\x10 @\x80\x00\x01\x02\xdd\x05\x04\x00\xdd\x89\
M@\x80\x00\x01\x02\x04\x08\x10 @\x80\x00\x01\x02\x04\
\xf2\x05\x04\x00\xf9=P\x01\x01\x02\x04\x08\x10 @\x80\
\x00\x01\x02\x04\x08\x10\xe8. \x00\xe8Nl\x02\x02\x04\
\x08\x10 @\x80\x00\x01\x02\x04\x08\x10 \x90/ \x00\
\xc8\xef\x81\x0a\x08\x10 @\x80\x00\x01\x02\x04\x08\x10 \
@\x80@w\x01\x01@wb\x13\x10 @\x80\x00\x01\
\x02\x04\x08\x10 @\x80\x00\x81|\x01\x01@~\x0fT\
@\x80\x00\x01\x02\x04\x08\x10 @\x80\x00\x01\x02\x04\xba\
\x0b\x08\x00\xba\x13\x9b\x80\x00\x01\x02\x04\x08\x10 @\x80\
\x00\x01\x02\x04\x08\xe4\x0b\x08\x00\xf2{\xa0\x02\x02\x04\x08\
\x10 @\x80\x00\x01\x02\x04\x08\x10 \xd0]@\x00\xd0\
\x9d\xd8\x04\x04\x08\x10 @\x80\x00\x01\x02\x04\x08\x10 \
@ _@\x00\x90\xdf\x03\x15\x10 @\x80\x00\x01\x02\
\x04\x08\x10 @\x80\x00\x81\xee\x02\x02\x80\xee\xc4& \
@\x80\x00\x01\x02\x04\x08\x10 @\x80\x00\x01\x02\xf9\x02\
\x02\x80\xfc\x1e\xa8\x80\x00\x01\x02\x04\x08\x10 @\x80\x00\
\x01\x02\x04\x08t\x17\x10\x00t'6\x01\x01\x02\x04\x08\
\x10 @\x80\x00\x01\x02\x04\x08\x10\xc8\x17\x10\x00\xe4\xf7\
@\x05\x04\x08\x10 @\x80\x00\x01\x02\x04\x08\x10 @\
\xa0\xbb\x80\x00\xa0;\xb1\x09\x08\x10 @\x80\x00\x01\x02\
\x04\x08\x10 @\x80@\xbe\x80\x00 \xbf\x07* @\
\x80\x00\x01\x02\x04\x08\x10 @\x80\x00\x01\x02\xdd\x05\x04\
\x00\xdd\x89M@\x80\x00\x01\x02\x04\x08\x10 @\x80\x00\
\x01\x02\x04\xf2\x05\x04\x00\xf9=P\x01\x01\x02\x04\x08\x10\
 @\x80\x00\x01\x02\x04\x08\x10\xe8. \x00\xe8Nl\
\x02\x02\x04\x08\x10 @\x80\x00\x01\x02\x04\x08\x10 \x90\
/ \x00\xc8\xef\x81\x0a\x08\x10 @\x80\x00\x01\x02\x04\
\x08\x10 @\x80@w\x01\x01@wb\x13\x10 @\
\x80\x00\x01\x02\x04\x08\x10 @\x80\x00\x81|\x01\x01@\
~\x0fT@\x80\x00\x01\x02\x04\x08\x10 @\x80\x00\x01\
\x02\x04\xba\x0b\x08\x00\xba\x13\x9b\x80\x00\x01\x02\x04\x08\x10\
 @\x80\x00\x01\x02\x04\x08\xe4\x0b\x08\x00\xf2{\xa0\x02\
\x02\x04\x08\x10 @\x80\x00\x01\x02\x04\x08\x10 \xd0]\
@\x00\xd0\x9d\xd8\x04\x04\x08\x10 @\x80\x00\x01\x02\x04\
\x08\x10 @ _@\x00\x90\xdf\x03\x15\x10 @\x80\
\x00\x01\x02\x04\x08\x10 @\x80\x00\x81\xee\x02\x02\x80\xee\
\xc4& @\x80\x00\x01\x02\x04\x08\x10 @\x80\x00\x01\
\x02\xf9\x02\x02\x80\xfc\x1e\xa8\x80\x00\x01\x02\x04\x08\x10 \
@\x80\x00\x01\x02\x04\x08t\x17\x10\x00t'6\x01\x01\
\x02\x04\x08\x10 @\x80\x00\x01\x02\x04\x08\x10\xc8\x17\x10\
\x00\xe4\xf7@\x05\x04\x08\x10 @\x80\x00\x01\x02\x04\x08\
\x10 @\xa0\xbb\x80\x00\xa0;\xb1\x09\x08\x10 @\x80\
\x00\x01\x02\x04\x08\x10 @\x80@\xbe\x80\x00 \xbf\x07\
* @\x80\x00\x01\x02\x04\x08\x10 @\x80\x00\x01\x02\
\xdd\x05\x04\x00\xdd\x89M@\x80\x00\x01\x02\x04\x08\x10 \
@\x80\x00\x01\x02\x04\xf2\x05\x04\x00\xf9=P\x01\x01\x02\
\x04\x08\x10 @\x80\x00\x01\x02\x04\x08\x10\xe8. \x00\
\xe8Nl\x02\x02\x04\x08\x10 @\x80\x00\x01\x02\x04\x08\
\x10 \x90/ \x00\xc8\xef\x81\x0a\x08\x10 @\x80\x00\
\x01\x02\x04\x08\x10 @\x80@w\x01\x01@wb\x13\
\x10 @\x80\x00\x01\x02\x04\x08\x10 @\x80\x00\x81|\
\x01\x01@~\x0fT@\x80\x00\x01\x02\x04\x08\x10 @\
\x80\x00\x01\x02\x04\xba\x0b\x08\x00\xba\x13\x9b\x80\x00\x01\x02\
\x04\x08\x10 @\x80\x00\x01\x02\x04\x08\xe4\x0b\x08\x00\xf2\
{\xa0\x02\x02\x04\x08\x10 @\x80\x00\x01\x02\x04\x08\x10\
 \xd0]@\x00\xd0\x9d\xd8\x04\x04\x08\x10 @\x80\x00\
\x01\x02\x04\x08\x10 @ _@\x00\x90\xdf\x03\x15\x10\
 @\x80\x00\x01\x02\x04\x08\x10 @\x80\x00\x81\xee\x02\
\x02\x80\xee\xc4& @\x80\x00\x01\x02\x04\x08\x10 @\
\x80\x00\x01\x02\xf9\x02\x02\x80\xfc\x1e\xa8\x80\x00\x01\x02\x04\
\x08\x10 @\x80\x00\x01\x02\x04\x08t\x17\x10\x00t'\
6\x01\x01\x02\x04\x08\x10 @\x80\x00\x01\x02\x04\x08\x10\
\xc8\x17\x10\x00\xe4\xf7@\x05\x04\x08\x10 @\x80\x00\x01\
\x02\x04\x08\x10 @\xa0\xbb\x80\x00\xa0;\xb1\x09\x08\x10\
 @\x80\x00\x01\x02\x04\x08\x10 @\x80@\xbe\x80\x00\
 \xbf\x07* @\x80\x00\x01\x02\x04\x08\x10 @\x80\
\x00\x01\x02\xdd\x05\x04\x00\xdd\x89M@\x80\x00\x01\x02\x04\
\x08\x10 @\x80\x00\x01\x02\x04\xf2\x05\x04\x00\xf9=P\
\x01\x01\x02\x04\x08\x10 @\x80\x00\x01\x02\x04\x08\x10\xe8\
. \x00\xe8Nl\x02\x02\x04\x08\xcc+\xf0\xe7\xe7\x8f\
\x97yWge\x04\x08\x10 @\x80\x00\x81\xb9\x04^\
\xe7Z\x8e\xd5\x10\x98O\xe0\xfb\xaf\xdfo\xf3\xad\xca\x8a\
\x08\x10 @\x80\x00\x01\x02\x04\x08\x10\x88\x16\xb0\x03 \
Z\xdc|\x04\x08\x10 @\x80\x00\x01\x02\x04\x08\x10 \
@ A@\x00\x90\x80nJ\x02\x04\x08\x10 @\x80\
\x00\x01\x02\x04\x08\x10 \x10- \x00\x88\x167\x1f\x01\
\x02\x04\x08\x10 @\x80\x00\x01\x02\x04\x08\x10H\x10\x10\
\x00$\xa0\x9b\x92\x00\x01\x02\x04\x08\x10 @\x80\x00\x01\
\x02\x04\x08D\x0b\x08\x00\xa2\xc5\xcdG\x80\x00\x01\x02\x04\
\x08\x10 @\x80\x00\x01\x02\x04\x12\x04\x04\x00\x09\xe8\xa6\
$@\x80\x00\x01\x02\x04\x08\x10 @\x80\x00\x01\x02\xd1\
\x02\x02\x80hq\xf3\x11 @\x80\x00\x01\x02\x04\x08\x10\
 @\x80\x00\x81\x04\x01\x01@\x02\xba)\x09\x10 @\
\x80\x00\x01\x02\x04\x08\x10 @\x80@\xb4\x80\x00 Z\
\xdc|\x04\x08\x10 @\x80\x00\x01\x02\x04\x08\x10 @\
 A@\x00\x90\x80nJ\x02\x04\x08\x10 @\x80\x00\
\x01\x02\x04\x08\x10 \x10- \x00\x88\x167\x1f\x01\x02\
\x04\x08\x10 @\x80\x00\x01\x02\x04\x08\x10H\x10\x10\x00\
$\xa0\x9b\x92\x00\x01\x02\x04\x08\x10 @\x80\x00\x01\x02\
\x04\x08D\x0b\x08\x00\xa2\xc5\xcdG\x80\x00\x01\x02\x04\x08\
\x10 @\x80\x00\x01\x02\x04\x12\x04\x04\x00\x09\xe8\xa6$\
@\x80\x00\x01\x02\x04\x08\x10 @\x80\x00\x01\x02\xd1\x02\
\x02\x80hq\xf3\x11 @\x80\x00\x01\x02\x04\x08\x10 \
@\x80\x00\x81\x04\x01\x01@\x02\xba)\x09\x10 @\x80\
\x00\x01\x02\x04\x08\x10 @\x80@\xb4\x80\x00 Z\xdc\
|\x04\x08\x10 @\x80\x00\x01\x02\x04\x08\x10 @ \
A@\x00\x90\x80nJ\x02\x04\x08\x10 @\x80\x00\x01\
\x02\x04\x08\x10 \x10- \x00\x88\x167\x1f\x01\x02\x04\
\x08\x10 @\x80\x00\x01\x02\x04\x08\x10H\x10\x10\x00$\
\xa0\x9b\x92\x00\x01\x02\x04\x08\x10 @\x80\x00\x01\x02\x04\
\x08D\x0b\x08\x00\xa2\xc5\xcdG\x80\x00\x01\x02\x04\x08\x10\
 @\x80\x00\x01\x02\x04\x12\x04\x04\x00\x09\xe8\xa6$@\
\x80\x00\x01\x02\x04\x08\x10 @\x80\x00\x01\x02\xd1\x02\x02\
\x80hq\xf3\x11 @\x80\x00\x01\x02\x04\x08\x10 @\
\x80\x00\x81\x04\x01\x01@\x02\xba)\x09\x10 @\x80\x00\
\x01\x02\x04\x08\x10 @\x80@\xb4\x80\x00 Z\xdc|\
\x04\x08\x10 @\x80\x00\x01\x02\x04\x08\x10 @ A\
@\x00\x90\x80nJ\x02\x04\x08\x10 @\x80\x00\x01\x02\
\x04\x08\x10 \x10- \x00\x88\x167_7\x81??\
\x7f\xbct\x1b\xdc\xc0\x04\x08\x10 0\x9c\x80\xdf\x0b\xc3\
\xb5L\xc1\x04\x08\x10 \xd0Y@\x00\xd0\x19\xd8\xf0\xb1\
\x02^\xec\xc5z\x9b\x8d\x00\x01\x02\xd5\x05\xfc^\xa8\xde\
!\xf5\x11 @\x80@\xa4\x80\x00 R\xdb\x5c\x04\x08\
\x10 @\x80\x00\x01\x02\x04\x08\x10 @ I@\x00\
\x90\x04oZ\x02\x04\x08\x10 @\x80\x00\x01\x02\x04\x08\
\x10 \x10) \x00\x88\xd46\x17\x01\x02\x04\x08\x10 \
@\x80\x00\x01\x02\x04\x08\x10H\x12\x10\x00$\xc1\x9b\x96\
\x00\x01\x02\x04\x08\x10 @\x80\x00\x01\x02\x04\x08D\x0a\
\x08\x00\x22\xb5\xcdE\x80\x00\x01\x02\x04\x08\x10 @\x80\
\x00\x01\x02\x04\x92\x04\x04\x00I\xf0\xa6%@\x80\x00\x01\
\x02\x04\x08\x10 @\x80\x00\x01\x02\x91\x02\x02\x80Hm\
s\x11 @\x80\x00\x01\x02\x04\x08\x10 @\x80\x00\x81\
$\x01\x01@\x12\xbci\x09\x10 @\x80\x00\x01\x02\x04\
\x08\x10 @\x80@\xa4\x80\x00 R\xdb\x5c\x04\x08\x10\
 @\x80@\xb8\xc0\x9f\x9f?^\xc2'5!\x01\x02\
\x04\x08\x10(( \x00(\xd8\x14%\x11 @\x80\x00\
\x01\x02m\x05\x84\x00m=\x8dF\x80\x00\x01\x02c\x0a\
\x08\x00\xc6\xec\x9b\xaa\x09\x10 @\x80\x00\x01\x02\x04\x08\
\x10 @\x80\xc0.\x01\x01\xc0..\x07\x8f pz\
\x97\xc7;=#tJ\x8d\x04\x08\x10 @\x80\x00\x01\
\x02\x04\x08D\x0a\x08\x00\x22\xb5\xcdE\x80\x00\x01\x02\x04\
\x08\x10 @\x80\x00\x01\x02\x04\x92\x04\x04\x00I\xf0\xa6\
%@\x80\x00\x01\x02\x04b\x05\xec\x0e\x8b\xf56\x1b\x01\
\x02\xff\x09\xd8\xa1\xfa\x9f\x85\xafr\x05\x04\x00\xb9\xfef\
'@\x80\x00\x01\x02\x04\x02\x05\x84\x00\x81\xd8\xa6\x22@\
\x80\x00\x81r\x02\x02\x80r-\xe9S\xd0\xf7_\xbf\xdf\
\xfa\x8clT\x02\x04\x08\x10 @\x80\x00\x01\x02\x04\x08\
\x10\x18A\xe0u\x84\x22\xd5H\x80\x00\x01\x02\x04F\x12\
\xf0.\xf3H\xddR+\x01\x02\x04\x08\x10XG\xc0\x0e\
\x80uz\xbd\xdcJ\xfd\xad\xd5r-\xb7`\x02\x04\x08\
l\x12\xf0\xfba\x13\x93\x83\x08\x10 @`B\x01\x01\
\xc0\x84M\xb5$\x02\x04\x08\x10 @\x80\x00\x01\x02\x04\
\x08\x10 p- \x00\xb8\x16\xf1=\x01\x02\x04\x08\x10\
 \xb0\x84\x80\x9d\x00K\xb4\xd9\x22\x09\xa4\x0b\xf8\xb3\xb0\
\xf4\x16(\xe0B@\x00p\x81\xe1K\x02\x04\x08\x10 \
@\x80\x00\x01\x02\x04\x08\xb4\x12p\xf1\xdfJ\xd28\xad\
\x04|\x08`+I\xe3\x94\x158?\xf1\xfa\x97\x10\xca\
\xb6Ha\x04\xa6\x118?\xdfL\xb3\xa0E\x16r\xd9\
7\xbf+\x16i\xbae\x12 @`Q\x01;\x00\x16\
m\xbce\x13 @\x80\x00\x01\x02\x04\x08\x10 @\x80\
\xc0Z\x02v\x00\xac\xd5o\xab%@\x80\x00\x01\x02\x04\
\x1e\x08\x5c\xee\x068\x1dfG\xc0\x03,w\x11 p\
S\xe0\xfay\xe4\xe6An$\x90$`\x07@\x12\xbc\
i\xe3\x05<\x19\xc7\x9b\x9b\x91\xc0*\x02\xa7\xe7\x17\xcf\
1\xabt\xdb:\x09\x10 @\x80\xc0\xb8\x02v\x00\x8c\
\xdb;\x95?!pz\x81\xee\xdd\x9c'\xe0<\x84\x00\
\x01\x02\x8b\x0a<\x1b\xec\xf8]\xb3\xe8\x09c\xd9K\x08\
<\xfb\xbc\xb0\x04\x8eE\x96\x17\xb0\x03\xa0|\x8b\x14\xd8\
Z\xc0\x93vkQ\xe3\x11X[\xc0s\xca\xda\xfd\xbf\
\xb7\xfa\xd3y\xe1\xdc\xb8\xa7\xe3v\x02\xe3\x0a\xf8\xb9\x1e\
\xb7w*\xffG\xc0\x0e\x00g\xc2j\x02/\xff[\xf0\
\xdb\xe9\xc9\xdb\xbb3\xab\xb5\xdez\x09\xb4\x17\xb8x!\
\xf8\xf7\xb9\xa5\xfd\x0cF\x1c]\xe0\xe2\x1c\x19})\xea\
'@\x80\x00\x81\x09\x04\xec\x00\x98\xa0\x89\x96\xb0K\xe0\
\xed|\xb4\x17eg\x09\xff%@\xe0\x19\x81\xab\xe7\x90\
\xf7\xe7\x96g\xc6\xf2\x18\x02\x04\x08\x10 @\x80@\x84\
\x80\x1d\x00\x11\xca\xe6\xa8(\xf0\xbe\x13\xe0T\x9c\xdd\x00\
\x15[\xa4&\x025\x05\xae.\xfc\xbd\xf3_\xb3M\xaa\
\x22@\x80\x00\x01\x02M\x05\xae~\xff7\x1d;r\xb0\
)v\x00\x9c\x9a1KC\x22\x9b\xbf\xf8\x5c\xde\xad[\
\xfc\x04\xb0|\x02\x8d\x04<\x974\x824\x0c\x01\x02\x04\
\x08\x10\xa8*0\xd3\xb5\xe6\xe9\x9d\x8bi\xfe\xe7]\xdc\
\xaf[9\xd3\xc9\xfb\xf5j\x9f;\xc2y\xf4\x9c\x9bG\
\x11\x98U\xc0\xf3\xe6\xac\x9d\xb5.\x02\x04\x08\x10\xf0\xba\
w\xdb90\xd3k\x81)v\x00lk\x9b\xa3N\x02\
~\xc8\x9d\x07\x04\x08\x10 @\x80\x00\x01\x02\x04\x08\x10\
XS\xc0g\x00\xac\xd9w\xab~ p+\xe1\x13\x9c\
<\x00s\x17\x81\x89\x04n\xfd\xfcO\xb4<K!@\
\x80\x00\x01\x02\x04\x16\x17\xb0\x03`\xf1\x13\xc0\xf2\x09\x10\
 @\x80\x00\x01\x02\x04\x08\x10 @`\x0d\x01;\x00\
\xd6\xe8\xb3U\x1e\x14\xd8\xfa\xae\xa0\x9d\x02\x07\xa1=\x9c\
@\x07\x81\xad?\xbf\x1d\xa66$\x01\x02\x04\x08\x10 \
@\xa0\x94\x80\x1d\x00\xa5\xda\xa1\x18\x02\x04\x08\x10 @\
\x80\x00\x01\x02\x04\x08\x10 \xd0G\xc0\x0e\x80>\xaeF\
]T\xc0;\x8d\x8b6\xde\xb2\x09\x10 @\x80\x00\x01\
\x02\x04\x08\x0c `\x07\xc0\x00Mj]\xa2m\xea\xad\
E\x8dG\x80\x00\x01\x02\x04\x08\x10 @`\x1c\x81\xd3\
\xf5\x80k\x82q\xfa\xd5\xb2R\x01@K\xcd\x81\xc6\xf2\
\x03?P\xb3\x94J\x80\x00\x01\x02\x04\x08\x10 @\x80\
\x00\x81\x06\x02\x02\x80\x06\x88\x86 @\x80\x00\x01\x02\x04\
\x08\x10 @\x80\x00\x01\x02\xd5\x05\x04\x00\xd5;\xa4>\
\x02\x04\x08\x10 @\x80\x00\x01\x02\x04\x08\x10 \xd0@\
@\x00\xd0\x00\xd1\x10\x04\x08\x10 @\x80\x00\x01\x02\xff\
\xdf\xde\x9dm\xb7\x8d\xc3\x00\x00M\xe6\xf4\xff\x7f\xb9s\
\xe2\xa9\x5c\x8d\xbci\xe1\x02\x90\xf7\xa9\x8e#\x93\xe0\x85\
\xe3#B\x90K\x80\x00\x01\x02\x04\xa2\x0b(\x00D\xcf\
\x90\xf8\x08\x10 @\x80\x00\x01\x02\x04\x08\x10 @\x80\
@\x01\x81\xef\x02c\x84\x1b\xc2\x17\xdc\x1dK\x89\xff\xba\
\xee\x98\x97\xa3\x09\x10 @\x80\x00\x01\x02\x04\x08d\x14\
\xb0O:\x96\xb5\x11\xf7I:\x00\x8e\xbd\x07\x1cM\x80\
\x00\x01\x02\x04\x08\x10 @\x80\x00\x01\x02\x04R\x0a(\
\x00\xa4L\x9b\xa0\x09\x10 @\x80\x00\x01\x02\x04\x08\x10\
 @\x80\xc01\x01\x05\x80c^\x8e&@\x80\x00\x01\
\x02\x04\x08\x10 @\x80\x00\x01\x02)\x05~\xa5\x8cZ\
\xd0E\x05\x96{\x81F\xbc\xc7\xa5(\x94\xc1\x08\x10 \
@\x80\x00\x01\x02\x04\x08$\x14X\xce\xf7\x13\x86.\xe4\
\xc2\x02:\x00\x0a\x83\x1a\x8e\x00\x01\x02\x04\x08\x10 @\
\x80\x00\x01\x02\x04\x08D\x14P\x00\x88\x98\x151\x11 \
@\x80\x00\x01\x02\x04\x08\x10 @\x80\x00\x81\xc2\x02\x0a\
\x00\x85A\x0dG\x80\x00\x01\x02\x04\x08\x10 @\x80\x00\
\x01\x02\x04\x22\x0a\xf8\x0e\x80\x88Y\xe9\x14\xd3ro\x90\
\xef\x02\xe8\x94\x00\xd3\x12 @\x80\x00\x01\x02\x04\x08\x10\
((\xb0\x9c\xdf\x17\x1c\xd2P\xc9\x05\x86,\x00,\x1b\
Xo\xf8\xe4\xefN\xe1\x13 @\x80\x00\x01\x02\x04\x08\
\x10 @\xa0\xb1\xc0\xb2\x9fl<m\x93\xe9\xdc\x02\xd0\
\x84\xd9$\x04\x08\x10 @\x80\x00\x01\x02\x04\x08\x10 \
@\xa0\xaf\x80\x02@_\xff\x90\xb3\xeb\x9c\x08\x99\x16A\
\x11 @\x80\x00\x01\x02\x04\x08\x10\xd8%\xf0s>\xef\
\x9c~\x17\xd5t\x07)\x00L\x97\xf2}\x0b\xf6\x81\xb1\
\xcf\xc9Q\x04\x08\x10 @\x80\x00\x01\x02\x04\x08\x10\xc8\
\x22\xa0\x00\x90%S\xe2$@\x80\x00\x01\x02\x04\x08\x10\
 @\x80\x00\x01\x02\x17\x04\x86\xfc\x12\xc0\x0b\x1e^\xba\
\x12X\xba\x00F\xfe\x12\x8c\xd5r=$@\x80\x00\x01\
\x02\x04\x08\x10 \x90Z`9\x7fO\xbd\x08\xc1W\x15\
\xd0\x01P\x95\xd7\xe0\x04\x08\x10 @\x80\x00\x01\x02\x04\
\x08\x10 @ \x86\xc0\xd0\x1d\x00\xcb\x95k\x95\xb0\x18\
o6Q\x10 @\x80\x00\x01\x02\x04\x08\x10 @ \
\xaa\xc0\xb2\x7f\x8c\x1a_\x89\xb8\x86.\x00\x94\x002\xc6\
\xd7\xd7R@\x99\xe1\x0fB\xbe\x09\x10 @\x80\x00\x01\
\x02\x04\x08d\x13X\xce\xd7\xb3\xc5-\xde\xf6\x02n\x01\
honF\x02\x04\x08\x10 @\x80\x00\x01\x02\x04\x08\
\x10 \xd0\x5c@\x01\xa09y\xde\x09U\x16\xf3\xe6N\
\xe4\x04\x08\x10 @\x80\x00\x01\x02\xe3\x09\xfc\x9c\x9f;\
G\x1f/\xaf5W\xa4\x00PSw\xc0\xb17\x1f0\
\xdf\x03.\xd1\x92\x08\x10 @\x80\x00\x01\x02\x04\x08D\
\x16p\x0e\x1e9;\xc1cS\x00\x08\x9e\xa0\x88\xe1\xad\
\x8a\x00\xbf#\xc6'&\x02\x04\x08\x10 @\x80\x00\x01\
\x02\x03\x0b\xdc\xce\xc1W\xe7\xe4\x03/\xd5\xd2J\x0bL\
U=\xf2GR\xf6\xed\xb3\xfaR\xc0\x9f\xf7\x91b@\
Y^\xa3\x11 @\x80\x00\x01\x02\x04\x08\x10X\x0b\xdc\
\xcf\xb9\xedk\xd6,\xd7\x1f\xaf\xf65\xd7\x07\x0b>\x82\
\x0e\x80\xe0\x09\x8a\x1c\xde\xea\x83\xc7\xe6?r\xa2\xc4F\
\x80\x00\x01\x02\x04\x08\x10 0\x82\x80+\xff#d\xb1\
\xf3\x1a\x14\x00:' \xfb\xf4\xab\x22@\xf6\xa5\x88\x9f\
\x00\x01\x02\x04\x08\x10 @\x80@h\x01\xe7\xde\xa1\xd3\
\x93\x228\x05\x80\x14i\x8a\x1d\xa4\x0f\xa2\xd8\xf9\x11\x1d\
\x01\x02\x04\x08\x10 @\x80@n\x81\x9f\xf3m\xe7\xdc\
\xb9s\x18%z\x05\x80(\x99H\x1e\x87\x0f\xa4\xe4\x09\
\x14>\x01\x02\x04\x08\x10 @\x80\x00\x01\x02\xc3\x0b\xfc\
\x1a~\x85\x16\xd8L`)\x02\xcc\xf4%\x1a\xcdpM\
D\x80\x00\x01\x02\x04\x08\x10 0\x9d\xc0r~=\xdd\
\xc2-\xb8\x9a\xc0T\x05\x80ec\xea\x0f\xa9\xda\xfb\xc9\
\xc0\x04\x08\x10 @\x80\x00\x01\x02\x04\x08\x10H!\xb0\
\xec\x0fS\x04[(\xc8\xa9\x0a\x00\x85\xcc\x0c\xf3A`\
)\xb0\xcc\xf8\x07\xf5\x81\xc6\xaf\x09\x10 @\x80\x00\x01\
\x02\x04\x08\xbc\x15X\xce\xa5\xdf\x1e\xe4\x97\x04N\x0a\xf8\
\x0e\x80\x93p^\xf6Y\xc0\x87\xd7g#G\x10 @\
\x80\x00\x01\x02\x04\x08\x10 @\xa0\x95\x80\x0e\x80V\xd2\
\x93\xce\xb3.\x02\xe8\x08\x98\xf4M`\xd9\x04\x08\x10 \
@\x80\x00\x01\x02o\x05\xd6\xe7\xcco\x0f\xf4K\x02\x17\
\x05\xa6\xec\x00\xb0\x11\xbd\xf8\xae\xf1r\x02\x04\x08\x10 \
@\x80\x00\x01\x02\x04\x08$\x15\xf8\xd9\x0f\xce\xba'\xfc\
N\x9a\xb3\x22a\xab\xb4\x15a<5\xc8\xac\x7fp\xa7\
\xb0\xbc\x88\x00\x01\x02\x04\x08\x10 @`8\x01{\x91\
~)\x9dy/2e\x07@\xbf\xb7\x9a\x99\x09\x10 \
@\x80\x00\x01\x02\x04\x08\x10 @\x80@\x1f\x01\xdf\x01\
\xd0\xc7}\xfaY\xb7\x15\xcf\x99\xabp\xd3\xbf\x19\x00\x10\
 @\x80\x00\x01\x02\x04&\x10\xd8\x9e\xffN\xb0dK\
\x0c(\xa0\x03 `R\x84D\x80\x00\x01\x02\x04\x08\x10\
 @\x80\x00\x01\x02\x04J\x0bL\xfd\x1d\x00\x0b\xa6j\
\xdc\x22\x11\xe7_\x1d\x01qr!\x12\x02\x04\x08\x10 \
@\x80\x00\x81c\x02\xf6\x17\xc7\xbcZ\x1dm\x8f\xf1\xf5\
\xa5\x03\xa0\xd5\xbb\xcd<\x87\x04|h\x1e\xe2r0\x01\
\x02\x04\x08\x10 @\x80\x00\x01\x02\x04>\x0a\xf8\x0e\x80\
\x8fD\x0e\xe8%\xf0\xaa\x08\xa0r\xd7+#\xe6%@\
\x80\x00\x01\x02\x04\x08\x10X\x0b\xbc:_]\x1f\xe31\
\x81H\x02:\x00\x22eC,\x04\x08\x10 @\x80\x00\
\x01\x02\x04\x08\x10 @\xa0\x92\x80\xef\x00X\xc1\xaa\xe0\
\xad0\x06z\xa8c`\xa0dZ\x0a\x01\x02\x04\x08\x10\
 @\xa0\xa2\x80\xfd@E\xdc\x8eC\xdb\x0f\xfc\xc5\xd7\
\x01\xf0\xd7\xc2\xa3A\x05|\x90\x0f\x9aX\xcb\x22@\x80\
\x00\x01\x02\x04\x08\x14\x14p\xceX\x10\xd3Pa\x05|\
\x07@\xd8\xd4\x08\xac\xa4\x80\x0f\xf4\x92\x9a\xc6\x22@\x80\
\x00\x01\x02\x04\x08\x10 @ \xa3\x80\x0e\x80\x8cY\x13\
3\x01\x02\x04\x08\x10 @\x80\x00\x01\x02\x04\x08\x108\
(\xe0;\x00\x9e\x80\xb9Z\xfc\x04\xc5S\x04\x08\x10 \
@\x80\x00\x01\x02\x04\x08\x10H$\xe0\xde\xff\xc7d\xe9\
\x00x4\xf1\x0c\x01\x02\x04\x08\x10 @\x80\x00\x01\x02\
\x04\x08\x10\x18N@\x01`\xb8\x94Z\x10\x01\x02\x04\x08\
\x10 @\x80\x00\x01\x02\x04\x08\x10x\x14p\x0b\xc0\xa3\
\xc9\xed\x19\xb7\x01\xbc\x80\xf14\x01\x02\x04\x08\x10 @\
\x80\x00\x01\x02\x04\x82\x0bh\xff\x7f\x9e \x05\x80\xe7.\
\xb7g\x15\x01\xde\xe0\xf8\x15\x01\x02\x04\x08\x10 @\x80\
\x00\x01\x02\x04\x02\x0a\xd8\xfc\xbfN\x8a[\x00^\xdb\xf8\
\x0d\x01\x02\x04\x08\x10 @\x80\x00\x01\x02\x04\x08\x10\x18\
F@\x01`\x98TZ\x08\x01\x02\x04\x08\x10 @\x80\
\x00\x01\x02\x04\x08\x10x-\xe0\x16\x80\xd76\xf7\xdf\xb8\
\x15\xe0N\xe1\x01\x01\x02\x04\x08\x10 @\x80\x00\x01\x02\
\x04B\x0ah\xfd\xff\x9c\x16\x1d\x00\x9f\x8d\x1cA\x80\x00\
\x01\x02\x04\x08\x10 @\x80\x00\x01\x02\x04\xd2\x0b(\x00\
\xa4O\xa1\x05\x10 @\x80\x00\x01\x02\x04\x08\x10 @\
\x80\x00\x81\xcf\x02n\x01\xf8lt?\xc2\xad\x00w\x0a\
\x0f\x08\x10 @\x80\x00\x01\x02\x04\x08\x10 \x10B@\
\xeb\xff\xfe4\xe8\x00\xd8o\xe5H\x02\x04\x08\x10 @\
\x80\x00\x01\x02\x04\x08\x10 \x90V@\x01 m\xea\x04\
N\x80\x00\x01\x02\x04\x08\x10 @\x80\x00\x01\x02\x04\xf6\
\x0b\xb8\x05`\xbf\xd5\xfdH\xb7\x02\xdc)< @\x80\
\x00\x01\x02\x04\x08\x10 @\x80@\x17\x01\xad\xff\xc7\xd9\
u\x00\x1c7\xf3\x0a\x02\x04\x08\x10 @\x80\x00\x01\x02\
\x04\x08\x10 \x90N@\x01 ]\xca\x04L\x80\x00\x01\
\x02\x04\x08\x10 @\x80\x00\x01\x02\x04\x8e\x0b\xb8\x05\xe0\
\xb8\xd9\xfd\x15n\x05\xb8Sx@\x80\x00\x01\x02\x04\x08\
\x10 @\x80\x00\x81&\x02Z\xff\xcf3\xeb\x008o\
\xe7\x95\x04\x08\x10 @\x80\x00\x01\x02\x04\x08\x10 @\
 \x8d\x80\x0e\x80\x8b\xa9\xd2\x05p\x11\xd0\xcb\x09\x10 \
@\x80\x00\x01\x02\x04\x08\x10 \xb0S\xc0\xd5\xff\x9dP\
/\x0eS\x00x\x01s\xe4iE\x80#Z\x8e%@\
\x80\x00\x01\x02\x04\x08\x10 @\x80\xc0q\x01\x9b\xff\xe3\
f\xdbW\xb8\x05`+\xe2g\x02\x04\x08\x10 @\x80\
\x00\x01\x02\x04\x08\x10 0\xa0\x80\x0e\x80BI\xd5\x05\
P\x08\xd20\x04\x08\x10 @\x80\x00\x01\x02\x04\x08\x10\
\xd8\x08\xb8\xfa\xbf\x019\xf9\xa3\x02\xc0I\xb8g/S\
\x04x\xa6\xe29\x02\x04\x08\x10 @\x80\x00\x01\x02\x04\
\x08\x9c\x17\xb0\xf9?o\xb7}\xa5\x02\xc0V\xe4\xe2\xcf\
\x8a\x00\x17\x01\xbd\x9c\x00\x01\x02\x04\x08\x10 @\x80\x00\
\x01\x02\x7f\x04l\xfe\xcb\xbe\x15|\x07@Y\xcf/o\
\xd0\xc2\xa0\x86#@\x80\x00\x01\x02\x04\x08\x10 @`\
J\x81\xd5\xde\xca\x85\xebB\xef\x00\x05\x80B\x90\x86!\
@\x80\x00\x01\x02\x04\x08\x10 @\x80\x00\x81*\x02\xbf\
\xab\x8c:\xe1\xa0*)\x15\x93\xeev\x80\x8a\xb8\x86&\
@\x80\x00\x01\x02\x04\x08\x10 @`H\x81\xd5\x95\xff\
!\xd7\xd7sQ:\x00z\xea\x9b\x9b\x00\x01\x02\x04\x08\
\x10 @\x80\x00\x01\x02\x04\x084\x12\xd0\x01\xd0\x00Z\
'@\x03dS\x10 @\x80\x00\x01\x02\x04\x08\x10 \
\x90Z\xc0\x95\xff\xfa\xe9\xd3\x01P\xdf\xd8\x0c\x04\x08\x10\
 @\x80\x00\x01\x02\x04\x08\x10 @\xa0\xbb\x80\x0e\x80\
F)\xd0\x05\xd0\x08\xda4\x04\x08\x10 @\x80\x00\x01\
\x02\x04\x08\xa4\x13p\xf5\xbfM\xca\x14\x00\xda8\xdff\
Q\x04h\x88m*\x02\x04\x08\x10 @\x80\x00\x01\x02\
\x04R\x08\xd8\xfc\xb7K\x93\x02@;\xeb\xdbL\x8a\x00\
\x8d\xc1MG\x80\x00\x01\x02\x04\x08\x10 @\x80@X\
\x01\x9b\xff\xb6\xa9Q\x00h\xeb}\x9bM\x11\xa0\x03\xba\
)\x09\x10 @\x80\x00\x01\x02\x04\x08\x10\x08%`\xf3\
\xdf>\x1d\x0a\x00\xed\xcdo3*\x02t\x827-\x01\
\x02\x04\x08\x10 @\x80\x00\x01\x02\xdd\x05l\xfe\xfb\xa4\
@\x01\xa0\x8f\xfbmVE\x80\x8e\xf8\xa6&@\x80\x00\
\x01\x02\x04\x08\x10 @\xa0\x8b\x80\xcd\x7f\x17\xf6\xdb\xa4\
\x0a\x00\xfd\xeco3+\x02tN\x80\xe9\x09\x10 @\
\x80\x00\x01\x02\x04\x08\x10h&`\xf3\xdf\x8c\xfa\xe9D\
\x0a\x00OY\xda>\xa9\x08\xd0\xd6\xdbl\x04\x08\x10 \
@\x80\x00\x01\x02\x04\x08\xb4\x17\xb0\xf9oo\xbe\x9dQ\
\x01`+\xd2\xf1g\x85\x80\x8e\xf8\xa6&@\x80\x00\x01\
\x02\x04\x08\x10 @\xa0\x8a\x80\x8d\x7f\x15\xd6S\x83\xfe\
s\xeaU^D\x80\x00\x01\x02\x04\x08\x10 @\x80\x00\
\x01\x02\x04\x08\xa4\x12\xd0\x01\x100]:\x01\x02&E\
H\x04\x08\x10 @\x80\x00\x01\x02\x04\x08\x1c\x12p\xe5\
\xff\x10W\x93\x83u\x004a6\x09\x01\x02\x04\x08\x10\
 @\x80\x00\x01\x02\x04\x08\x10\xe8+\xa0\x03\xa0\xaf\xff\
\xdb\xd9u\x02\xbc\xe5\xf1K\x02\x04\x08\x10 @\x80\x00\
\x01\x02\x04\x02\x0a\xb8\xf2\x1f0)\x7fB\xd2\x01\x107\
7\x22#@\x80\x00\x01\x02\x04\x08\x10 @\x80\x00\x01\
\x02\xc5\x04t\x00\x14\xa3\xac7\x90N\x80z\xb6F&\
@\x80\x00\x01\x02\x04\x08\x10 @\xa0\x8c\x80+\xffe\
\x1ck\x8e\xa2\x00PS\xb7\xe0\xd8\x8a\x00\x051\x0dE\
\x80\x00\x01\x02\x04\x08\x10 @\x80@Q\x01\x9b\xff\xa2\
\x9c\xd5\x06S\x00\xa8F[l\xe0\x9f\x1c\xfd^FS\
\x08X$\xfcK\x80\x00\x01\x02\x04\x08\x10 @\x80@\
o\x81\xcd\xc6\xff\x7f{\x97\xde\xb1\x99\xffQ\xc0w\x00\
<\x9aD{\xe6\xbe\xf9\x8f\x16\x98x\x08\x10 @\x80\
\x00\x01\x02\x04\x08\x10 \xb0\x12\xb0wYaD|\xa8\
\x03 bVv\xc6\xa4\x1b`'\x94\xc3\x08\x10 @\
\x80\x00\x01\x02\x04\x08\x10(&\xb0\xb9\xea_l\x5c\x03\
\xd5\x17\xd0\x01P\xdf\xd8\x0c\x04\x08\x10 @\x80\x00\x01\
\x02\x04\x08\x10 @\xa0\xbb\x80\x0e\x80\xee)\xb8\x1e\x80\
N\x80\xeb\x86F @\x80\x00\x01\x02\x04\x08\x10 @\
\xe0\xbd\x80+\xff\xef}2\xfcV\x01 C\x96v\xc4\
\xa8\x08\xb0\x03\xc9!\x04\x08\x10 @\x80\x00\x01\x02\x04\
\x08\x9c\x12\xb0\xf9?\xc5\x16\xeeE\x0a\x00\xe1Rr-\
 \x85\x80k~^M\x80\x00\x01\x02\x04\x08\x10 @\
\x80\xc0\x7f\x026\xfd\xe3\xbd\x13|\x07\xc0`9\xf5G\
:XB-\x87\x00\x01\x02\x04\x08\x10 @\x80\x00\x01\
\x02\x85\x04t\x00\x14\x82\x8c:\x8c\x8e\x80\xa8\x99\x11\x17\
\x01\x02\x04\x08\x10 @\x80\x00\x81x\x02.(\xc6\xcb\
I\xc9\x88t\x00\x94\xd44\x16\x01\x02\x04\x08\x10 @\
\x80\x00\x01\x02\x04\x08\x10\x08*\xa0\x03 hbj\x84\
\xa5\x1b\xa0\x86\xaa1\x09\x10 @\x80\x00\x01\x02\x04\x08\
\xe4\x16p\xd5?w\xfe\x8eD\xaf\x03\xe0\x88\x96c\x09\
\x10 @\x80\x00\x01\x02\x04\x08\x10 @\x80@R\x01\
\x1d\x00I\x13W\x22l\x1d\x01%\x14\x8dA\x80\x00\x01\
\x02\x04\x08\x10 @ \x97\x80+\xfe\xb9\xf2U2Z\
\x1d\x00%5\x8dE\x80\x00\x01\x02\x04\x08\x10 @\x80\
\x00\x01\x02\x04\x82\x0a\xe8\x00\x08\x9a\x98\x1ea\xe9\x08\xe8\
\xa1nN\x02\x04\x08\x10 @\x80\x00\x01\x02u\x05\x5c\
\xf1\xaf\xeb\x9bit\x1d\x00\x99\xb2%V\x02\x04\x08\x10\
 @\x80\x00\x01\x02\x04\x08\x10 pR@\x07\xc0I\
\xb8\x19^\xa6#`\x86,[#\x01\x02\x04\x08\x10 \
@\x80\xc0h\x02\xae\xf8\x8f\x96\xd1r\xeb\xd1\x01P\xce\
\xd2H\x04\x08\x10 @\x80\x00\x01\x02\x04\x08\x10 @\
 \xac\x80\x0e\x80\xb0\xa9\x89\x17\x98\x8e\x80x9\x11\x11\
\x01\x02\x04\x08\x10 @\x80\xc0\xdc\x02\xae\xf6\xcf\x9d\xff\
\xa3\xab\xd7\x01pTl\xe2\xe3}\xb8L\x9c|K'\
@\x80\x00\x01\x02\x04\x08\x10 @ \xbd\x80\x0e\x80\xf4\
)\xec\xbf\x00\x9d\x01\xfds \x02\x02\x04\x08\x10 @\
\x80\x00\x81\xf1\x05\x5c\x90\x1b?\xc7\xb5W\xa8\x03\xa0\xb6\
\xb0\xf1\x09\x10 @\x80\x00\x01\x02\x04\x08\x10 @\x80\
@\x00\x01\x1d\x00\x01\x920j\x08:\x03F\xcd\xacu\
\x11 @\x80\x00\x01\x02\x04\x08\xd4\x14p\xa5\xbf\xa6\xee\
\xdcc\xeb\x00\x98;\xffVO\x80\x00\x01\x02\x04\x08\x10\
 @\x80\x00\x01\x02\x93\x08\xe8\x00\x98$\xd1\xd1\x96\xa9\
; ZF\xc4C\x80\x00\x01\x02\x04\x08\x10 \xd0R\
\xc0U\xfe\x96\xda\xe6Z\x04t\x00,\x12\xfe%@\x80\
\x00\x01\x02\x04\x08\x10 @\x80\x00\x01\x02\x03\x0b\xe8\x00\
\x188\xb9\xd9\x97\xa6K {\x06\xc5O\x80\x00\x01\x02\
\x04\x08\x10\x98O\xc0\x95\xfd\xf9r\x9ei\xc5\xff\x02\xef\
\xd8\x14\x19\xc2\xa9\xbdP\x00\x00\x00\x00IEND\xae\
B`\x82info\x00\x00\x01>bplis\
t00\xd4\x01\x02\x03\x04\x05\x06\x07\x0aX$ve\
rsionY$archiverT\
$topX$objects\x12\x00\x01\
\x86\xa0_\x10\x0fNSKeyedArch\
iver\xd1\x08\x09Troot\x80\x01\xa7\x0b\
\x0c\x17\x18\x19\x1a\x1eU$null\xd3\x0d\x0e\x0f\
\x10\x13\x16WNS.keysZNS.o\
bjectsV$class\xa2\x11\x12\
\x80\x02\x80\x03\xa2\x14\x15\x80\x04\x80\x05\x80\x06Tna\
me_\x10\x16assetcatalo\
g-referenceTicon\
\xd3\x0d\x0e\x0f\x1b\x1c\x16\xa0\xa0\x80\x06\xd2\x1f !\x22\
Z$classnameX$cla\
sses\x5cNSDictionar\
y\xa2!#XNSObject\x08\x11\x1a\
$)27ILQS[ahp{\x82\x85\x87\
\x89\x8c\x8e\x90\x92\x97\xb0\xb5\xbc\xbd\xbe\xc0\xc5\xd0\xd9\xe6\
\xe9\x00\x00\x00\x00\x00\x00\x01\x01\x00\x00\x00\x00\x00\x00\x00\
$\x00\x00\x00\x00\x00\x00\x00\x00\x00\x00\x00\x00\x00\x00\x00\
\xf2\
"

qt_resource_name = b"\
\x00\x05\
\x00o\xa6S\
\x00i\
\x00c\x00o\x00n\x00s\
\x00\x04\
\x00\x06\xc4\xee\
\x00i\
\x001\x008\x00n\
\x00\x02\
\x00\x00\x06\xd2\
\x00f\
\x00r\
\x00\x0c\
\x0b\x1a)\x13\
\x00a\
\x00p\x00p\x00i\x00c\x00o\x00n\x00.\x00i\x00c\x00n\x00s\
"

qt_resource_struct = b"\
\x00\x00\x00\x00\x00\x02\x00\x00\x00\x02\x00\x00\x00\x01\
\x00\x00\x00\x00\x00\x00\x00\x00\
\x00\x00\x00\x10\x00\x02\x00\x00\x00\x01\x00\x00\x00\x04\
\x00\x00\x00\x00\x00\x00\x00\x00\
\x00\x00\x00\x00\x00\x02\x00\x00\x00\x01\x00\x00\x00\x03\
\x00\x00\x00\x00\x00\x00\x00\x00\
\x00\x00\x00(\x00\x00\x00\x00\x00\x01\x00\x00\x0d\xee\
\x00\x00\x01r\x22\x83\x138\
\x00\x00\x00\x1e\x00\x01\x00\x00\x00\x01\x00\x00\x00\x00\
\x00\x00\x01r\x183:p\
"

def qInitResources():
    QtCore.qRegisterResourceData(0x03, qt_resource_struct, qt_resource_name, qt_resource_data)

def qCleanupResources():
    QtCore.qUnregisterResourceData(0x03, qt_resource_struct, qt_resource_name, qt_resource_data)

qInitResources()
